id,label
20809,0
69984,3
7636,0
73027,0
31282,0
62521,0
547,3
65975,3
54370,0
37739,0
12868,0
98233,0
95478,0
41144,2
74971,0
26941,3
1524,0
23633,0
36267,0
98334,2
21510,0
70312,3
45016,3
32790,0
53073,0
98914,0
4734,0
87207,2
9088,0
82654,0
88843,0
71200,0
65743,2
70397,0
87073,0
40787,3
37919,0
34788,0
90898,0
33458,0
81724,0
92425,0
79129,2
22395,0
89870,0
13266,2
34153,0
66668,2
40188,0
31814,2
22664,2
6913,0
55715,0
23652,2
63131,0
6021,2
35366,3
32609,0
33342,0
50201,0
33072,3
52050,0
718,0
30406,3
8140,0
16380,0
61107,3
87426,2
20971,0
43775,0
99354,3
22656,0
49701,2
92130,0
78168,0
20967,0
19416,3
18260,0
13274,0
67143,2
77991,3
42147,0
97895,0
82619,0
94345,3
28275,0
82103,0
72245,0
24276,0
12846,0
96561,0
73448,1
39792,0
94381,0
82708,0
57937,0
14924,0
99223,0
31707,3
8518,0
84297,3
73403,0
1447,0
26481,2
49551,3
96024,2
47199,3
23879,0
94719,0
25108,0
85669,3
49572,0
11085,3
2156,0
54059,0
2317,3
36778,0
70947,2
23005,0
72081,0
87262,3
62387,3
85868,0
48846,2
72938,0
54942,0
49908,0
9446,3
5895,3
15838,3
40637,1
94701,3
37671,0
7805,0
22741,0
77050,0
76391,2
81499,0
85096,0
91537,0
34524,0
51073,0
59324,0
38776,0
46401,0
99691,1
37944,2
16777,0
49033,0
23572,1
44822,0
19065,3
18073,0
39474,0
20266,0
3694,0
61036,0
54212,1
7708,0
35489,3
1183,0
82431,3
53869,2
61849,0
82158,0
66411,3
51452,1
51101,0
41940,3
37797,1
38113,2
70708,2
79625,0
40366,3
66666,0
53357,3
88914,0
82386,3
47513,0
75224,0
13188,3
24308,0
44082,0
92409,0
69212,0
84433,0
52466,2
82359,3
60666,0
93388,0
65336,3
79818,0
413,0
35543,3
79103,0
23423,0
38600,0
23258,0
82652,2
87204,2
53655,2
53532,0
98476,0
8318,0
43406,0
40502,3
84666,3
64658,3
75739,0
89327,0
98095,3
17867,1
7933,0
92690,3
8431,3
38148,2
84307,3
40115,0
38713,2
12285,0
2515,2
88294,3
19374,0
73504,0
14203,0
60821,2
44351,3
34109,0
7024,0
89881,0
62064,0
11824,0
21915,0
49074,2
57785,0
64312,0
20234,0
46825,3
21631,0
27775,0
78261,0
33980,3
14291,3
71877,3
30336,0
12735,0
19745,0
60193,3
18610,0
8298,0
53229,0
58801,0
61265,3
38368,0
11220,0
83829,0
3750,0
22975,0
3408,0
38335,3
73725,3
25253,0
30897,0
15735,3
94937,2
96818,0
90292,0
157,0
2344,0
95289,1
25127,0
77262,3
69955,0
23083,2
3602,0
50562,0
83956,0
61962,0
95682,0
21597,0
76124,0
8193,0
49392,0
91674,0
9601,3
46117,2
717,0
86353,0
60341,0
97434,3
789,3
62044,1
30163,2
96997,0
74750,0
38527,0
45124,2
64161,0
36062,0
98818,1
37412,0
48757,0
13691,0
3821,0
19060,0
99028,0
24405,0
91863,0
32808,0
66337,0
17051,1
15740,0
90240,0
50370,0
25825,3
38743,1
92950,3
87944,0
15938,3
91305,0
36727,0
21913,0
52541,1
61255,0
35863,0
78319,0
35669,3
37660,1
46372,0
66103,1
62144,0
85219,0
90804,3
60138,0
7839,0
43664,0
91997,3
6825,2
52477,0
69491,0
3538,0
47411,0
62829,3
66232,0
34234,0
85754,0
52692,0
92980,0
37460,3
13568,3
11121,0
96849,0
81417,3
51877,3
43393,0
12805,1
73938,0
31971,0
41070,3
47146,0
92112,0
66291,0
57097,3
34654,0
95540,0
88160,0
80778,2
78125,0
49600,0
20594,0
50347,2
53823,0
33813,0
15255,3
59887,2
94828,0
8534,0
61688,0
63850,0
9770,3
3819,0
34957,0
17797,0
21545,1
48585,3
41854,0
117,3
23932,0
41475,3
54601,0
5137,0
17061,0
30104,0
17414,3
81839,0
94360,3
86343,0
47951,0
29027,0
1767,0
99945,0
6816,0
19144,0
61873,0
97064,0
47320,2
8365,0
85653,3
44970,0
23222,0
74004,0
67192,0
63962,2
44337,0
98182,0
10959,0
98188,0
53822,3
25523,0
65416,0
97046,2
12545,0
32157,0
63288,0
8045,0
97223,0
53627,0
13261,0
45641,0
71416,0
93055,0
49194,0
59613,0
12047,0
15434,0
52919,2
10910,0
62358,0
19713,0
34935,0
89498,0
95061,2
86321,2
64647,3
5286,0
35851,0
64186,2
8425,2
75657,0
10048,3
93469,0
81349,0
82413,0
17277,0
20186,0
99099,0
86411,2
79096,0
33062,3
34536,0
60218,0
5181,2
63142,0
6189,0
57773,2
83342,0
76223,0
34184,0
81506,0
25546,3
96432,0
41568,2
42039,2
12792,0
87932,3
49709,0
42505,0
78059,0
28491,0
72671,0
52987,2
3807,3
70560,3
14570,0
43556,0
3850,0
69519,0
30818,0
59266,0
92200,3
42788,0
74264,0
17130,3
63069,0
49596,0
24518,0
32271,3
83097,0
14978,0
35546,2
54604,2
59718,3
85350,0
34286,0
72393,1
2550,0
51294,3
69480,1
46130,0
69706,0
66171,0
93632,0
58727,0
29040,0
40580,0
86449,3
73549,3
43790,3
66925,2
22170,0
86131,0
64066,0
69565,3
74630,1
8891,0
73508,0
90360,3
13729,0
18179,0
95607,0
7469,0
85636,0
81359,0
90830,0
3865,0
7712,0
57380,0
40178,0
77702,0
84452,0
79996,0
20986,0
56848,0
21362,0
69765,0
51272,0
74804,0
98312,0
13854,3
96553,0
93194,0
39897,0
65824,0
9050,3
25905,0
17758,0
70434,0
48582,0
36113,0
24953,0
77013,0
6686,0
79269,3
73719,0
70800,2
76033,1
85398,3
3004,3
27330,0
39426,3
11469,0
62183,0
83282,0
41369,3
10168,0
78120,0
10840,2
39014,0
48433,0
10989,0
77473,0
13130,0
50657,2
29294,0
22571,0
8037,0
78070,1
92189,3
46996,2
63560,2
87290,0
44506,3
53780,0
38763,0
36753,0
79859,0
91286,0
15096,0
77279,3
77810,0
23543,2
31154,0
10069,0
72003,2
17579,0
56976,0
67392,2
10916,2
65485,2
8149,0
81479,0
60590,0
53064,0
22264,0
98741,0
94355,0
82249,0
44944,0
32259,0
79725,0
78026,0
69325,0
19159,3
1008,0
57450,0
61734,0
27923,0
25457,1
96289,3
21128,0
84295,2
97452,2
70268,0
78826,0
64523,0
69405,2
26594,0
79439,3
73778,3
62917,0
13315,0
23348,0
82146,2
83788,3
78818,0
34737,3
38195,2
72443,0
91953,2
62266,0
65907,0
68144,2
34983,0
56778,3
19294,0
81911,0
36623,0
67886,0
89093,2
47810,0
21301,3
70250,3
70452,0
11109,0
7312,0
80784,0
72812,0
92897,0
39719,3
60681,0
99044,0
63722,0
54519,2
493,0
92918,0
21187,2
61845,0
42386,3
75259,0
90732,0
82851,0
25315,2
85269,3
3350,2
79232,3
64201,2
13880,0
34965,3
83305,0
82389,2
71686,0
74135,0
73009,0
22889,0
10790,3
64388,0
79373,3
41385,0
33010,0
64035,0
51342,3
32117,0
85689,0
43336,0
64056,0
90976,0
32582,0
99074,0
91284,3
53631,2
13501,0
6282,3
8517,0
20497,1
74877,0
82583,0
15464,0
49749,3
8309,2
21317,0
89432,0
84792,2
48927,0
69925,0
2197,0
39912,0
20403,0
12001,0
70702,0
34954,0
96794,0
84717,0
95188,0
5883,2
61751,0
97018,3
88355,3
25868,2
52183,0
46098,2
75143,0
81436,3
57442,0
88577,0
52078,0
27666,2
30557,2
77422,0
36372,3
22125,0
9209,0
18885,3
2964,2
62257,0
23802,0
28333,0
84577,0
27061,0
51733,0
41047,3
48719,0
74552,0
97562,0
59754,0
23259,0
87744,2
86589,0
49169,3
26640,0
93938,0
96954,0
72439,0
64652,3
29063,0
28320,0
90359,0
58838,3
35216,0
18407,2
69046,0
48910,0
42149,0
21445,0
21786,0
27499,0
70120,2
63178,2
37256,0
29954,3
36093,2
85915,0
61292,2
88685,3
26242,0
69047,0
33144,3
8263,0
10337,2
52705,0
30040,0
1329,0
49803,0
3094,0
50476,2
12283,0
85359,0
96163,0
98226,0
31475,0
23443,2
17184,0
58763,0
31006,0
24030,3
38338,3
41177,2
5631,0
41891,0
23832,0
57606,0
41444,2
34971,0
13184,0
3647,2
42435,3
92633,0
47469,0
76762,0
67925,0
1966,0
31925,0
46404,0
85320,2
28769,0
72481,0
30894,0
57361,0
53238,0
23972,0
14369,0
76432,1
13442,0
72479,3
16165,0
30829,0
13026,0
49949,0
67685,2
14412,2
39593,0
84973,0
99579,0
28176,0
23190,0
25429,0
21386,2
72396,2
65690,0
3882,3
35524,0
75223,3
50694,0
98886,2
46110,3
51095,3
71786,0
78374,1
97187,0
30473,2
53220,0
86232,2
66952,0
7007,0
39106,0
15966,0
66052,0
93821,0
66588,1
73932,2
93782,3
69760,3
51424,1
81733,0
76984,0
51914,0
28258,0
91830,0
86259,0
50548,0
81301,3
10604,2
89901,0
84219,0
95267,0
81172,0
11974,2
50761,0
46557,3
24561,0
76611,0
38564,0
2420,0
9808,3
62742,0
83964,0
57693,0
48861,3
40596,0
36102,3
31910,0
65806,0
87429,0
67148,0
89350,0
2758,3
58119,0
32957,0
79651,3
20461,0
36280,0
37806,0
47427,0
740,0
22527,0
87136,1
86470,3
41645,0
1754,0
39564,0
88963,0
21746,0
8873,0
32904,0
95501,3
65033,3
37319,2
55440,0
29518,0
75832,0
64899,1
22099,0
70518,0
90645,0
77806,0
83844,3
29423,0
51391,3
56166,0
21216,0
98644,0
54891,0
11894,0
33921,2
23882,0
26376,0
55176,1
14096,0
57236,0
65280,3
65662,3
65083,2
63657,2
44395,0
87225,0
73014,0
84997,0
20795,0
66320,2
78258,0
18122,0
19473,0
75890,3
27225,2
82661,1
25790,0
16919,0
20152,2
88480,3
60804,0
33308,0
95967,3
98760,0
63926,0
30712,0
25270,0
9179,0
9753,0
58790,2
13743,0
3866,2
79596,3
20466,3
7243,2
38973,0
3575,3
14173,0
36667,1
61012,0
16135,0
34443,3
90493,3
79793,0
41762,0
14264,0
23842,0
79390,1
25150,1
63921,0
92261,0
98899,0
36714,0
77897,0
23050,2
23738,3
80055,3
50764,2
55967,0
59085,2
24642,0
43601,0
33924,2
91095,1
22355,3
71458,0
66878,0
45535,0
12784,3
41544,2
21127,0
18170,3
60023,0
10874,3
41419,2
8329,3
92777,2
89326,2
57878,0
4917,2
68881,0
83053,2
16382,3
82121,3
6241,0
75418,0
19886,0
29323,0
22316,3
97451,0
98132,2
15034,3
48105,3
63637,0
26428,2
77756,0
66907,0
84404,2
50771,0
61964,2
11040,0
88596,0
94290,0
12249,3
75458,0
45886,3
75252,0
92756,2
79343,0
69582,0
64164,0
60438,0
8799,0
41028,3
51814,1
16310,0
9756,3
32832,0
78552,2
96476,3
75237,0
60019,0
67021,0
20830,0
98884,0
30862,3
33088,2
49990,0
83395,0
61380,0
42629,0
40960,0
71974,1
14448,0
80645,0
27316,0
34807,0
65211,1
66021,0
23483,0
16581,0
48773,3
38301,3
10341,0
43599,2
59961,2
13029,2
5476,3
51324,1
82453,0
37815,0
15542,0
22466,0
37966,0
85875,0
37619,0
44223,0
80177,0
19017,0
61520,3
75372,0
53316,0
19584,3
48483,3
33929,2
6688,0
77296,1
9399,3
94778,0
90456,0
82006,0
12451,0
83857,0
67609,3
87432,0
85908,3
22088,0
98956,0
25618,0
66654,0
4022,0
5628,3
7041,2
14208,3
75200,0
26142,3
79696,0
57592,0
30315,0
72218,2
48338,2
77571,0
38139,0
78923,0
53356,0
84822,1
17822,2
22338,2
41638,1
28391,3
63416,3
81357,0
50167,0
79,0
63663,0
60417,0
75721,0
76961,0
91103,0
48018,0
863,0
43718,2
42714,0
26773,0
19333,0
2847,3
95064,0
47272,0
97866,0
81637,2
99035,0
2436,2
18651,0
47301,1
21616,0
23743,2
87837,0
61651,2
30238,3
62789,0
2212,0
55228,0
15738,0
28863,0
43389,0
98076,2
14263,2
18394,0
44061,0
88620,0
92566,0
26339,3
64532,3
92666,3
91436,0
35560,0
39482,0
16554,0
10545,0
16667,0
71679,0
25191,3
6384,3
30822,0
1820,3
65519,0
91813,1
72873,0
12936,2
50372,0
11567,0
66640,0
11248,0
82252,0
67203,2
6032,0
34865,2
73347,2
45035,3
31821,0
86808,0
69259,0
57308,0
79194,0
37764,2
59200,3
56626,3
35228,0
63273,0
67728,0
25591,0
29247,0
28088,2
15465,0
69240,2
15400,0
74077,0
18796,0
89842,2
89037,0
99734,0
44091,3
87856,0
86890,3
20368,0
78618,0
37494,0
94737,0
97061,1
99544,0
42188,3
38537,2
45808,0
99869,0
63497,0
30760,2
88098,0
26838,3
8292,0
15329,0
61481,0
80946,0
98263,3
83125,0
23515,0
52180,0
84745,0
96890,0
37786,2
42789,0
41173,0
73177,2
48014,3
27261,3
90627,0
37885,0
99992,2
48593,2
85342,0
4724,0
65899,0
57090,2
66207,2
99951,0
46127,2
15488,0
32224,0
63278,0
6229,0
606,3
70027,0
12682,0
86931,0
62671,2
84535,0
10987,0
27910,0
81884,2
46484,0
8342,3
79456,0
20514,0
79731,3
20297,1
94422,3
857,0
57144,0
80295,0
37000,2
88995,0
35221,3
93083,2
1567,0
76877,0
53800,0
32496,3
81237,0
40988,0
87051,0
49496,0
27320,2
2561,0
39510,3
96556,0
96518,0
53641,0
72545,0
34793,0
43557,3
98283,3
3394,0
79563,0
75246,0
1952,0
87385,0
93610,0
36115,0
60249,0
87248,0
80020,0
50070,2
90991,0
64749,0
29758,0
6222,0
64863,0
63019,0
43518,3
86318,3
36218,0
91071,3
70332,0
33753,3
77132,0
27348,0
5455,0
20292,2
21782,0
30292,0
47019,0
98816,0
82133,0
35941,0
38745,2
14670,0
80153,0
58834,0
49804,0
86762,0
38293,0
44996,0
14383,0
60881,3
71405,0
35721,3
36479,0
17632,0
34516,0
72971,0
66593,0
22221,0
44295,0
81810,0
25126,0
84388,0
54209,0
82253,0
57843,0
78928,0
38996,0
81784,0
90721,2
12092,2
39074,3
24011,0
65713,3
1216,2
79739,0
16730,0
59384,0
44425,3
18945,0
35974,0
43798,3
52068,0
24367,0
44266,3
29356,0
24875,0
14437,3
33590,0
74765,0
72783,0
11526,0
6508,2
65318,0
51359,2
80507,0
62390,0
83028,0
40920,0
18039,3
37809,0
83219,0
99537,0
73,1
47144,0
15008,0
86591,0
31271,3
26828,3
41751,0
16409,0
46469,2
21283,0
22639,0
92904,3
64972,3
82906,0
64289,0
73476,0
50161,0
73381,0
48877,0
45708,0
58468,0
31,0
44813,2
51172,0
84225,2
22370,0
43943,1
62170,0
90782,0
52659,0
42427,0
3543,2
99793,1
8561,1
50905,0
87523,0
73438,0
66182,0
7213,0
40456,2
10583,0
63688,3
63114,0
10037,0
19019,0
61533,0
89163,0
81384,0
85502,2
80912,0
5849,0
70296,0
35552,0
96064,0
84076,2
59688,3
79905,0
73565,0
99818,3
14351,0
404,0
66946,0
15969,3
1538,0
42606,2
84469,0
10994,0
54179,0
30589,3
91127,0
39626,0
42568,3
6963,3
76997,2
9234,0
64019,0
79367,2
11645,0
76073,0
29862,0
21273,0
98819,3
86528,2
27683,3
31807,0
72777,0
18887,3
18023,3
88314,0
97143,0
52035,0
18044,0
10451,0
52159,0
83057,3
89777,2
8875,3
73704,0
80829,0
30259,0
8633,0
69223,0
64490,0
25398,0
20718,0
6317,3
19306,0
85405,1
32742,0
84805,0
24638,0
14116,0
96511,0
59445,2
2331,0
21793,0
46334,1
77868,2
12999,1
55998,0
21490,0
88357,2
67978,0
70956,3
54055,2
91290,0
5416,0
87401,3
42967,0
81055,0
95216,0
59493,0
13749,0
2243,2
50510,2
67637,3
52650,0
70819,2
2776,0
46881,2
18428,0
20747,0
52051,3
24181,0
34231,0
3241,0
26383,0
90327,3
32074,3
39680,1
8357,0
30809,0
82943,0
42385,0
92628,0
73711,0
74792,0
25008,2
77032,0
12199,3
49126,0
51159,0
13204,0
4514,0
1523,3
26861,0
1576,2
53491,0
78967,0
35332,0
71357,0
64010,0
99362,2
24541,0
5741,2
27279,0
86835,1
73590,0
86286,3
83458,0
73367,2
70502,2
88915,0
52166,0
7576,2
3879,0
91147,2
64168,0
25047,0
53203,0
70740,2
43391,0
18159,0
17173,3
23699,0
32257,1
47127,0
32025,0
47972,0
69195,0
8031,3
52067,0
99729,0
77634,3
85074,2
85188,0
76864,2
48665,1
79303,1
19976,0
12900,0
40224,0
235,3
56702,3
80349,3
94478,0
92122,0
44908,3
83651,0
42274,0
54529,3
61214,0
81936,0
3409,0
21054,3
20690,0
97976,1
80007,0
70023,0
33236,0
43893,0
3649,3
42735,0
72820,2
90488,2
3061,0
88178,2
28538,0
3610,0
8429,3
62939,0
97961,2
19522,0
49398,0
81439,0
63120,0
15604,0
3762,0
15892,0
7959,0
91611,2
83526,3
16949,2
1464,2
90305,3
36189,0
98982,2
5214,0
56443,3
36794,1
45984,1
22592,3
38011,3
4965,0
44603,0
28517,0
13848,3
98422,0
53289,0
41396,2
89420,0
84926,3
36419,1
23626,0
67254,0
56303,2
2824,0
70176,3
81594,0
12504,3
32220,2
47437,0
5680,1
93684,3
98234,3
27191,0
68086,2
70791,0
605,0
72285,0
73591,0
19427,3
21661,0
60226,0
36447,0
70187,3
96698,0
24615,1
47289,0
95786,0
93035,0
58361,0
26193,0
89473,3
29985,0
65644,0
12354,0
9568,0
62273,0
26450,0
43853,0
3002,2
66176,2
91324,0
31064,0
18295,0
55783,3
24294,3
8780,0
105,0
14827,2
40128,0
23777,3
96030,3
2922,0
27651,2
54874,0
76910,0
43795,0
52478,0
70157,0
19478,3
90521,0
10252,3
62608,0
60440,3
44167,0
81918,0
62534,0
26799,0
75830,0
82283,1
93526,3
39387,3
1968,2
57886,0
29541,3
93317,0
84011,0
27877,2
14401,0
5853,2
67551,0
59515,0
61776,0
57605,3
28448,3
24001,0
59647,0
35835,2
18274,2
15162,2
26092,0
72332,0
69333,2
83893,0
56172,0
8885,0
48131,1
86273,3
73860,0
78365,3
12274,3
79693,3
4929,0
62641,0
69206,0
73259,0
76928,3
72809,0
72207,0
93071,2
3556,0
94181,0
57860,0
51430,2
77892,0
70221,0
90999,1
73030,0
17793,0
89314,3
30019,0
68670,3
74316,0
81515,0
44926,0
3487,0
87128,0
75968,3
72740,0
71595,0
8525,0
17254,3
95949,2
18862,1
74872,0
3360,3
24018,0
46505,0
62233,1
96984,0
37250,0
84977,0
65579,3
2593,3
27090,0
42052,0
97151,0
6579,0
84269,2
49615,2
88426,2
19291,0
79908,0
7601,0
58592,0
77726,0
171,0
49758,0
91100,0
30796,0
77659,3
77819,0
26655,3
93995,3
73414,3
37252,0
84738,3
94084,2
89715,0
14971,0
70751,1
68077,2
4240,0
89705,0
76912,3
2881,2
48854,2
7562,0
78300,0
57641,0
82063,0
69149,0
30381,2
63769,0
91388,0
99581,0
34728,3
70524,0
52537,3
84837,0
84144,1
5378,3
29516,0
40046,3
76949,0
65764,0
73592,1
51280,0
99774,0
6300,1
69178,3
64062,3
87666,0
19162,3
83435,0
9229,0
21686,0
3541,0
24982,2
53309,0
72382,0
31479,3
97185,3
55258,0
52397,0
63667,0
51587,0
67011,0
72821,0
72504,0
14195,0
78088,2
50249,0
45511,2
5517,0
89736,0
62984,3
58760,3
75350,0
13302,2
66998,0
81625,0
15123,0
92372,0
51751,0
75086,3
75325,0
42011,0
90458,0
87695,0
98168,3
48518,3
45186,3
5837,0
49395,0
97931,0
25136,0
25820,0
1612,0
64302,0
19491,3
12983,0
2702,0
59696,0
56247,0
518,2
23985,0
51724,3
67279,0
68469,3
1900,0
33403,0
27479,0
6420,2
25024,0
25137,0
2761,0
34634,0
43323,0
66661,2
24707,0
70209,0
54615,2
11509,1
98995,0
29926,0
23160,0
15259,0
21197,0
91554,3
75309,2
43977,0
62677,0
77398,2
4644,2
91008,0
60792,2
28094,3
59860,0
79353,0
8501,0
6043,0
4042,0
99070,3
55809,3
62440,1
38065,0
56917,2
6947,3
63581,0
98530,3
8083,3
43090,2
56245,1
11390,2
72515,3
61457,0
37730,0
99155,2
88205,3
18868,2
54501,0
79581,2
44765,2
72483,3
48344,3
14872,3
97905,0
66749,0
19802,0
85447,0
87298,0
51421,0
97564,1
66936,0
81491,0
47725,3
95615,0
96444,0
25596,2
78614,0
32229,0
45717,0
78539,0
56143,3
24990,0
248,0
17048,3
96428,2
15635,0
10232,3
90930,0
49777,2
61009,0
18100,0
87618,2
37496,0
91204,0
938,0
94437,0
29014,0
65727,0
95751,3
42224,0
91394,0
79926,0
40954,0
69035,0
4393,2
27888,0
73343,0
37388,3
21350,0
84352,3
59470,3
88269,0
30909,0
76769,0
38442,0
77105,3
35516,0
42631,0
80607,0
30258,2
7160,0
8090,2
55769,0
12245,0
50889,0
19874,3
51832,0
53328,0
60367,3
58133,2
97325,0
96404,0
44687,0
28707,2
93105,0
34114,0
98534,0
59004,2
74853,3
89415,2
4947,3
63239,0
71802,0
74239,0
57981,0
90235,2
46436,2
54878,0
93564,0
7851,0
76217,0
88460,2
16604,2
35247,0
74377,0
59557,0
91316,3
78890,0
6687,3
93056,0
38991,3
78098,0
23158,0
97625,0
73451,3
92945,3
13110,0
53660,0
81851,0
63336,0
59084,0
65796,3
11862,0
93322,0
77139,0
85085,0
11508,1
49386,3
93424,3
70207,0
64146,0
61110,0
48133,0
57406,2
53747,2
98526,0
96696,0
2135,3
41218,0
24475,2
99654,0
39025,3
33031,3
52025,0
11540,0
34835,0
12566,0
85644,2
40018,3
57408,0
30368,0
50009,3
86561,3
21013,0
7155,2
57722,3
38522,0
27178,3
59089,2
2114,0
59670,0
84059,3
58817,0
9735,3
27797,0
83171,3
90410,0
28189,2
29020,3
60120,0
2407,3
33748,3
69822,3
24303,0
28767,2
30161,3
22175,2
20910,0
91618,0
55385,0
79677,3
39802,3
98735,0
13500,3
68171,3
35690,2
29750,0
72030,0
27465,0
97049,0
71762,0
71460,2
48650,0
63322,0
24035,0
51174,0
67602,0
16718,0
69801,0
32323,3
42085,0
10240,3
26293,2
95432,0
45114,0
81215,0
70483,3
88558,3
56900,2
6421,0
76469,0
69913,3
72294,0
25435,3
14244,0
33880,0
63646,0
40999,3
51151,0
30487,0
98846,0
1144,0
53584,3
77062,3
42979,0
27837,0
95811,1
86023,0
6198,2
28061,0
19384,3
67748,2
70053,0
7776,0
66530,0
79350,0
81304,0
4306,0
39757,0
98158,2
67617,2
57347,3
33726,3
62377,3
54834,0
54393,0
27324,0
42757,2
53971,0
37935,1
63045,0
80391,1
46097,0
38758,0
5085,0
32043,0
37410,0
67502,0
30907,0
29372,0
6651,0
67834,0
76130,2
22548,0
58080,2
68009,0
49525,0
44566,3
67901,2
48333,0
25449,0
1912,0
81033,2
71738,0
44285,0
31257,3
4146,0
88767,0
53758,2
76773,0
1542,0
16304,3
80923,0
3163,0
71888,3
14386,3
46464,2
45410,0
52892,3
90940,0
97681,2
78504,0
24827,3
29760,3
80486,0
81558,0
85949,0
89227,0
51163,0
45842,0
9101,0
28212,0
87857,0
74144,3
78093,0
39193,0
27281,0
85682,0
16032,0
51127,2
25235,0
55330,0
19728,0
88871,0
52770,0
22810,3
6266,0
74376,0
93157,3
79796,3
65726,0
97726,0
46429,0
23135,2
70806,0
4032,3
56344,3
14704,3
10422,0
79884,3
95131,0
88974,3
99218,0
93518,0
71276,0
88768,0
86058,1
53424,0
77670,0
11790,3
71467,2
51738,0
66135,0
16022,2
66404,0
11051,2
65560,0
42245,3
78389,0
57614,0
48552,0
35541,0
87514,2
33085,0
82245,0
52863,0
79634,0
76250,0
56505,2
32925,0
70749,0
81532,0
14249,3
66564,0
62434,0
82931,0
87080,0
2855,0
23125,3
53428,0
48236,2
62814,0
70154,0
81331,0
17266,2
80713,0
95766,3
94933,2
78446,0
82377,0
69508,3
24508,0
24970,0
24221,0
67764,3
61412,0
90076,0
7897,0
18225,0
89084,0
79812,0
16344,0
69929,3
11123,0
95732,0
28266,0
82650,0
33370,3
48128,0
57965,0
15432,2
73220,0
80783,0
84310,3
78943,2
99020,3
35829,1
6286,0
42807,0
87860,0
48746,0
41074,3
90651,0
63805,3
60998,0
8235,0
79958,3
95604,2
6942,0
54192,0
26400,0
82681,0
55,0
49182,3
38124,0
11972,0
87382,0
98056,0
45932,3
58184,0
84753,0
46393,0
95343,2
50023,1
48755,0
61281,0
41046,0
37458,0
94405,3
17983,0
80898,2
45789,0
44760,0
62684,0
26449,0
52030,0
71835,0
38744,0
19877,2
48076,3
92855,0
73402,0
17453,0
36669,0
78628,2
41116,0
98320,0
64967,0
70388,3
93961,2
60274,3
63006,0
74013,0
7724,0
95969,3
75204,0
76760,0
26616,0
88977,0
75709,0
21636,1
54890,3
46284,3
59057,0
61801,0
57918,0
97796,0
57903,2
68502,0
82291,0
11298,1
47037,0
8271,3
94874,0
25733,2
57640,2
50859,0
63291,0
15187,0
28726,0
13710,0
52790,3
50849,3
57797,3
1994,0
21983,3
62709,2
62299,0
97519,0
56171,0
23261,0
24137,0
17350,0
91874,2
61202,0
12706,0
4711,3
72494,3
87173,0
58536,0
55185,0
742,0
83869,0
84530,0
36861,0
59432,0
2907,0
57862,0
51591,2
23046,0
99199,0
77704,2
26541,0
69390,3
51507,0
59553,0
11998,2
83275,0
20814,2
25512,0
61670,0
55597,0
86897,3
6044,0
48323,0
33941,0
75702,3
10450,0
79628,2
12490,0
14700,0
62187,0
28496,0
83981,0
27943,0
33094,0
22562,2
28592,2
51476,2
40235,0
63279,0
31270,3
60001,2
35672,2
48406,2
3349,0
91468,3
39928,0
24960,3
17288,2
57221,0
74373,0
3994,0
46662,0
71634,2
79095,3
4880,2
4139,2
40461,2
62757,0
98606,0
34909,0
47133,2
85545,0
44113,0
54887,2
90956,0
91565,2
80143,0
67526,0
32933,0
35449,1
28484,0
89875,0
83263,0
13077,0
72430,0
76764,2
52601,2
31125,2
35504,1
31614,0
72916,0
19526,0
2094,0
93423,2
94006,2
21401,3
31274,2
30623,3
27287,3
73305,0
46516,3
20493,0
91790,3
33650,2
86472,2
10737,0
76023,3
13547,0
16964,0
71343,3
27373,1
96769,3
7507,3
23109,2
28477,3
81920,0
10136,0
16845,1
27098,2
19694,0
38074,0
62147,0
38926,0
46099,0
24407,2
14323,2
50591,0
1642,0
96790,0
86827,3
1824,0
54227,0
18462,0
85549,0
5442,0
68971,0
1450,0
63117,2
43013,0
84398,0
67073,3
18785,0
92852,0
70614,3
39762,2
97740,3
6069,0
60192,0
47593,3
91382,0
47154,3
79449,3
91179,0
24242,3
16623,0
53098,0
2787,1
85926,0
36091,0
35802,3
32545,0
92964,0
6358,3
59576,0
29480,0
37216,0
92348,0
62752,0
18162,1
22300,3
77607,0
41720,2
59558,0
60655,0
69963,0
16822,3
97199,0
72966,0
46406,0
76170,3
96307,0
74287,0
40533,2
40037,0
71164,0
21817,3
43925,0
66395,0
6842,1
4853,0
53553,0
21975,0
31207,2
44761,0
56813,0
61454,2
72368,0
11462,2
27217,0
60868,0
21086,0
96713,0
91381,2
64242,0
8683,0
36908,0
22296,1
61486,3
62457,0
6413,2
12243,0
89843,0
81889,0
27764,3
17502,0
96182,3
30900,2
11586,0
56873,0
43279,2
96544,0
39367,0
47742,0
70682,3
35339,1
85560,0
855,0
37988,2
22926,0
56767,0
80684,0
40017,0
97388,0
92579,2
36699,0
74559,0
66210,0
49552,0
29328,3
33453,0
67316,0
55386,0
49511,3
16673,2
80288,0
51028,0
66243,0
26576,0
27717,0
88829,0
91561,0
79719,3
19735,0
90444,0
82340,2
57216,0
58087,0
83590,0
50813,0
37184,3
29038,3
78840,0
44153,0
44718,1
28139,0
31982,0
14749,3
17661,0
77054,2
26002,0
73456,0
20979,2
95716,0
90503,1
44050,0
25095,0
4606,0
50910,0
94261,3
50175,3
71104,2
80296,2
9053,3
87793,0
66713,2
40530,2
93013,0
66657,3
72305,0
87041,3
27829,0
39037,0
3974,0
1904,3
30992,0
43347,0
2277,0
93431,0
13051,2
84101,2
35248,3
82243,0
99827,3
92935,3
59987,0
37550,0
7283,0
36423,3
28408,2
10062,0
26628,0
84609,3
40355,3
51286,0
62072,0
69692,3
57924,0
58051,0
63899,0
82300,0
31449,0
84921,2
77843,2
3669,3
66266,1
32798,0
71903,3
69285,0
50953,0
26805,0
17917,0
68676,3
61463,0
58919,0
64735,3
61424,0
80298,0
22669,0
55215,2
44172,3
62569,1
10889,0
63075,3
85555,2
60557,3
12651,2
4626,2
23568,0
61201,0
92975,2
10661,0
56693,0
80240,3
17098,0
82997,0
76533,0
14407,0
59198,1
77217,3
70147,0
66750,0
44634,0
64013,0
69388,0
75053,0
46184,0
72779,3
85168,2
45202,0
88569,0
62704,0
97513,0
71192,0
40724,0
969,0
70590,0
42817,0
81723,0
69691,0
70005,2
18189,3
8426,2
79748,0
40379,0
32975,0
87884,3
49717,0
35538,2
83649,0
43207,0
43677,0
35307,2
16060,2
34932,0
7879,0
9072,0
87095,0
37013,0
74310,0
78800,0
68137,0
4324,3
41684,2
59851,3
92148,0
61793,2
50851,0
35232,0
5550,0
82760,0
62809,0
81276,3
76304,3
15558,0
52243,0
73075,0
87272,0
7964,3
83641,0
58853,0
30022,0
59534,0
28717,3
86045,2
91128,0
34894,2
89610,0
24409,0
77708,0
91419,0
40392,0
96094,0
89519,0
78272,0
31668,3
96035,3
82309,2
29560,0
69389,3
47009,3
44384,3
11676,3
56582,3
15497,0
26028,0
95631,0
6767,0
26405,1
16462,0
38382,0
40152,0
12162,2
3435,0
81101,0
52616,0
79334,2
14370,3
37088,0
47585,3
28682,0
67294,3
16758,0
93543,0
44053,3
91783,0
66494,3
3922,0
95014,2
6634,2
28093,0
74549,0
38415,2
98936,3
72086,0
94637,2
7985,0
63074,0
43755,0
22336,0
11401,0
97833,0
56453,0
86106,3
32897,0
2669,0
56116,2
59219,1
17846,0
40200,0
60598,0
46031,0
51661,2
35299,0
48914,0
95288,3
92847,3
40120,0
50121,3
48830,2
24134,0
93833,2
22776,0
62341,2
90135,0
64220,2
30622,0
45452,0
51781,3
2192,0
30128,0
82366,0
23023,0
41380,0
37379,2
98845,2
74460,0
11843,0
72704,0
98418,3
21129,0
40933,0
877,0
91642,0
78435,0
18809,3
50066,2
68896,0
65758,0
16053,0
14142,0
40038,0
17933,0
92127,0
34903,0
96116,3
37380,0
96507,0
72551,0
54830,3
10271,0
89182,0
65205,0
19502,2
29112,0
89315,0
18780,0
49188,3
31182,3
93940,0
81434,0
48874,3
29429,3
26856,0
35292,0
89160,0
99927,0
40466,0
50025,2
16764,3
74983,0
18108,0
95683,3
55493,0
145,1
63971,0
73689,0
9965,0
6115,3
96916,0
31561,0
58379,0
67042,0
81353,0
78510,0
80996,0
88674,0
44128,2
96409,0
2428,1
90075,0
44231,3
51734,0
50299,0
97144,3
12494,2
93011,0
57402,0
21063,0
25346,0
52396,0
22755,0
66836,0
23049,0
64804,0
12234,0
83299,0
59397,3
85479,0
79979,0
31894,0
70087,0
7597,2
60036,0
67304,2
98284,0
72863,2
28247,0
60797,0
37393,2
80626,2
60238,0
54703,0
15051,0
4233,2
81381,0
28667,0
10712,0
87672,0
37130,0
88349,3
84517,0
83309,1
66389,2
96031,0
28860,0
75167,2
93854,0
343,2
42993,0
1879,0
44679,3
95400,0
9442,0
35517,0
52468,0
33260,0
91775,0
44315,0
90312,0
15676,0
63562,0
12777,0
51209,3
68658,0
29773,3
79018,0
16851,0
73811,0
97391,0
78338,2
23318,0
63187,3
26792,0
70212,0
18437,0
73447,0
25648,0
15220,0
53552,0
67907,0
80078,0
9410,0
99867,3
58623,0
35439,0
13580,3
66930,0
96483,0
70772,2
12041,0
10429,3
98617,0
99062,3
92539,0
72403,3
96999,0
29842,3
8128,2
3726,0
73446,2
22230,0
42802,0
51547,3
200,3
79570,3
74346,0
19772,0
5575,0
36649,0
33538,1
19007,0
26088,0
55670,0
76573,0
9851,3
60322,0
36088,0
37217,3
84459,0
36991,0
48053,0
46304,0
83457,2
92505,3
95083,3
19441,2
49874,0
34998,0
76514,0
7843,3
7204,0
25536,0
45853,2
95914,0
73137,3
58021,3
7771,0
10593,0
24109,0
16170,2
83892,0
98301,2
81173,0
87749,0
63689,0
11742,0
80748,0
26542,2
95181,0
40696,0
58346,0
24257,0
53481,0
70606,3
4593,2
78165,0
34253,0
77698,0
52881,0
62310,0
57325,0
47936,0
20413,2
89872,0
57699,3
71194,0
64277,2
9674,2
9208,0
34154,0
29212,2
24238,0
64442,0
65025,3
62649,0
73160,0
46536,0
47686,3
49046,0
56775,2
40892,0
14252,3
93391,0
13416,0
15904,3
63225,3
85103,0
91338,2
66201,0
38034,2
28201,3
976,0
55161,0
70231,0
6571,0
3048,0
22569,0
32945,3
81030,0
64199,0
97881,0
89123,0
83115,0
35909,0
15401,0
84683,0
39844,3
33027,2
48385,0
74297,0
19149,0
11070,0
26660,0
38860,0
80085,3
64906,0
19720,0
29131,0
81899,0
30327,0
78841,0
6197,0
39602,3
36394,3
7297,0
68782,0
42287,0
23937,3
49023,0
6090,3
50662,0
89948,0
63846,0
94302,0
36608,0
32875,0
53946,0
5973,0
69359,0
52637,0
53257,0
79737,0
45264,0
81387,0
67327,0
71207,0
45488,0
58231,3
19564,0
41286,0
31753,0
96842,1
69527,0
58294,0
19282,0
61550,0
16881,0
41009,0
76500,0
20392,0
94857,2
97788,2
56573,2
25342,0
77913,0
37212,3
34498,3
61772,0
41776,0
34623,3
38531,0
28815,0
77657,3
38977,0
69151,0
85726,0
42818,0
33322,0
42774,0
62525,0
19023,3
5256,3
72962,2
45211,3
43716,2
31642,2
5878,0
67228,0
92698,0
72221,0
67696,0
16662,0
59562,0
62401,3
12097,0
6408,0
53597,3
18341,3
70996,0
93850,0
98165,0
66327,3
37553,3
70945,0
10239,0
72512,2
70871,0
21482,0
75896,2
51167,0
14031,0
52806,0
97853,3
38377,2
30018,0
98923,0
58653,0
52826,0
18020,0
90927,0
35082,3
16468,0
6073,0
72222,0
18678,3
56123,2
44018,0
79969,0
69961,0
670,0
52494,0
15748,1
79900,3
38164,0
2953,3
25524,3
980,0
33231,0
55799,0
91806,0
10824,0
20151,0
76657,3
63730,0
13993,0
22091,3
77880,0
98582,0
53422,0
88345,0
87511,2
51831,0
44042,3
2390,0
75257,0
72854,0
78267,2
88673,0
78623,3
50836,0
78253,0
85302,3
92275,2
85332,0
1317,3
58782,0
59005,2
30478,0
91653,0
58033,2
89884,0
34682,3
9440,0
38376,2
10674,0
22578,1
81338,0
77126,3
8057,0
760,0
50291,0
86750,2
48908,3
7795,0
58981,3
27365,0
14128,3
42684,3
40736,0
26360,0
22811,0
44025,3
1860,0
82074,0
76765,0
55659,0
34669,3
59270,3
63694,3
47486,3
84570,0
5705,3
82910,0
3247,0
79849,3
89253,0
86333,0
97944,1
37133,0
30603,0
18911,3
10676,2
58284,0
51478,0
48228,0
62673,0
28303,0
71396,3
34323,2
35886,1
97951,0
36677,3
74375,2
65084,0
55165,2
99803,2
74512,0
66743,0
76366,2
57200,0
40080,3
35304,2
38885,0
30461,0
77244,0
3888,3
34755,0
57743,0
25254,0
37542,0
31655,3
91747,0
64235,2
9459,1
32809,0
868,0
4587,0
89367,0
2361,3
36075,0
67741,2
77457,0
98768,3
5358,0
63072,1
70283,0
1469,3
10318,0
3269,0
38686,0
26762,3
10034,0
77882,2
58931,0
80853,0
48210,0
86824,3
37182,0
63618,0
12345,3
50845,2
5073,2
73286,0
56230,0
70839,2
36775,0
35022,0
59692,0
30991,3
98772,0
35837,0
15913,1
16158,0
94286,0
41601,0
6874,0
93877,0
80823,0
30429,0
45578,0
36784,0
50630,0
505,2
5660,0
92084,3
90290,0
87137,2
18893,0
56547,0
9664,0
30650,3
89505,0
22028,0
91845,3
84083,0
86721,0
98861,0
85377,0
64848,3
50973,0
90033,0
77470,1
18764,0
22851,0
91405,2
3397,2
44964,0
83116,3
56635,0
37174,2
31448,0
92158,0
59519,2
40821,0
62611,3
99886,0
83572,0
66056,1
66845,0
83328,3
37404,1
62821,2
10561,0
30961,1
58149,0
73359,0
99829,0
69254,2
516,0
14644,0
852,3
76285,3
77677,0
86019,0
97679,2
15312,3
48869,0
41560,0
8614,3
9879,0
51636,0
75093,0
34803,0
91605,0
75614,0
90993,2
37307,0
45057,3
39790,2
60439,3
77924,0
59207,0
20094,0
12404,2
57725,2
80882,0
36874,3
49413,0
58074,0
56834,1
99050,3
57852,3
63597,0
4226,0
81789,3
23385,0
5418,3
73794,2
86239,3
45455,0
50344,3
33307,0
21071,2
59342,0
59086,0
64592,0
17042,0
65982,0
45725,0
16981,0
80179,2
11598,0
80743,0
76520,0
91257,0
75233,0
13067,3
35629,0
32250,3
86519,2
68648,0
98414,3
15770,0
24972,3
19869,0
27505,1
94093,3
1086,3
25755,0
39858,3
99741,3
46166,0
38214,1
7588,0
56880,0
81220,0
83332,2
5992,0
67775,0
61391,0
2737,0
96114,2
73440,1
26500,3
84017,0
13044,0
33425,0
99382,3
21170,3
51582,0
72296,0
77747,0
74834,2
59007,3
3864,0
25363,0
92157,0
38599,0
97994,0
86966,3
16258,0
51469,0
40635,0
88375,0
57140,0
82633,0
2962,0
57754,0
82334,0
3343,2
24946,0
79913,0
44142,0
96743,0
64112,0
24805,2
9926,1
19464,0
35944,2
83821,2
22972,0
39927,2
73933,0
88992,3
79451,0
1425,0
12947,0
43313,2
75417,3
51952,0
93555,3
78688,2
1661,3
29697,3
26989,0
62101,0
13102,1
33384,0
47215,0
96560,0
62438,1
14794,2
88976,0
61212,0
16318,0
41322,0
98652,3
84670,3
1522,2
94402,0
84749,2
63368,0
7051,0
81591,3
20832,0
79019,3
53895,0
86973,0
60748,0
98012,0
91816,0
29591,0
88854,0
96567,0
172,0
13093,0
35579,2
3285,2
92163,3
27110,2
7662,2
30677,0
48635,0
41698,0
16408,0
53830,0
38348,3
17441,3
33034,0
95998,3
91990,3
51756,2
95797,0
97815,0
56506,0
7223,2
84147,0
88883,0
47544,0
24417,0
79836,3
8756,0
38093,0
96076,0
24192,0
4140,0
59991,1
60702,0
37152,3
69461,0
53434,0
9334,0
92969,0
98024,0
7596,3
8654,2
81634,2
27041,0
43754,0
58219,0
58297,0
33549,3
89189,0
18974,0
67840,0
61031,0
62366,0
4262,0
32006,2
37917,0
56722,0
87977,0
72073,1
22200,0
84316,0
45230,0
59087,0
49752,3
60729,0
70885,3
25297,3
2754,2
2473,0
91254,0
52741,2
98019,3
18655,0
7676,0
72227,0
64074,3
73412,3
65766,3
17504,2
59069,0
46975,0
10466,0
35372,0
50335,0
36565,0
15350,2
84816,1
50245,0
24290,3
50916,0
50251,0
66708,0
94814,0
20444,3
2870,0
52938,0
32969,0
44215,2
89956,0
64395,1
48919,3
15343,0
7017,0
53068,0
50494,0
90202,0
28469,0
75856,0
16080,0
44816,2
10554,0
81258,0
17295,0
28098,0
39376,3
3976,0
7887,0
20939,0
50296,0
53075,0
64269,0
99153,2
13578,3
65243,1
46444,2
31456,0
71117,3
34404,0
87830,0
25566,2
55755,0
42554,1
76019,0
97583,0
69738,2
53146,0
6664,3
61514,0
55622,2
85367,0
4689,0
55956,0
39608,0
54512,0
90007,2
37171,0
39405,0
80452,0
29397,2
7640,3
87958,3
89668,0
94480,0
1784,0
49915,2
78411,0
76902,0
34787,2
52630,2
23982,0
78682,2
16333,0
76999,0
50556,0
20593,1
37156,0
12361,0
51615,0
98996,0
77168,0
66587,0
84887,2
80107,3
90626,0
770,0
77952,2
84710,3
14838,1
72415,1
59065,0
10814,3
56136,0
43825,3
74323,0
33056,2
90971,0
11057,2
61222,2
47841,3
41718,0
70692,0
31109,0
71924,0
82394,3
58920,0
44530,3
87306,0
5206,0
90397,0
14175,0
41368,3
41783,0
32148,0
293,2
41093,2
1170,0
87795,3
7276,3
54983,0
14965,2
41338,2
20088,0
79742,3
38984,2
52931,3
6948,0
14950,0
66799,2
45407,3
96612,0
64217,0
7377,0
11718,2
35000,0
32689,2
2494,0
43503,0
79901,0
20360,0
17657,3
97590,2
49502,3
78327,2
12148,3
5363,0
97474,0
51642,0
64320,2
92258,0
30265,0
75730,3
39319,0
38793,2
85979,0
29947,0
17838,2
69374,0
66609,3
2972,3
42451,0
39030,0
87086,0
41422,0
48219,0
65407,0
82673,3
86096,0
73097,3
32936,0
10862,3
17591,0
70809,0
54629,0
22773,0
50423,0
56493,0
67756,0
47106,0
81458,2
11702,0
22691,3
49215,3
33407,2
7194,2
3698,0
90748,0
64488,2
18380,2
28927,0
7675,0
15906,0
78019,0
68129,0
32866,0
27751,0
36875,0
24019,0
397,3
88487,3
57441,2
88770,0
60528,0
3815,0
5598,2
71136,1
34716,2
90347,0
79872,0
21532,0
23648,0
93004,0
74394,3
94974,0
2739,2
83400,0
33135,0
22567,0
89384,0
80864,0
46165,1
50435,0
22731,2
22251,3
44537,0
39800,0
7488,3
69550,2
59281,2
85525,0
95956,0
99437,3
8247,0
49639,0
55996,2
64284,2
57268,2
777,2
65850,3
30529,0
78382,1
78166,3
98767,3
61501,0
80239,0
90037,1
372,3
78802,0
86628,0
1918,0
70589,0
64847,0
13997,3
29891,0
86326,0
35154,0
93413,0
54953,3
88339,0
22219,0
31227,0
9056,0
25552,0
83576,0
93070,3
41263,0
28760,3
54786,0
61937,0
29158,0
91346,2
45832,0
38388,0
76296,3
42209,0
57974,0
21325,0
8959,0
19452,0
18232,0
13769,3
39917,2
44193,0
64450,0
57437,0
21501,0
27850,0
2322,0
71012,3
47596,0
97180,0
4347,0
37209,2
62179,0
18918,0
14525,0
3395,0
13248,2
27027,3
24916,0
91477,3
12060,0
85006,0
77858,3
60123,3
64147,3
50661,1
49262,0
45301,3
97321,0
6342,0
61359,0
89603,2
63092,1
91738,3
84152,2
2116,3
3519,0
20480,2
91636,0
81478,2
68978,2
30489,0
6377,0
99527,3
64375,0
64124,2
65637,2
42969,3
48089,0
49916,0
35637,0
35477,0
23234,2
25901,2
29899,3
98380,2
86089,0
63518,0
50227,0
95563,3
14614,0
96871,0
60713,0
27407,3
29292,0
4971,0
48098,0
30223,0
38298,0
17533,0
55087,3
62108,0
52167,0
91198,2
67035,3
89059,0
30592,2
38569,0
59825,0
75340,3
22308,2
8018,0
49757,0
92759,3
90558,0
58266,3
42470,2
20897,0
91084,0
33864,3
40839,3
2585,3
16145,1
52977,0
96107,2
18632,3
51740,0
43142,2
50046,0
59383,0
87275,1
18227,0
30539,0
42226,0
57547,0
30288,0
73729,0
73667,0
59079,0
73555,0
80066,2
55292,0
6951,0
44190,0
82439,0
89564,3
19585,3
86994,3
40557,2
22952,0
57560,1
10076,0
11378,0
68765,2
61028,0
25818,0
22398,0
27,2
26206,0
92908,0
58367,0
40229,0
61725,0
48048,0
30579,0
62666,2
31221,0
72524,3
63838,0
67473,0
92813,3
53567,0
17302,3
65775,0
65020,3
2990,2
82044,3
24312,0
74970,0
79313,2
49002,0
67158,2
9937,0
84813,2
21417,3
29589,3
24063,2
11336,0
8103,3
14406,0
50429,0
56260,1
82286,0
74184,0
91048,3
22319,0
79597,2
48229,0
93749,2
47363,0
24339,3
6100,0
48779,0
99505,3
52007,3
37771,2
39457,0
54510,3
32232,0
32400,0
20450,0
22048,3
8497,0
14672,0
80851,2
28794,0
56572,0
55609,2
64128,0
42128,0
3266,3
32893,0
818,3
57471,1
42791,0
25075,2
37577,0
44120,0
96870,0
87951,0
5149,3
87690,0
3544,0
3477,3
35245,3
81549,0
22670,0
29460,3
91609,0
81569,2
35464,2
7552,2
17493,2
92300,3
71967,0
60336,3
38242,0
7395,2
63929,0
637,0
64159,2
75537,3
77529,0
77160,0
90649,2
35703,2
74470,1
47294,0
27760,0
98544,0
20340,2
80212,0
11819,2
1098,2
2900,0
31743,3
73705,0
74721,0
39330,1
15784,0
66373,0
72587,0
54366,0
45185,3
65351,0
98393,0
79227,3
23664,3
94438,2
80474,3
15405,0
35656,0
85808,0
25186,0
91437,3
16225,0
46007,2
23556,0
38406,2
6310,0
52229,0
85192,2
42500,0
28710,0
50778,3
61495,0
43441,0
11452,2
32910,3
18904,3
83253,0
35128,0
80620,0
72849,0
72421,0
42335,0
24819,0
8176,0
52200,0
43348,0
55253,0
87293,0
534,0
16035,2
78064,0
81848,2
96887,3
37371,3
15852,0
15072,2
44039,3
88954,0
58842,0
44609,0
63231,0
11603,0
8343,0
37346,0
18538,3
32373,0
97921,2
50531,3
49872,0
74688,0
52346,0
40054,3
58210,0
17375,0
58898,0
45062,1
33395,3
28145,0
90132,0
58918,0
22343,0
45707,1
5356,0
59931,2
31100,0
64902,0
16245,0
94203,3
35370,3
40661,3
9330,0
51188,1
60566,3
178,0
63665,0
67255,3
89192,3
59392,0
39189,0
90430,0
93486,3
21094,0
37461,0
39597,0
24801,0
28355,0
56737,0
67948,3
34244,0
33933,2
23867,0
97683,0
48836,0
31461,3
645,2
67931,0
49751,0
41793,0
2792,0
11045,0
2499,3
20044,3
31318,0
22575,0
44534,2
66689,0
29523,2
77445,0
13179,2
49673,0
21497,0
36334,2
18544,0
51511,0
23884,0
27872,2
20590,3
20445,0
79082,3
60134,0
31191,0
4607,0
99770,0
9919,0
28804,3
38486,0
46654,0
37899,0
80257,0
81582,0
54475,0
78515,2
55080,1
83697,0
92428,0
11698,0
8637,0
25173,1
73271,0
77553,0
81117,0
48995,0
36833,0
96059,0
63799,0
21206,0
24118,3
1873,0
64894,0
57,0
47978,0
68094,3
6351,0
20312,1
64052,0
83527,0
99322,0
74622,0
65251,0
17799,0
88153,0
18691,0
6929,0
69969,0
93251,3
22469,0
48682,0
76727,0
63250,0
4401,0
71495,0
9196,0
83387,0
85481,0
20478,3
55475,3
99612,0
41574,0
92571,3
5799,0
79568,0
43145,0
63631,0
78171,0
85443,0
68569,2
25764,0
73624,1
40847,3
21949,0
86066,0
75724,0
21355,0
3068,0
948,0
92432,3
3156,0
59605,0
8300,3
57044,0
8973,0
39640,0
11102,0
43934,0
64957,3
67423,0
47153,0
78554,3
57203,0
45586,2
33358,0
60360,0
76302,0
24305,2
30638,3
71920,0
22371,3
84692,0
60661,3
96867,0
49118,2
72006,3
2014,0
29234,3
11168,0
12039,0
20883,0
60878,0
67268,3
33757,2
1808,0
59922,0
82827,0
65601,0
95050,0
27781,1
74057,0
3344,0
95986,0
68436,0
89311,0
90445,0
1729,3
71627,0
67796,0
82459,0
56161,0
38931,3
99565,0
62866,0
29727,3
18683,2
96399,2
72719,0
71423,0
83191,2
94198,0
69547,0
34564,0
99366,0
60637,0
84251,2
41685,0
69443,0
10019,0
69355,0
91261,2
57927,1
57775,0
24777,0
39552,2
54199,0
89680,0
25204,0
49925,0
23192,0
76091,0
77550,0
49443,3
78585,3
9394,0
9847,0
49467,0
83143,0
53534,3
13996,0
65422,3
61466,0
56784,0
74985,1
42228,2
85353,0
74787,0
1215,3
40918,0
10690,2
46845,0
8139,0
75445,0
84344,0
85503,3
11604,3
87694,0
23557,0
15137,3
99036,0
67616,0
79614,1
39441,2
75075,3
13173,0
51783,0
54210,0
22031,0
62495,0
37220,3
85895,0
4417,0
80292,2
94431,0
1710,0
49476,0
14936,1
50324,3
22433,3
54233,0
6288,3
971,0
55908,3
89154,3
8435,0
23212,3
2695,3
25076,3
77981,2
68977,0
45715,3
92483,3
4628,3
17450,3
68987,0
21761,3
67898,0
86814,1
34750,0
50546,0
51741,1
1131,0
10640,0
28319,0
25509,0
68267,0
5229,3
47924,0
94391,0
68980,0
79078,2
56141,3
25477,0
55610,0
90703,0
93582,0
47852,2
12591,0
11991,0
92544,0
52989,3
42634,0
39289,0
90573,0
35528,0
84542,0
66309,0
6475,0
86907,0
31149,0
92529,3
37195,2
92898,0
57786,0
11817,3
70544,3
63294,3
5069,0
17647,0
74167,0
77404,2
56552,2
70179,0
34890,3
68167,0
96586,3
48019,0
92224,3
84795,0
67632,3
26564,0
2493,2
10847,2
83738,1
62965,0
63292,0
40598,0
35522,3
5129,2
35744,3
81584,0
63622,0
19653,0
16637,2
15328,0
96340,0
28226,3
70734,0
80053,0
93247,0
67660,3
70071,0
89949,0
30264,2
12145,0
10414,0
48417,2
8860,1
83356,0
62124,3
77856,0
3252,0
78101,2
30234,2
56720,0
35403,0
76549,2
41211,0
45390,0
38738,3
449,0
93968,3
12032,0
30548,3
70854,2
76429,3
85969,0
28680,0
20933,0
72347,0
36970,0
80531,3
75331,0
28852,0
76434,0
77865,0
95132,3
95332,0
85489,0
25377,0
83930,0
10231,0
78938,3
16217,0
92360,0
34211,0
18755,0
36022,0
13158,0
43023,0
25724,0
4701,0
13682,0
55884,0
1518,0
95856,0
89203,3
81255,2
87321,0
64163,0
76114,1
42432,3
73338,0
80407,0
72098,3
93612,0
85648,0
73838,0
88581,0
87766,0
13549,0
83694,0
48835,3
75715,0
8994,0
80042,0
95645,3
75687,3
62750,2
4274,0
88783,0
9092,0
3040,0
6961,0
62511,1
93646,3
73499,0
96211,0
47240,0
23303,0
56766,2
34020,3
82726,2
25167,2
704,0
28369,3
86888,0
40248,0
91092,2
17620,0
76535,0
10924,0
57784,1
88740,0
59962,0
86434,0
31251,0
88997,3
93454,0
20567,0
82888,0
2906,3
68862,3
65008,0
60496,0
70382,2
34995,0
63920,0
73733,0
96622,2
52849,0
60092,0
39650,0
44801,0
8844,3
58649,2
35934,0
95669,2
77992,3
70038,1
28048,3
66288,0
288,0
95307,0
19870,0
91171,0
57956,0
58135,0
97228,2
22947,0
6141,0
66451,0
95839,0
96516,0
66984,2
36702,2
56451,0
40066,0
84285,0
18063,0
11147,0
49421,3
40889,1
73990,0
79921,0
17805,3
41259,2
96485,0
23631,0
55611,0
63703,3
11039,0
96407,0
46625,3
99226,2
39743,3
8059,2
39571,1
53731,0
57056,2
69381,3
61448,2
95628,2
90881,0
3005,2
90216,0
37512,0
76242,0
90049,0
70411,0
51009,0
81565,2
33530,0
81138,0
25530,2
84477,2
33615,3
63634,0
80565,0
52689,3
82601,0
90950,0
9402,2
33799,0
41937,0
10811,0
59225,2
27602,0
80556,0
57700,2
37242,3
51060,0
22446,3
28979,3
83713,0
57865,0
5676,0
15583,1
52351,0
58523,2
43628,2
46802,0
46188,3
9187,3
20342,0
58203,0
2571,0
5263,0
65692,0
18883,0
52271,0
22738,2
80940,3
15712,0
2533,3
59739,2
1943,3
94452,0
29772,0
13311,0
26455,2
50609,3
88761,0
32040,0
4820,3
26145,2
85713,0
10940,0
17286,0
9968,3
5068,0
13164,0
54927,0
57975,1
29271,0
84989,0
44716,0
45793,3
56458,0
12532,0
74576,0
46937,3
17332,0
41665,0
48531,1
44381,0
97930,0
55130,3
94157,2
53678,0
61658,0
41125,3
78808,3
81700,0
23595,0
1893,3
76,0
67055,2
39186,3
57362,0
68725,0
85761,0
13704,0
86869,0
70438,0
59256,3
12875,0
92824,0
29301,0
42810,0
38889,2
62378,0
21100,0
61250,0
55758,2
73713,3
49546,3
40450,2
46454,0
87485,2
16740,0
47245,0
72730,0
98548,0
3557,3
20127,0
35134,0
51487,3
902,2
74827,0
16220,0
70627,0
77453,0
92410,2
55101,0
71852,2
91247,0
71412,3
77087,0
22700,0
96689,3
7642,1
49453,0
82279,0
92369,2
97093,0
95564,0
41553,0
47567,0
78638,0
73628,0
89720,0
24825,0
1174,0
78937,3
77033,2
2224,3
74828,2
41019,0
24693,0
98847,0
57881,0
72759,3
48540,0
49806,2
12560,0
32650,3
60283,0
82373,1
72900,0
70752,2
56328,3
38878,0
61691,0
55074,1
32457,0
24309,2
92506,0
3877,0
62493,3
74270,0
73426,3
52100,3
25436,0
38549,0
56326,0
98423,0
84258,1
34346,0
9199,0
62860,0
93475,0
44027,0
84393,0
23993,0
3445,0
54319,0
65093,3
55923,3
48022,0
46749,2
41691,1
1453,0
30431,2
81312,0
20543,3
91174,0
60903,3
96822,0
96590,3
53773,3
59028,0
26005,3
85464,2
50467,0
42921,2
97219,0
33223,0
95815,0
64803,2
64878,0
99950,0
10738,3
33965,0
77394,0
43672,0
32658,0
74162,0
47506,0
67488,0
81383,0
43272,0
6631,0
31362,0
16653,0
40755,0
6474,0
30379,0
50480,0
74360,3
34215,0
75315,0
47190,1
87388,3
36424,1
55805,2
2357,2
62380,0
87042,0
74624,3
87480,2
5733,0
78471,2
58629,0
60062,3
31575,0
25101,0
96178,0
20508,0
70892,3
16789,0
32724,0
30718,0
29785,0
48072,0
25779,0
79477,0
12268,2
67827,0
39080,0
63207,2
20845,0
52418,0
89122,0
42955,0
63257,0
1426,0
92710,0
48325,0
44164,0
3199,3
70652,0
13820,2
42108,3
86412,0
26301,0
43868,3
49184,2
93107,0
31789,0
64630,0
57134,0
77102,3
71395,0
39163,0
28566,0
76261,0
19880,3
14693,1
44498,1
88515,0
67587,0
90727,0
46620,3
25348,1
6281,0
98560,2
78536,3
46394,0
38558,0
28641,0
30815,2
11815,3
313,3
14711,2
64819,0
79240,0
89071,0
97561,0
79857,2
7405,0
6733,3
4752,0
36786,2
56716,3
19903,0
36256,0
66119,2
97158,3
94390,3
82994,2
23887,0
18537,0
34182,0
36196,0
19038,0
24203,2
98193,0
24249,0
52353,2
47914,0
9031,3
6894,0
96222,0
43888,0
28250,0
61180,2
79827,3
51504,0
56947,0
67349,0
76785,0
19593,0
51064,0
27656,2
71472,2
90238,0
5617,0
44411,0
9545,0
32392,3
64309,0
35220,3
69813,0
93536,3
6987,0
10290,2
50,0
87724,3
89507,2
90355,0
95379,0
28925,2
90232,0
41653,0
2592,0
41968,2
39049,0
53636,3
60626,0
32745,0
3147,3
78710,3
91288,0
64223,0
45522,0
95377,3
80877,0
11566,0
6972,2
21869,0
45047,0
72334,0
21543,3
11986,0
41104,0
95159,0
41773,3
40070,2
25293,0
53444,0
78307,0
7965,0
57346,0
90546,3
67458,3
63682,0
44362,0
33046,0
20256,0
75503,0
13116,2
38800,2
93003,3
2301,2
15652,2
28580,0
77695,2
28102,0
93376,3
97422,0
40603,0
60409,0
53081,3
83236,0
66424,0
29491,0
87243,2
1351,0
91415,3
27418,3
39840,2
54908,3
74820,0
92472,3
39522,0
20451,0
2741,0
15048,0
60866,0
7327,3
27826,3
61438,0
26877,0
42754,0
23755,1
58502,0
81853,0
22005,0
20384,3
69321,3
7612,0
65348,2
64377,0
678,0
2590,0
27144,0
62971,2
82705,1
17343,2
80402,0
56337,2
99330,0
33969,0
18445,0
52753,0
10457,2
46832,0
95736,0
47242,2
7468,3
28108,3
73196,0
13036,2
58190,0
21715,3
21900,0
68710,3
38469,3
15333,0
65627,3
22388,0
36682,0
48714,1
83009,0
46506,0
6988,0
99342,3
99550,0
18102,3
60136,3
46266,3
44690,0
22271,0
23204,0
79863,2
93679,0
1341,0
87600,2
98298,0
13410,0
6635,2
10079,0
79887,0
72726,0
13960,2
93389,3
47712,2
76767,0
93885,0
97394,0
33761,0
97814,0
22848,3
86663,3
66088,0
24563,3
12366,3
88373,2
97017,3
43502,3
39324,0
66115,0
88334,0
97501,0
6970,0
98632,0
63328,3
95109,2
93960,2
91945,0
89288,0
43317,0
76563,2
58441,0
60158,0
79967,0
28399,0
18290,0
69896,0
9093,0
22038,3
43115,0
34989,0
48752,0
68695,0
80282,0
70143,0
84217,0
55173,1
39842,0
81126,0
9294,0
44780,3
44161,0
99762,0
12614,2
9779,3
22701,0
66432,0
98808,3
13562,0
41857,0
82096,0
73842,0
46262,2
9747,0
77328,0
47876,0
8305,3
29519,0
87210,3
68374,0
25780,0
40767,0
53574,0
37480,2
72595,0
64416,0
77955,2
12695,3
2106,3
36250,3
87117,0
45238,0
54166,2
45457,0
81970,0
669,0
93802,3
81837,0
15473,0
65612,0
48696,3
35428,0
77056,0
53950,0
47202,0
99129,0
53443,3
57504,2
41082,0
78333,0
84423,3
50015,0
4322,0
37906,3
91375,0
45055,0
83796,0
25222,0
6277,0
30226,3
83646,0
17995,0
81114,3
16850,0
81989,0
98235,0
53715,3
76942,3
54164,0
44413,0
44635,0
35209,0
45515,0
60968,0
55669,0
21363,0
90126,0
99305,0
81710,3
1370,3
67692,2
35028,0
63205,0
43237,0
2408,0
56731,0
56868,0
63761,0
28565,3
88642,2
43778,0
62908,0
86597,0
79435,1
87009,0
72029,0
110,3
34701,2
84142,3
92654,3
19365,0
91854,0
83922,0
60473,0
33928,0
59892,0
83814,1
42552,3
52729,0
86622,0
8709,0
10268,0
64410,0
78380,3
56362,0
86685,0
97537,0
73634,2
64209,2
451,0
86795,0
99564,1
16707,0
33454,3
72199,0
29674,0
92065,0
66429,0
18962,0
63638,0
38354,0
42981,0
6808,0
36966,1
65034,0
85183,0
56369,0
59728,0
19304,3
10335,0
86215,2
24113,3
64018,0
786,2
68002,0
90788,3
54156,0
21323,0
94333,0
52379,3
76292,0
3326,0
19885,0
13437,0
76011,0
95943,1
10632,0
49296,0
90222,2
89204,2
24301,2
56317,0
49095,0
91358,0
53876,0
9165,2
8581,3
25659,3
74122,2
68390,0
80625,0
85602,0
37310,1
55093,1
41170,0
93922,0
26169,3
73197,2
39146,0
39846,0
2058,3
13828,1
6840,0
35696,3
83153,3
48742,0
13394,0
57146,0
93692,0
8004,0
48242,0
91365,0
63245,3
19672,0
67944,0
67234,0
20273,0
15649,0
63762,0
77074,0
78572,0
67109,3
98419,2
49588,2
52401,3
94245,0
10089,0
37621,0
34313,0
39777,0
97141,2
57407,0
23074,2
38813,0
62512,2
43050,0
9477,0
6647,0
73771,0
18018,0
46659,2
72091,0
44283,0
91811,0
78379,0
89864,0
95462,0
2854,0
61056,2
9684,0
520,2
54845,2
56769,0
75958,2
82934,0
1014,2
85681,0
43946,0
15536,0
76203,0
56194,0
632,0
6435,0
11782,3
94368,2
23152,0
79846,0
4907,2
59703,3
66355,0
44257,3
6131,3
14686,0
29800,0
81552,0
21998,0
18402,0
2238,2
99941,0
11423,0
87802,0
46238,3
66437,0
38629,0
96019,0
61677,0
65678,0
79212,0
24184,0
23463,0
1588,0
34220,3
84441,0
39819,0
86419,0
43796,2
45589,3
64445,0
35997,3
9848,0
72406,0
2567,3
90365,2
27806,0
56243,0
96013,0
18553,0
43820,0
28000,0
27009,2
38359,3
57679,2
40296,0
16349,0
31077,0
60149,0
37485,0
15682,0
38322,2
52465,3
92192,0
39422,1
41298,0
774,3
57232,3
37996,0
21985,0
73948,0
58811,0
31228,0
42697,0
31218,0
40980,0
72862,2
61297,2
82278,0
82641,0
41036,0
35362,0
84033,0
40268,0
52106,3
83588,0
38339,0
22983,3
46844,2
1800,3
78303,3
38171,0
70103,0
73060,0
31648,2
75126,3
22422,0
70618,3
70540,1
16114,3
86775,0
54458,3
75140,0
2850,0
42529,3
50987,0
74548,0
95743,2
48506,0
84875,1
15535,0
20411,2
87446,0
29839,0
77070,0
63652,2
47561,0
20761,0
61609,0
67245,0
62430,2
52502,0
33881,3
36630,0
76311,0
85083,0
20232,2
85313,0
28313,1
82080,2
18623,2
80963,3
96292,3
18740,0
35507,1
72680,3
25080,0
14393,0
57809,3
74639,0
87484,3
35776,0
40202,3
52643,3
19642,0
72683,0
55649,0
71414,3
84351,1
36616,2
64236,0
52005,3
41477,2
87898,2
43831,0
11789,0
61430,2
74705,2
29362,3
81800,0
14215,0
2405,0
1557,0
23448,0
29907,2
10739,0
41914,0
36312,0
93165,0
29921,2
95984,0
57092,0
80477,0
81334,3
71033,0
16260,2
12856,0
17553,0
84485,0
20541,0
56055,0
40583,3
42563,0
5419,2
85948,0
81018,0
27120,3
1844,3
69995,0
26748,0
64751,3
36321,0
37957,0
17538,0
69400,0
64049,0
81579,0
68629,0
17996,3
53539,0
7930,2
73422,2
94969,0
52978,3
68157,1
37022,3
90263,0
41375,0
53745,0
15636,0
68979,0
85957,2
1261,3
64898,0
89703,0
5716,3
38854,2
8098,0
29061,3
5771,3
1543,0
50839,0
76914,1
84119,0
26256,0
43423,0
26784,0
108,0
16234,0
11288,3
86216,2
87563,0
54457,0
76517,0
87538,2
87493,2
49065,3
17192,3
78163,0
39666,0
90231,3
90096,0
28999,2
86458,3
63894,2
25238,0
78172,0
99468,0
4062,0
38755,0
65089,3
2873,3
5905,0
62372,3
24708,0
3049,0
84563,0
52696,2
37411,0
79388,2
38772,0
79178,0
25516,0
14993,2
48692,0
79993,2
70451,2
24244,0
39746,0
95958,0
27046,0
34083,3
90447,0
94045,3
20137,2
5115,0
51438,0
71335,3
67451,0
63530,0
62439,0
63041,0
35323,0
3834,0
66274,2
39685,0
44529,0
81200,0
74219,0
95372,3
2498,3
18760,0
75947,3
74637,0
91644,0
60188,0
11937,0
29853,3
24489,3
98167,0
50144,0
46571,0
87012,0
41299,0
79328,0
21322,0
79758,0
10374,0
75886,0
17203,3
59829,0
69601,0
22835,0
86501,0
37716,0
14395,2
48574,0
92066,2
71388,0
19763,0
22976,0
53340,3
69070,3
45987,3
64024,3
43404,0
39005,0
57273,0
6202,0
74642,0
42734,0
35611,0
13152,0
93006,2
20968,0
68417,3
98639,0
81627,0
41428,0
77919,0
84595,0
45420,0
22784,0
17947,0
70306,0
19934,0
36773,0
35608,0
402,0
26651,0
45875,0
30113,2
12684,3
18086,0
88296,2
74112,0
67899,0
11727,0
49835,0
21084,2
36664,3
16772,3
46627,0
89494,0
45497,3
6303,2
26680,0
66927,0
81438,0
63574,0
76591,0
40399,2
64970,3
38277,0
5775,0
47959,0
84170,2
51142,2
27126,0
51077,2
64801,2
23482,2
47604,2
83030,0
6999,0
6411,0
53711,0
21974,0
60623,0
94387,3
62776,0
90868,0
40148,0
60530,0
22888,3
43961,0
16424,0
94770,0
99903,0
2884,2
68522,0
11327,0
41164,0
23117,0
55121,2
72614,0
27094,0
37768,0
64133,0
86344,0
74457,2
34467,3
19734,2
40019,0
45183,0
74987,2
24652,0
9430,0
21432,2
33456,3
59537,0
50817,0
89491,0
7901,0
22288,0
24044,0
8424,0
19476,0
21361,0
90431,2
69509,0
54976,3
91766,3
16342,2
82189,0
87897,1
57724,0
69253,0
40002,0
45573,0
23967,3
98569,0
36561,0
89202,0
10474,0
23174,0
16290,0
71549,0
50108,3
79938,0
91451,2
81206,0
90422,0
41935,3
99791,3
90141,2
53649,3
20432,0
11924,0
38445,0
77096,0
29632,0
79564,2
7040,3
38226,0
54590,0
45448,0
8597,0
17944,0
69858,0
92259,0
2617,0
28833,0
92833,3
44031,0
87008,0
88661,0
13650,2
51319,0
71808,3
31699,3
87904,0
74929,0
57383,2
15254,1
25910,3
94571,0
41864,0
52850,0
97103,3
57985,3
69165,1
76022,3
98000,0
20189,0
2403,3
73755,0
52250,3
46270,2
68523,0
57280,0
72062,2
26041,0
30910,0
70709,2
59571,3
28508,0
36230,3
69501,0
97627,3
63807,3
76410,3
21619,0
47060,3
58480,0
19558,0
89721,0
68193,0
24281,0
63236,3
79644,0
24566,0
28715,0
3549,3
70342,0
88667,1
31618,2
1109,3
40320,0
96142,0
22056,0
46489,0
95884,0
27142,0
7531,0
58789,2
7055,0
57359,0
99821,0
47873,3
44565,3
49849,0
85586,0
94729,0
14935,0
2889,0
87800,2
46386,0
88097,1
81083,0
96673,0
61727,0
89725,3
24579,3
2136,0
40393,0
40210,0
35668,0
91894,3
13585,0
32200,0
12011,2
5078,3
8930,0
54359,2
52675,3
57395,0
35966,3
25185,2
28575,0
5094,2
72004,0
67650,0
94027,0
20783,2
49782,2
22977,0
79034,2
81366,0
94772,0
20255,0
21750,3
18547,2
53685,2
4288,2
52402,1
61113,1
19262,3
76546,3
44767,0
63276,3
22772,0
79233,0
10461,0
878,0
56226,0
58795,0
5154,3
30319,0
10885,0
58866,0
56632,1
49867,1
12689,2
21878,0
25812,0
76981,0
95781,0
82516,0
8679,3
5262,0
7812,3
7315,0
74701,0
19953,0
41067,3
42808,2
78010,2
90740,1
68142,3
90578,0
27513,3
14768,0
46648,3
54642,0
25686,3
4652,0
76251,0
90469,0
98625,0
65697,3
76288,0
11396,0
23352,0
83585,3
83522,0
82294,3
18546,2
54702,0
45490,0
89140,2
1929,0
96217,3
88649,0
59309,0
44709,0
46389,0
85570,0
77364,2
59780,0
76892,0
74237,0
20496,0
84380,0
86530,0
99087,0
2926,0
42177,3
91094,0
55842,0
65967,0
97019,3
74195,0
40842,0
18578,2
80279,0
66621,3
34637,0
19812,0
83441,3
30655,0
16076,3
27706,2
49755,0
77325,2
8507,0
67576,3
39675,0
1304,1
50056,0
56487,0
34007,0
35911,0
21789,0
30982,0
29908,0
59433,0
15442,3
59903,0
42720,2
55819,2
90592,0
23928,0
34966,0
98408,0
69063,2
78876,0
34562,0
86770,2
2760,3
97516,2
11956,2
84661,2
99635,0
26609,0
48295,0
29567,1
51998,0
12381,3
88115,0
15755,3
75529,0
16912,3
11614,3
56691,0
48575,0
82318,0
77093,3
84877,3
86724,0
58578,0
62979,2
79611,0
84275,3
18763,0
43411,0
47291,0
66623,0
75425,2
11971,2
2856,0
65024,2
25811,3
82721,2
90517,2
50318,0
68182,0
91218,3
76041,0
92296,2
42030,2
84164,0
97593,0
87253,0
74451,3
4864,0
20522,0
69762,0
6718,0
78520,0
92208,0
26363,0
33017,0
98348,0
65078,2
66522,0
17008,0
37469,0
26283,0
97567,2
4688,0
16376,0
97739,3
19550,2
85840,0
25575,0
25083,0
22225,0
19530,0
51094,3
12059,0
78668,0
45889,0
95690,0
77828,0
82527,3
40539,0
63922,3
43714,2
4496,0
90082,3
48785,3
75847,0
98038,2
46520,0
14977,0
19508,2
29837,0
99851,0
35340,1
41029,3
51978,3
21022,0
68624,1
40090,1
45879,3
10722,0
64400,0
7353,3
7195,0
73675,3
94152,2
23869,0
209,3
59912,2
95113,2
74255,0
26579,0
5473,0
4110,0
47692,0
94137,0
32111,0
94091,0
86083,2
92588,0
91582,0
29505,2
65572,0
45558,3
67604,2
29675,0
89325,0
26681,3
65548,3
58867,2
92894,2
12985,0
38690,0
68465,0
63267,0
60426,0
86070,0
99279,0
61515,0
679,0
70070,3
60405,3
80915,1
74008,0
3208,3
72731,0
45307,0
14058,2
49557,0
90252,2
66415,0
79668,0
96344,3
35741,0
5051,0
16853,2
45821,0
8136,0
86819,0
38574,0
82823,0
41040,0
91678,3
56512,3
29219,0
5482,1
73688,0
54619,0
408,0
16843,0
55722,2
53520,2
32228,3
6677,3
65144,3
91028,2
14230,0
87198,0
94159,0
99997,3
8420,0
94893,0
49586,0
59052,2
37676,0
21368,0
69970,0
62570,0
18686,0
54496,0
61011,3
50103,0
90101,0
20586,0
70509,0
6570,0
80405,0
15500,2
26893,0
58865,2
93024,0
44544,2
11385,3
25017,0
69627,0
48663,0
98434,0
33103,2
68017,0
77877,0
6820,0
96293,0
59074,0
43931,3
47884,3
96425,0
73916,2
65041,0
358,2
14266,3
12492,0
83471,0
86815,0
49737,0
61627,0
710,0
24751,0
58072,0
27867,3
83729,3
31248,3
88583,0
40481,0
87907,0
25640,3
22333,2
43146,3
17152,3
10000,2
75137,0
41658,2
33571,3
73812,0
20136,3
73611,0
74372,3
16074,0
9262,0
38463,0
32126,3
70600,0
9959,3
8007,0
78065,2
39628,0
34731,0
2882,2
72772,0
19068,3
82645,0
94024,0
55212,3
15584,0
92681,0
70063,2
70081,0
14563,0
84282,3
4722,0
39119,3
11034,0
61296,3
32942,3
85333,2
64833,0
52522,0
49459,3
21483,0
49689,0
99158,1
22698,2
90356,2
69523,0
39954,3
86831,0
6469,2
57604,0
35710,0
20066,0
21040,3
11335,0
9816,0
83578,0
86694,0
6799,0
86191,0
60382,0
92502,3
11223,0
60847,2
19158,0
62756,2
24319,0
50516,0
5974,0
91295,0
32454,0
47716,0
76086,0
9217,0
75507,0
19731,0
47895,0
8378,0
49904,1
27852,2
77157,3
52657,2
71962,0
2791,3
51202,0
81155,0
94986,0
37802,0
25349,0
62326,2
31646,3
91482,1
77816,0
58452,0
80291,0
50567,3
30517,0
74938,3
36265,0
42624,1
3080,0
27005,0
8544,3
46209,0
251,0
37374,2
54592,3
2913,0
24478,2
56694,0
85466,0
13681,0
30011,0
87670,0
61105,0
50058,0
59264,0
76722,0
75935,0
3428,0
40579,2
82805,0
17795,3
56849,0
52962,0
21982,0
83087,0
50082,2
30733,0
54249,0
51898,3
67668,2
88966,0
85574,0
2661,0
65228,0
50441,2
92015,2
71090,0
31424,0
29941,0
42662,0
35020,0
62653,0
83568,0
17734,0
98250,0
87809,0
76881,2
68631,0
78128,0
29597,0
80261,0
46558,3
55532,2
17825,0
98961,3
25895,2
58424,0
28030,0
52710,3
43213,0
61016,0
12069,3
9830,0
22918,0
84226,3
85920,0
13712,0
45283,0
91833,2
37901,0
81946,0
59893,3
39210,0
93099,0
49310,0
61596,0
84504,0
53142,2
43937,0
36174,0
84028,0
25090,0
16276,0
18226,0
9203,0
66955,3
3322,0
69872,0
21732,0
57613,3
26300,0
25165,0
35254,0
8480,3
7814,3
13606,2
53983,3
46314,2
40965,2
92825,0
84825,0
59620,1
300,0
82739,0
20899,0
45763,0
28348,0
21316,0
67050,2
83398,0
49694,0
53085,0
25392,0
19562,0
38260,0
76569,0
12744,2
58491,2
35557,2
65489,0
24514,0
21155,0
22157,0
88579,1
21093,3
7773,0
44003,0
60976,0
49887,0
98487,0
5754,0
89859,1
36369,3
13663,0
86405,0
1163,2
44548,3
62690,0
53178,0
98183,0
21294,0
55548,0
37045,0
59235,0
56499,3
18647,0
35891,0
83659,3
81140,0
69753,0
34915,0
39391,0
82544,0
94881,0
60011,0
70233,2
90539,3
89095,3
91984,0
66624,0
64455,0
87406,0
21211,0
67368,2
61822,0
63163,0
96239,0
48316,3
7828,0
48953,0
82093,0
72464,0
49627,2
7580,0
59152,0
32692,3
20533,0
67365,0
6466,0
14562,0
77854,0
48062,0
38783,0
97526,0
31315,0
14375,0
14992,0
11719,2
77869,1
56111,0
50254,0
77488,0
92584,3
14077,0
84384,3
74364,0
714,0
30527,0
6863,0
67434,2
85475,0
11890,0
72297,0
30329,3
74805,0
99081,0
64537,0
45162,3
52041,0
5376,0
74338,0
91764,3
23860,0
67425,3
59184,0
91347,0
80115,0
42646,2
12772,3
46491,0
46689,0
37829,0
70886,0
41361,0
6813,3
93302,3
23710,2
44828,3
81966,0
85460,0
63258,0
93849,0
69161,0
15538,0
11923,0
44408,3
15490,0
98654,0
92289,0
85785,2
87185,0
8399,2
50193,0
30800,3
9135,3
18183,0
58017,0
70047,2
59295,0
91544,0
97220,0
90522,3
32188,0
59531,2
97851,3
83940,0
55560,2
68473,3
24997,0
82610,3
95875,0
90499,0
3582,0
47828,0
12050,0
5744,0
34484,0
66076,0
36187,0
47452,0
6417,0
138,3
66735,3
26020,0
67388,0
1432,3
62667,0
96640,1
99241,0
96728,0
55398,0
19375,0
34197,0
92741,0
86500,0
44689,0
80290,3
40880,0
73136,0
51723,1
94389,0
14324,0
10958,0
39491,3
4358,0
19996,0
97306,0
59311,2
2143,0
24426,0
49306,0
88474,0
42615,1
40035,2
66986,0
96524,0
74133,0
20022,0
21895,0
97670,0
47045,0
44371,2
16202,0
68080,0
63060,1
8118,0
86229,2
81840,2
44938,0
54185,0
57836,0
24122,0
94800,0
75995,3
84696,0
58232,0
10974,0
78599,0
3733,0
57025,0
59848,3
63329,0
70574,3
16287,0
97040,0
14973,0
93337,2
52935,0
85453,2
210,3
46308,0
94721,3
95110,0
1152,0
30901,3
9328,0
54846,0
64916,0
73132,2
63913,0
71870,3
84287,2
23294,2
9079,0
55382,0
63525,0
94830,0
9976,0
27767,2
10743,3
71014,0
94819,0
53689,0
25106,0
67627,2
571,0
69476,0
43022,2
67066,0
42481,0
51745,2
82796,0
83704,2
52907,2
13284,1
54472,1
6120,0
70833,0
65104,2
89644,0
64243,3
54987,0
23211,0
95314,2
14330,0
78372,0
15537,0
7983,0
46090,0
38012,0
42236,0
11171,0
79014,0
89860,2
53418,0
14986,3
20741,2
55320,0
85366,2
30690,0
90689,0
67500,0
74669,0
24980,3
43952,0
81002,3
98854,3
22266,0
55359,1
12922,2
43583,0
26915,0
83989,2
51881,3
51149,0
25258,1
85733,0
11440,1
16242,0
20350,0
5249,0
14922,0
45792,0
77125,0
94824,0
86438,0
20016,0
11530,0
33188,0
77616,0
22545,0
97156,0
90815,3
84557,0
1046,2
5324,0
71689,0
36491,2
48819,0
81137,0
81908,3
28522,0
57793,2
48362,1
84790,0
24929,0
7976,3
80096,0
87811,1
1690,2
23763,0
14740,3
15458,0
87635,0
23549,0
30975,0
70278,2
7645,2
6941,0
96062,0
90691,2
79079,0
52084,0
54727,0
95405,0
49345,2
38175,0
79055,0
49662,0
56650,0
46878,0
55044,3
28387,3
68081,0
23979,0
66471,2
59573,2
32172,0
82736,3
55070,2
75364,0
15520,0
84995,0
73699,0
67377,0
30243,0
99882,0
37897,1
64996,0
13210,1
4598,0
70537,0
24092,0
12033,0
25569,0
78708,1
32319,0
93198,3
4847,1
24999,0
89975,0
93535,0
41975,2
55862,0
92458,2
96280,0
98131,2
87651,2
8432,0
48703,0
83853,0
20120,0
20141,0
17025,0
58349,2
94580,0
66989,1
36977,3
20742,0
13768,0
48917,0
11416,0
54613,0
28380,0
40056,0
92312,0
10570,0
8755,3
39922,0
22011,3
37047,0
32128,0
2644,0
43899,0
93916,2
92422,0
9905,3
3123,0
90762,3
94282,0
50492,0
98352,0
16457,0
53837,0
9317,2
42849,0
17137,2
27897,3
8476,2
63341,2
6636,0
30111,0
15882,0
26539,2
31368,0
95718,0
66466,0
7739,3
93482,3
99015,0
65890,2
8600,2
49242,0
26303,0
71614,0
86790,0
17821,0
44914,3
19784,0
71319,0
85995,0
42648,3
38809,3
47634,1
43426,0
59159,0
5371,3
99714,0
36379,0
74739,0
91597,3
68158,0
34614,0
66490,2
55194,3
23390,0
1868,2
25336,3
15143,0
37065,3
12065,3
46734,0
2844,0
30657,0
44303,2
20007,3
24922,0
72423,0
11150,0
22882,0
96058,2
20354,0
6357,0
50393,0
79109,2
63832,0
2974,2
40869,3
62890,3
33235,0
2176,0
35707,3
31949,0
4019,0
93554,0
24679,3
53732,0
17950,0
19156,2
56459,2
93324,2
68234,0
54658,0
41413,0
71433,2
79135,3
37924,0
73211,3
73746,0
55942,0
68240,0
27400,3
52223,0
55368,2
33215,3
1732,0
30255,0
66630,0
35240,2
87652,0
59747,0
82525,3
87495,3
42273,2
15165,3
90398,0
85784,0
94460,3
84405,0
71214,0
46767,3
20929,0
20711,0
4063,0
45426,0
3971,0
38307,0
75598,0
2524,3
9857,0
95629,2
69281,2
63756,0
31557,0
46666,0
91729,2
80280,0
23876,0
65023,2
63650,0
87165,0
52411,2
5556,0
15318,0
82,0
58672,2
10821,3
862,2
26104,2
76035,0
72835,1
54232,0
24788,0
29381,0
9064,2
69106,0
55899,0
11798,0
99231,0
49445,2
91965,0
63940,1
80051,0
25681,2
28040,3
82966,1
48748,0
92881,2
68304,3
41377,0
63705,3
42548,3
21719,2
55163,2
79345,3
98966,1
24403,3
61758,0
95649,0
61145,0
86357,0
22374,0
37223,0
28653,2
94948,0
69954,0
26147,0
8391,0
4539,0
96796,0
40739,3
83875,0
76811,0
43482,0
70969,0
42023,0
91770,0
63857,0
67929,0
15485,2
66412,3
91504,3
46161,0
9639,0
75269,1
92235,0
3415,0
8471,0
19195,0
77094,0
73268,0
22164,3
80461,2
12855,0
52614,0
71481,0
94240,0
72050,0
88586,0
49931,0
86439,3
7963,0
30530,0
51186,3
90246,3
79906,3
69746,0
3978,0
58082,3
85680,0
80804,0
18658,3
32704,0
97022,0
60003,2
69873,0
46842,0
47990,0
44931,3
58663,0
62949,3
86025,0
40290,2
87081,2
86904,0
16909,0
75861,0
57379,3
98910,0
26037,2
32608,0
87397,0
55156,2
17468,3
54488,0
94674,2
3260,3
89536,0
56634,0
60073,0
95291,3
61338,0
47949,2
36551,0
83856,0
93209,2
66995,0
950,0
76748,0
14506,0
81794,2
12086,0
41262,2
33820,0
19845,0
66186,0
41087,3
95467,3
48512,3
28883,0
97149,3
33491,0
30322,3
92872,3
31627,0
98915,0
56862,0
89191,0
1881,0
8442,3
61242,3
12177,2
81028,0
43927,3
12865,3
98471,0
6858,3
9913,0
20085,3
86745,0
92999,0
46870,3
58214,0
68102,0
40878,0
36838,0
59602,0
57902,3
73648,0
54624,2
84702,2
32105,0
43541,2
99601,3
76616,0
16051,1
508,2
21693,3
83235,0
9235,0
25913,3
21660,0
16846,0
7845,0
15950,0
77686,0
2163,0
67130,0
65888,2
11495,0
62610,0
43567,2
84846,0
44850,2
28276,0
61272,0
70999,0
15439,3
75317,0
81020,0
52173,0
83466,0
89032,0
83667,0
58189,0
61331,0
24602,0
55793,3
39531,2
85306,3
11734,0
70635,0
23146,2
87521,0
54548,0
941,0
4497,3
43341,0
44642,0
97087,0
29282,2
60151,0
48429,3
63871,3
70707,0
19080,0
68743,3
29471,0
54605,0
52861,0
6861,0
70720,0
69526,2
18626,0
49375,0
3155,1
56745,0
48791,0
46511,0
36900,0
19661,1
38456,1
70949,3
39116,0
44465,3
9893,0
9996,3
47931,0
85836,3
39453,0
64860,0
36519,3
5996,2
10033,2
6994,2
7120,3
83370,0
55057,3
94106,0
49852,0
32348,2
47531,3
64297,2
4258,2
99203,2
59056,3
9239,0
99804,2
21516,2
54329,3
58726,0
32230,0
7290,0
3592,3
89000,0
65793,1
10818,2
58118,2
85152,1
52924,0
58945,0
75008,1
86518,3
47812,0
39676,0
17676,2
2627,0
92559,3
92915,3
67890,0
85777,3
75601,0
45153,2
20531,3
52842,0
86001,2
90899,0
75685,0
59352,0
11134,0
80635,0
54377,3
36886,2
38362,3
35821,0
44742,0
66443,3
7690,0
11609,0
60751,3
31347,0
89782,0
92877,2
93254,3
34729,3
90116,0
96527,0
25761,0
20391,0
64229,0
35167,0
2235,0
21753,0
85794,0
36008,3
79897,3
13247,0
38202,3
94853,0
23254,0
33587,0
15479,0
71217,3
60377,1
86331,1
97647,2
60771,3
43924,2
78748,1
54549,0
33193,2
55627,3
46116,0
58382,0
55367,1
74904,3
68125,0
92316,0
33703,3
38448,0
77826,2
66198,0
80723,0
14901,1
40342,0
39575,0
45473,2
87389,0
69596,0
78203,0
30753,3
2175,1
95028,0
87632,0
35650,0
26292,0
85410,0
31472,0
24332,3
10543,0
15613,0
20989,0
67437,1
43186,0
73168,0
94883,0
91776,2
11661,0
64502,0
92459,0
51082,0
39227,0
47962,0
4681,3
47541,3
49473,2
74581,0
69334,2
86222,0
35590,2
63217,2
59989,3
88774,0
33081,0
60844,0
38167,0
77221,3
7489,0
87528,2
86171,3
10992,0
37290,2
73214,0
28444,3
84564,0
22954,0
52905,0
61788,0
76473,0
49558,0
68322,0
89847,2
65629,2
23140,0
31722,0
66239,0
68574,0
62504,0
14998,0
32617,2
62571,0
66225,3
14118,0
44889,3
87440,0
47519,3
73462,0
23281,0
59835,0
54673,2
58915,0
20938,3
63874,0
1472,2
54069,0
403,0
94131,0
18694,0
94108,0
5858,2
64129,0
38035,0
72969,2
37695,0
21788,3
71724,0
18448,0
5516,0
32320,0
62053,3
37677,0
86337,2
34139,0
14232,0
43623,0
47601,0
5758,0
75106,0
5303,3
3401,0
38831,0
65331,0
91499,3
54860,0
54333,0
48408,0
2671,0
97522,0
29483,0
22897,0
66338,3
35432,2
21005,3
83284,0
51764,0
15916,3
55235,2
66803,3
32171,0
97308,0
49122,0
58433,0
44036,0
71160,3
51706,1
18860,0
3883,0
63031,3
9792,0
57996,3
71219,2
69265,0
16915,0
53253,0
57880,2
72763,2
98545,3
90530,0
27920,3
63875,2
78995,0
45325,0
43011,0
97717,0
35786,0
81866,2
94837,1
17743,3
90933,3
71750,3
76609,0
44933,2
18444,0
92514,0
59838,0
21018,2
41946,0
64120,0
8578,2
72729,2
56703,0
48811,0
52670,3
88014,0
27965,0
13019,3
93164,2
27019,0
27260,0
43309,2
13858,0
36279,3
25034,0
61922,0
8474,2
28579,0
88692,0
16352,0
60595,2
49276,0
85833,0
50279,0
25115,2
3668,3
40512,3
76154,3
114,0
79400,0
20011,0
63073,0
14391,0
31790,0
15765,0
69730,0
35612,0
45184,0
96081,3
41134,0
60592,3
94715,0
14513,3
53046,2
5639,0
44316,0
59187,0
11973,0
34844,0
22390,3
97802,0
86277,0
23529,0
557,0
98293,0
87074,0
74748,0
6764,0
5653,1
7829,0
46682,3
56692,2
21804,0
65341,3
13176,2
36429,0
38373,3
39026,0
87718,3
50913,0
52955,0
13989,0
41387,0
81544,3
70133,0
50278,0
8807,1
35052,0
13536,0
45107,0
55298,0
97086,0
44968,0
33353,0
77313,0
8099,0
94813,1
1641,2
51427,0
63201,0
83368,3
88904,0
11237,3
88366,0
46680,0
38556,2
40102,0
87336,0
38816,0
42934,0
1755,0
12110,3
26895,0
96761,2
66701,3
22530,0
54132,0
51378,3
78827,3
65048,3
30480,3
55265,0
60412,0
34297,3
60642,0
10364,3
22831,3
72557,2
86421,0
48590,1
55299,2
21897,0
40136,0
44336,0
62293,0
30987,0
70771,0
95528,0
91414,0
50613,0
57173,1
33362,0
75726,0
98010,2
53475,0
54361,0
62845,1
96231,0
31683,3
27930,2
55777,2
25977,0
58751,0
85899,3
6442,0
98406,0
67405,0
28607,0
16908,0
92252,0
83741,0
80597,0
47327,0
48980,0
4268,0
14800,2
11041,2
37294,3
15631,0
79692,0
54567,0
88606,0
51405,0
36017,3
41700,0
19313,2
34097,0
74663,0
93948,0
28959,0
71840,0
73669,2
95551,0
94071,0
49099,0
92029,1
59160,2
75170,0
7380,0
73436,0
34670,0
5193,0
56523,0
98108,0
83420,0
16918,0
80342,0
73088,0
37724,0
82028,0
63760,0
1056,0
74130,0
367,0
60390,3
47006,3
14422,3
22256,0
3980,3
33109,0
50062,0
53,0
62285,0
7848,0
15624,1
1415,0
25746,0
83180,0
60472,0
67558,3
81323,3
16093,2
4531,0
97174,2
76049,0
58117,0
70041,3
5122,0
91866,0
38123,0
17929,0
80549,3
19362,0
63149,0
27352,3
44107,3
37740,2
27476,1
51096,1
67486,2
19445,0
44254,0
6084,3
28290,0
70989,0
69171,0
52028,2
77076,0
69078,3
30772,0
45206,2
78178,0
35622,0
89181,0
27844,0
40000,0
59668,0
3342,0
63834,0
62375,3
31939,0
19961,0
86493,0
82484,3
71231,0
18370,3
17885,0
5103,3
51398,2
4654,0
85762,3
26284,1
63194,2
82775,0
24013,0
36299,0
4620,3
74129,0
62164,0
1711,1
65908,0
59650,3
35686,0
68575,0
12932,2
49425,2
33138,0
98737,0
74878,2
45679,3
60060,0
94459,0
68219,2
43586,0
97793,0
55994,2
32290,0
21528,0
31280,0
66319,0
90858,0
72258,0
72822,3
2782,0
93395,3
66336,0
34380,0
87421,0
88207,0
35704,0
81021,2
71209,2
22421,0
49064,0
40914,0
55677,0
47616,2
65467,0
21341,2
5840,0
29367,3
12721,0
58378,0
36494,3
69741,0
92179,0
82228,0
5278,0
48276,3
77114,2
82472,2
64294,2
75168,1
44297,0
41282,2
51323,0
23214,0
54320,0
87602,0
78752,3
87663,2
55248,2
46343,3
1592,2
26777,0
78746,2
82463,2
44995,3
44296,3
6329,0
10937,0
25312,3
93650,0
53690,0
99849,0
39067,2
36452,0
44677,2
3328,0
90909,3
72607,0
35065,1
83613,0
24790,0
51153,0
44550,0
25250,0
7299,2
64884,0
75703,0
10023,2
19992,3
32129,0
71050,2
53954,0
9858,3
75819,0
19100,1
31784,0
90247,0
18792,0
70359,1
50506,0
35763,3
21763,0
27529,0
3261,0
95045,3
27574,0
43957,2
64649,3
94037,0
31875,2
96046,3
38563,0
83772,1
27328,1
21152,0
96316,2
62652,0
50868,0
65370,0
11395,0
33341,3
17057,0
39175,3
93857,0
84250,2
16865,3
86447,3
60083,0
1389,0
47623,3
79904,0
39458,0
44681,2
69809,0
56295,3
99325,2
21236,3
84556,3
15085,3
89981,2
17124,0
39110,0
74086,3
81150,0
63565,3
15794,1
44849,0
15554,0
92190,0
58556,0
891,2
20248,0
49616,3
77997,0
85744,2
13255,0
12979,0
22628,0
7433,0
61951,2
6106,0
33019,0
72014,0
64776,0
57491,2
80141,0
80128,0
81475,0
17466,3
29410,3
9431,0
21,2
80011,0
44588,0
36493,0
55569,3
4583,3
91812,1
42314,0
52115,0
373,0
51091,0
96098,0
29975,0
26341,0
26454,0
28083,0
33038,0
84007,0
17458,0
98825,0
39723,3
67503,2
27148,2
58054,0
79520,0
94080,0
61383,0
24086,3
53379,0
63539,0
35518,0
47265,0
73616,1
3665,2
80385,3
10080,0
27449,0
61968,0
12282,0
79193,3
63573,0
72493,2
56366,1
94192,3
77189,3
95384,0
25182,3
37465,3
1910,3
86812,0
17092,0
92254,3
1535,0
85003,2
89793,0
31031,2
19622,0
35977,0
52201,1
17514,2
40428,0
19608,0
36628,2
46858,2
87699,0
41154,2
59246,0
6315,2
29652,0
15832,0
17376,0
2623,0
25669,0
22930,0
43571,0
69833,0
73940,2
23064,0
56387,0
52144,0
54422,3
35702,3
33347,2
10555,0
55084,0
28133,2
26009,0
82226,0
62885,2
96701,3
39642,0
16906,2
6452,3
10918,0
73547,0
37433,0
81260,0
96501,3
39760,0
52264,3
2501,0
94535,0
66815,3
83602,0
63296,3
88010,0
99220,0
59589,2
24681,0
70689,0
50656,0
92841,0
55534,0
79514,0
76797,0
72259,0
69681,0
44571,0
59203,0
6586,0
2996,0
91255,3
24491,3
23588,0
13451,0
73850,3
50568,0
12214,0
50906,0
43624,2
96678,3
34572,0
39331,0
31583,0
88125,0
93309,0
70827,0
98067,0
21059,2
53590,3
61225,0
1770,0
13278,2
90632,0
66038,2
68778,0
70788,2
40568,0
52245,0
94078,0
85138,3
95855,2
43339,0
45369,0
28924,2
57314,1
50611,3
58153,0
47179,0
57201,2
29426,0
42815,0
88466,2
35924,3
20365,3
2077,2
25100,0
65597,2
25458,0
99225,3
20235,0
9772,0
81826,0
92643,3
56380,2
17381,3
27435,3
39262,0
59847,0
45259,0
11654,0
61504,3
9729,2
54930,0
90635,0
51249,0
16996,0
97339,2
53788,0
29260,0
15719,1
44198,0
47818,2
73208,0
92927,3
85780,0
13485,0
41292,0
24854,0
59407,3
75238,0
44613,3
63883,0
93757,0
64515,0
30485,2
56133,0
69066,0
8560,0
44847,0
59227,2
192,0
90980,0
1840,0
24258,0
83190,0
94429,2
1610,3
62066,3
15821,0
92336,0
27911,3
82206,0
48587,0
86179,3
85976,0
43933,1
91696,3
93272,0
62069,0
4459,0
48445,0
69193,0
40600,3
81486,0
92821,0
60202,0
76010,3
88934,0
96105,3
51373,3
89004,2
51761,2
18116,0
14392,0
68445,0
29979,2
58615,0
47896,0
33066,0
13403,0
26063,0
92478,0
51940,0
27370,0
88022,0
89964,2
12095,0
80786,0
29898,0
97468,0
21044,0
62416,0
7801,3
84392,0
17523,0
12350,2
23719,0
68596,0
57007,0
17515,3
51303,0
86244,3
78046,0
11487,0
52324,0
63983,0
95430,3
12227,2
68549,2
76268,0
66812,0
32360,0
61023,0
31735,0
95103,0
37637,0
34663,0
75363,0
73520,0
48987,0
15061,0
31246,0
28986,0
3623,0
28828,0
81976,0
41893,0
83389,2
59471,0
79772,0
30763,0
15477,0
11005,0
1137,0
58440,0
25378,1
37004,0
44317,0
75667,3
58988,3
5465,3
53530,3
26575,0
50792,0
93303,2
84453,0
67237,0
82808,0
73253,0
9673,0
96248,0
79200,1
11710,0
86659,0
95621,0
25261,0
64716,3
76786,0
95168,3
3972,2
74124,0
70852,0
71630,2
80653,0
9193,0
92676,0
26225,0
92586,2
66644,0
91162,0
48405,0
94610,0
49191,0
14486,0
38313,2
71788,3
44450,0
85795,3
24272,3
33548,0
32996,2
60612,0
23432,3
97750,0
47511,1
88137,0
57339,0
11621,0
96693,0
47801,0
84607,2
44225,0
74961,1
54273,0
7264,0
91336,3
75560,3
4573,2
8772,0
51696,0
7218,0
45100,1
8201,0
55427,3
64408,0
26803,0
93873,0
58494,0
1621,0
91054,0
36845,0
60142,0
1593,2
77662,3
84700,2
32963,3
2574,0
13464,3
83933,0
69101,0
39925,0
14954,0
2475,0
65902,0
23027,0
7119,0
50320,2
61277,3
26435,2
45517,3
58445,0
80619,0
52481,2
13129,2
86899,0
67875,0
10899,3
66513,2
3663,0
53929,3
57729,2
74592,0
36524,0
91068,3
94920,1
36559,0
87864,0
62766,0
67054,0
57585,3
47255,0
15608,0
40240,2
54011,0
5574,3
85801,0
61251,0
2789,0
121,0
70661,0
78960,0
886,0
97023,0
50669,0
50664,0
22097,3
80998,0
47575,3
65322,1
52279,0
58216,0
81985,0
56015,3
97560,0
62763,3
30433,0
1369,0
84720,3
6864,0
71381,0
59907,0
99607,2
90621,0
4406,0
19919,1
80863,0
30474,0
29319,0
78041,0
76475,3
87223,0
83014,3
51449,0
90161,0
94397,0
70972,2
61147,0
74543,0
22885,3
19389,2
34802,0
93096,2
12195,0
42193,0
17207,0
13240,0
35305,0
53271,0
53738,0
62598,0
7122,2
71347,0
38953,0
91227,0
10289,0
6823,0
52503,0
77041,0
17138,0
74695,0
19035,0
14218,3
83976,0
64079,0
16232,0
96075,0
45141,2
73687,3
47023,0
29226,3
1643,3
45616,0
27484,2
41727,0
90429,3
68865,0
982,3
13785,2
7399,0
72289,0
64976,0
56308,0
86348,0
79536,3
50751,0
62188,0
88645,2
17415,0
89356,0
14049,0
99802,0
12102,0
69297,3
25802,0
43363,0
32293,2
45209,3
8650,2
54076,2
44379,0
86295,0
10834,0
91055,2
59488,2
2463,0
38520,0
60671,0
96889,0
47713,0
3333,0
84387,0
56975,0
61098,2
83906,3
50708,3
99723,0
3177,2
25357,3
77921,0
10307,0
17571,3
7138,3
16775,0
38507,0
61945,0
86253,0
7427,0
35142,0
32944,0
28531,2
30347,2
63206,0
85166,0
88716,1
47135,3
75992,0
73925,0
790,0
58891,0
50979,2
95139,0
72444,0
42607,0
23666,0
47348,2
2685,0
99457,3
69312,0
34308,3
92006,0
11140,0
78136,2
31229,0
49903,2
86081,3
49157,0
58748,3
68061,0
83211,3
24058,2
71787,0
95409,3
99578,0
95035,0
43747,0
48573,0
33477,1
34906,3
376,0
72808,3
81909,3
33747,0
1318,0
64095,0
81345,3
66553,2
25514,3
13605,2
6083,0
85634,0
95326,0
23970,0
73650,0
20915,0
81930,0
69818,0
40300,0
21260,0
87049,0
53902,3
99104,0
74859,0
57497,0
41155,0
84040,0
20841,0
88508,2
37090,0
14792,0
84315,3
28931,0
86315,3
38955,1
6156,3
12693,0
26753,0
44265,3
80808,2
24924,2
98546,0
45630,0
77618,0
13757,0
23594,0
97783,0
10666,0
3587,3
10201,0
35887,0
17238,0
66833,0
13618,0
85524,0
66544,3
44359,2
15020,2
96077,0
96972,0
42161,2
36626,3
61416,3
44899,2
71348,0
91480,0
65615,0
17164,0
5897,3
9507,0
5763,0
44064,0
79705,0
83530,0
83133,3
6465,3
67436,3
12677,0
67818,0
71102,0
91989,0
86870,0
93374,0
42580,2
1234,0
9827,0
10820,3
62838,3
56201,0
18299,3
16362,0
44205,3
1551,0
97379,0
32238,3
5898,0
95980,0
93294,0
14952,3
62810,3
45171,0
22914,0
80832,2
18535,0
76386,2
19408,3
9612,3
35618,0
22509,0
97922,0
81266,0
90346,2
94427,0
55496,0
38894,3
60939,2
76193,0
43151,0
54,0
36781,0
25324,3
28528,0
54102,0
22803,0
92381,3
7379,2
89893,3
32045,0
35238,0
31663,0
94928,2
66045,1
57020,3
95019,2
58606,0
96102,0
36907,2
12311,3
77238,0
70667,2
17806,3
98879,0
78039,0
84754,0
36918,0
91113,2
12272,0
45632,2
20566,0
47599,0
11372,0
53746,2
78370,0
8409,2
24743,0
32838,0
52804,0
83117,0
49886,0
72990,1
12899,3
14713,3
77983,3
64758,0
40685,2
70586,0
40369,0
21424,0
82287,0
83818,0
26403,0
94058,1
49319,0
19947,0
88570,0
35734,0
19612,0
59357,0
40453,3
98830,3
76109,0
62172,0
24527,2
86516,0
85543,0
93243,0
47950,3
50843,0
63804,0
85629,0
18421,3
33213,0
11273,0
38950,0
41305,2
41909,0
27227,1
15674,2
10947,3
40045,0
83203,0
92032,2
54999,3
479,1
54057,0
82390,0
69477,0
29768,2
84776,2
80719,0
25692,0
3718,0
8900,3
71818,0
18992,0
78861,3
91401,0
79483,2
46847,3
78974,0
98843,0
78230,0
15244,3
38285,0
27325,1
97473,3
18851,1
31133,3
35658,0
4253,3
33803,0
58944,3
64505,0
83336,0
37706,2
43273,3
84588,0
41881,0
21212,3
946,2
46042,0
98799,0
14107,3
58499,3
48922,2
41161,0
487,0
69154,0
84483,3
57572,0
13962,3
58535,0
2246,0
11113,0
85086,0
77171,0
7225,3
14000,3
4249,0
96966,0
59216,0
75612,2
42925,0
12172,1
96401,0
78931,3
2393,3
61680,0
73829,3
14698,3
78117,0
51577,1
89795,0
81122,0
4159,0
39244,3
48425,3
95184,2
53538,0
56824,0
31633,0
78005,3
21554,0
84866,2
34691,3
13582,3
45383,2
13664,0
77082,0
77387,0
78820,0
54769,0
81615,0
94220,0
36410,0
57320,3
93903,3
65249,0
84933,0
21382,0
85139,0
37497,3
76018,0
15352,0
1972,1
60268,0
61568,3
56382,0
45699,3
17264,0
7981,0
83386,0
48954,0
94827,2
38316,2
98753,1
64378,3
47413,0
74928,2
23780,0
39065,0
82614,0
95579,0
15643,3
80576,2
30041,0
67331,0
52246,0
34883,0
60567,0
68400,0
9701,0
20885,3
96752,2
72928,3
98658,0
4591,0
65293,2
16240,0
23480,0
46519,3
82996,0
61141,0
76256,0
13326,0
33805,0
38101,3
61660,0
21365,0
83751,0
45518,0
63482,3
7644,0
19047,2
30715,0
17390,2
98491,2
44494,0
50904,0
17429,0
20173,0
99986,0
33225,2
45651,0
35301,0
92341,0
49434,0
82091,3
91487,0
2618,0
35687,3
78494,0
48443,0
37029,2
10785,3
23439,0
48049,1
443,0
52898,0
23811,0
30023,0
38655,0
46298,0
1394,0
70302,3
38396,1
25788,0
21646,0
37243,3
67023,3
30618,0
37285,0
52702,0
84468,3
93059,3
96161,0
62724,0
37734,0
57738,0
1902,3
81337,2
720,2
44074,0
36770,0
85844,0
70842,0
6950,0
6778,0
87682,3
46132,3
52807,3
6592,0
72645,0
71523,3
47490,2
5437,3
773,0
42376,0
91844,2
70078,0
70506,0
37793,0
24316,0
85439,3
96351,2
27675,2
43122,2
72054,0
63732,3
8383,0
31975,0
31590,0
96711,0
30488,3
74990,2
20361,0
28384,0
739,2
57294,3
79949,0
14567,3
17069,0
39671,0
21411,0
38542,0
40768,0
64687,3
64451,0
37517,0
3608,0
88438,3
38797,3
44464,1
68799,0
59997,0
44241,0
52642,0
53674,3
55104,0
67817,0
89633,3
57765,2
39040,0
1160,0
22648,0
32973,3
11128,3
31923,0
40096,0
28910,0
229,3
96238,1
74601,0
85089,0
6604,0
75299,0
41979,0
94728,0
79932,0
34141,2
25332,2
33462,3
47802,0
11269,0
53448,3
13436,0
99568,0
18478,0
31689,0
90519,2
23225,0
62685,0
56284,1
12498,0
23392,0
60421,3
83991,2
52605,0
46370,3
25975,2
2718,0
52164,0
61890,0
93677,2
91893,0
44333,3
68019,2
37852,0
93908,3
33330,2
93713,1
55841,0
95955,0
88791,0
30892,0
40744,2
57516,0
32751,2
54174,0
53595,3
38374,0
94675,0
22012,0
70338,0
90720,0
77253,2
9829,0
9478,3
512,0
67814,0
69603,2
90948,3
82218,0
44343,2
78124,3
35993,0
64023,0
19648,3
15424,3
49273,0
91630,2
26868,0
36208,2
3025,2
68610,0
18493,0
90513,2
15183,0
87542,0
74177,0
87422,0
50958,0
75104,3
89287,0
46970,0
14555,3
45037,3
13733,3
45159,0
83699,0
32378,0
6256,0
53766,3
72440,3
11756,2
36403,1
74888,2
89345,1
11359,0
49650,3
85849,0
55710,0
96681,0
25892,0
95021,3
95709,0
17055,3
53592,0
65508,3
43166,2
9127,1
9602,0
45905,3
21843,0
2448,3
67924,0
76152,0
23054,0
89268,2
40586,0
14617,0
85496,0
57780,0
53435,0
77513,2
70601,0
87816,0
50840,3
58719,0
49374,0
49628,3
56965,0
45859,3
2744,0
71431,0
10774,0
90705,0
32648,0
744,3
82065,0
97574,0
63668,2
23771,3
45626,1
92466,3
68373,3
27172,0
20448,0
61575,0
6679,0
38399,3
93214,2
66188,1
4461,0
18153,3
13798,0
41395,0
20216,3
50287,0
67981,0
4885,2
11009,0
53236,0
83451,0
77781,0
54649,0
35596,2
80409,3
72183,0
54050,3
7743,0
99320,0
96607,3
67211,0
28893,3
52213,3
55904,1
38967,0
46646,1
32249,2
67932,0
10391,3
3112,0
98461,0
63739,0
30067,0
78757,0
37327,3
50560,0
65486,0
25993,0
52329,3
8836,3
60256,3
97839,3
62111,2
22008,0
92638,3
14895,0
79647,3
51312,1
58027,0
76403,0
95834,2
71782,0
25236,0
21388,0
65364,0
31321,2
12717,0
70907,3
64930,0
5502,0
93278,0
88203,0
94970,2
52535,0
92131,0
2594,0
84944,2
50198,0
43929,0
72180,0
74494,0
57709,0
64345,0
54220,0
1029,3
35602,0
77764,2
4290,0
24585,0
81327,2
2482,2
88794,0
39007,0
24985,1
41448,1
19135,0
13643,0
55037,0
31015,2
56460,0
13185,0
52234,3
12535,0
3152,0
76816,3
98813,0
65454,0
61248,0
19726,0
1792,0
59770,3
66871,0
66970,0
85699,0
59422,0
61826,3
32927,0
38121,1
88209,0
95544,0
657,1
78304,0
2586,3
53935,0
33797,0
22905,0
83655,3
51309,0
591,0
71654,2
33642,0
71148,2
92593,2
52882,0
97014,3
17940,2
13294,0
76316,0
62096,3
39941,0
19292,0
46940,0
42,0
57074,0
28530,0
43566,0
38213,2
33152,2
5762,0
4054,0
87692,0
28553,0
7832,0
91690,0
57826,3
79944,0
93040,0
63542,3
71989,0
39625,3
60760,0
24551,0
38779,0
40151,0
15332,0
271,0
44188,0
83283,0
35313,0
22804,3
880,2
22153,0
39105,0
51250,0
50077,0
75281,3
92768,3
39829,0
24229,3
72656,1
54636,0
56426,0
95646,0
81814,0
7250,3
7167,0
56322,0
66870,2
13400,0
3635,0
23148,0
73212,2
94871,0
86046,0
76554,0
66080,1
65720,3
83534,0
65647,0
10726,3
29568,0
77058,0
53913,0
12399,0
5104,0
92712,0
12955,0
66058,0
83333,3
775,0
84249,3
6678,0
66041,0
99595,2
31988,3
71329,0
49011,0
50129,0
32628,3
62286,0
47669,3
16599,2
60830,0
91858,3
69499,2
1095,3
37192,3
45830,0
25992,0
67686,0
33182,0
99273,2
33366,0
52496,3
34622,2
65237,0
96396,0
70285,0
6092,0
4519,3
49463,0
28926,0
30252,0
82640,0
85505,0
68372,3
95937,3
77915,0
1764,3
82270,0
5495,0
41041,0
17887,0
78229,2
31788,0
55531,0
65178,0
23300,0
91244,0
74613,0
70554,0
94684,3
92288,3
36492,0
79102,2
19098,0
50717,3
800,0
87282,0
41349,1
65932,3
61117,0
51008,0
60544,3
43287,3
15951,2
87407,0
42439,0
82170,0
50735,0
95873,0
50811,3
4426,3
32081,0
12819,0
53508,2
26979,0
86719,0
51156,0
98717,3
43611,0
12707,0
37808,2
29474,0
34566,0
52805,0
94790,0
90533,0
73146,0
93532,3
82940,0
52838,2
99181,2
90494,0
40792,0
78663,2
96099,2
56199,2
79988,2
23747,0
20660,0
66791,1
98437,0
53594,2
41873,0
44570,0
72497,0
43968,3
50300,0
2441,0
38060,0
90680,0
26433,3
86382,0
42182,2
62747,3
9265,2
80836,0
51339,0
28261,0
34779,2
56543,0
27600,0
2366,0
37532,0
10733,2
79865,3
6952,0
88236,0
13919,0
41355,3
99623,0
79523,0
5792,0
44187,0
27874,0
3799,0
53348,0
57195,3
234,2
25389,2
29629,2
58038,2
90926,3
7268,0
93244,2
98630,3
45911,3
55501,0
23351,0
24298,0
804,3
55225,0
53984,0
92936,0
41367,0
6080,3
50514,0
14938,2
51221,2
65542,0
57250,2
58215,2
77428,3
55566,0
8924,0
32410,0
2649,0
63448,0
87512,2
54462,0
66102,3
42700,0
48565,3
55294,3
21116,2
82704,0
31283,2
54867,0
64301,0
67208,0
41925,0
15532,0
62383,3
40873,3
78297,0
82498,0
37593,0
29466,2
60499,0
27504,0
69775,3
95765,3
58677,0
91121,0
1896,0
74173,1
29949,0
99739,0
26425,2
25520,0
60802,0
23729,0
14856,0
33267,3
29759,0
44420,0
48638,3
41575,2
25094,0
73742,2
20674,0
42063,2
50612,0
712,0
43667,0
83626,0
59986,0
31828,0
38247,0
92922,3
47054,0
93381,0
31172,0
60962,2
3560,3
16645,0
54843,0
99238,0
36072,0
65340,0
2486,3
81793,0
93240,0
19028,1
81756,0
88683,3
30432,0
36053,0
64247,0
94086,0
60934,2
72352,0
89630,3
57915,0
80198,3
60932,0
76406,0
87730,0
11011,0
5817,0
64633,0
5215,0
21416,0
22756,0
64051,0
86804,3
33853,0
89504,2
78143,0
83672,3
32356,3
4421,3
86114,0
10620,0
5415,2
57035,2
4622,1
80313,0
4215,2
52676,0
4293,0
18837,0
35395,2
50504,1
44203,2
51000,3
62612,2
60495,3
81653,2
52432,0
91031,0
31222,2
59597,0
50013,0
12623,0
95135,0
33321,0
97777,3
52416,2
8354,2
83850,0
98033,0
22808,0
80819,3
27230,0
6423,0
89573,2
47254,3
82227,0
23147,3
42230,0
73997,0
73025,0
49956,1
32959,0
73011,2
81465,0
79499,3
25972,0
43739,0
29434,3
44803,3
77950,0
2115,0
79214,0
54214,2
16780,0
48280,0
15751,0
50985,0
52542,3
82754,3
31486,0
22551,1
93541,2
30321,0
59222,3
16768,3
54058,0
60285,0
84171,0
76067,0
78245,0
2193,3
62777,0
18634,0
62352,0
88882,0
26742,0
68149,0
68944,0
27630,2
46222,0
58708,0
20421,3
88523,0
47307,0
70174,0
97734,2
80255,0
28278,0
39768,0
95706,2
39312,0
11726,0
64624,0
44178,2
17541,0
23239,2
66512,2
74722,0
3758,0
69907,0
72533,0
65059,0
41145,0
23193,0
35250,1
66962,0
39161,0
28720,1
19514,2
49508,0
68708,3
68653,3
80850,2
84135,3
28240,3
23415,0
40898,1
58886,0
53344,0
44617,3
41459,2
34747,3
48925,2
37934,0
15317,0
30519,0
87392,0
38228,0
21193,0
23176,2
59577,0
23508,3
91553,0
39035,3
66006,0
79383,0
86820,3
23382,2
82886,3
60085,0
23692,0
20093,0
24644,0
86202,0
36339,0
59671,2
99641,0
8178,0
69367,2
69839,0
73380,3
1564,0
49185,3
46414,0
77738,3
63493,0
45502,2
9969,3
77914,2
22120,0
74126,2
82064,2
86600,0
37540,0
28017,0
24576,0
55495,3
63421,0
35988,1
68784,2
61836,2
87055,2
25318,3
18264,0
69682,2
67397,3
27135,1
20561,1
30188,3
63706,0
24583,3
99402,3
62180,3
60811,0
5469,3
74462,0
20548,0
92580,0
50102,3
27062,3
56753,0
12519,2
72154,0
64063,0
98511,0
95714,0
99285,0
44183,0
32313,3
20263,0
14559,3
65356,0
35831,0
10200,0
27392,0
46665,2
25128,0
18934,2
5976,0
31841,0
4534,0
92297,2
32946,0
12186,3
72418,0
5100,3
30962,0
6472,0
61299,3
4486,0
26843,3
66662,3
97818,3
27579,0
41278,3
9659,0
87057,3
46075,0
45042,3
35508,3
25847,1
4377,0
15586,0
82144,0
34299,0
79448,0
83686,2
66048,0
94691,3
83111,0
88707,0
29432,0
53622,3
85821,0
98097,3
56205,0
91753,3
24464,0
96540,0
79779,0
81836,3
53810,2
50378,0
16312,0
38127,0
24605,2
25697,3
87952,0
7065,2
4544,0
92144,0
38939,3
82426,0
33512,3
95666,0
15444,0
81801,0
56735,0
71707,0
63293,0
5591,1
48140,0
82445,0
91433,3
96596,0
15375,2
87767,1
55718,0
81306,3
9801,0
25564,3
19373,3
78951,0
65230,2
8953,2
24589,3
39688,0
47275,0
30765,0
41018,0
17938,0
32524,0
25456,0
18958,0
43763,3
53988,2
52534,1
40703,3
33361,1
50835,0
36374,0
63578,3
17099,0
13312,1
97370,0
46534,0
10145,0
45658,0
1106,0
4451,2
76490,0
73857,0
27710,3
69567,0
59542,0
71560,0
35430,0
38168,2
20911,2
51208,0
34087,0
77482,0
95933,0
90172,1
80151,2
69914,0
72076,2
46805,3
33534,0
29019,0
4460,3
9599,0
95209,0
57150,0
70421,3
6113,0
10238,0
9184,0
69723,2
54627,2
89419,0
86838,0
77148,0
89932,3
96618,2
82585,0
67019,3
79051,0
89005,0
92051,0
14726,0
59870,2
50690,0
21840,0
95909,0
30635,0
51042,0
77849,0
9278,0
68477,3
66193,0
24800,0
80307,0
62646,3
73205,0
46449,0
54412,3
39012,3
87490,0
68926,1
38581,3
69667,0
67214,0
90603,2
80315,3
84621,0
87962,3
88801,0
56086,0
51348,3
77544,0
61270,0
89098,0
87469,0
31849,0
37878,0
4084,0
27926,3
95878,2
66582,0
13672,3
33258,0
69152,0
20452,0
9377,0
2659,3
8980,0
93848,0
21809,3
89698,3
66548,3
53429,3
43034,0
57540,2
13926,0
46838,0
60196,2
62823,2
6685,2
53054,0
84677,3
37822,0
47480,0
53819,0
44782,0
72204,0
66545,0
34353,0
20569,3
80037,1
41766,3
45258,2
16317,3
16507,3
8737,0
12260,0
66692,0
5052,0
11302,0
77608,0
66524,0
64528,0
22348,0
80708,0
97080,0
89538,0
20318,3
72896,0
21073,0
97389,0
1195,0
29931,0
80130,0
99059,0
60455,2
94456,0
17956,3
12906,3
437,0
59213,0
61523,0
6321,0
51357,3
10975,0
49027,0
92403,0
57449,0
47350,0
42471,3
6549,2
2609,0
84242,3
92354,0
69665,0
11212,0
2225,3
15982,0
48631,0
60176,0
58347,0
19209,0
46162,3
91841,0
82932,0
53806,0
95952,0
38834,2
44058,0
54463,0
25540,0
49420,0
48409,0
79224,2
64865,0
80609,0
10494,0
42478,2
77841,0
51383,2
60573,0
50107,0
24723,0
30026,0
30162,3
29382,0
62379,0
75441,0
22901,0
37910,3
73503,0
19913,3
2924,0
10929,2
32497,0
98049,0
16109,0
97031,0
7542,3
49418,3
35845,1
61954,0
533,2
2064,0
28322,0
21288,0
9837,0
72891,1
49556,0
95619,3
90053,0
56806,2
1044,0
91155,0
4533,3
84857,0
15230,2
31056,0
58493,0
42584,0
85231,2
82660,0
27491,0
72807,2
24974,3
42127,2
79052,0
23377,0
62418,3
57231,0
61795,0
14053,0
8186,2
7050,0
39845,0
44117,0
96397,0
85934,0
88302,0
61453,0
2447,3
9971,0
12773,3
52566,3
65656,0
73159,0
9584,3
26184,0
12863,3
9363,2
34027,0
16278,0
73237,3
63889,0
53442,3
98775,3
16236,0
70895,2
28453,2
25364,0
81817,0
27474,0
27305,1
25178,2
67569,0
36658,0
52957,3
67778,0
57374,0
93494,0
88937,0
18531,1
72036,0
9427,0
39051,3
18642,0
48651,0
79441,0
65536,0
42403,2
84057,3
14865,0
44754,0
55876,2
49435,0
19388,3
82884,0
28858,0
15177,0
29220,0
47954,0
57426,0
31938,3
53077,0
95721,0
63432,2
86444,1
61972,0
2558,2
64478,0
7491,2
73951,0
25981,0
21409,0
99720,0
60203,0
38863,0
79016,0
51644,2
50043,2
3682,0
66950,0
35347,0
29893,0
34310,0
27262,0
7131,2
58404,2
94818,2
95932,0
50782,0
92228,3
20323,2
3176,0
25823,2
88731,0
52052,0
65250,3
65951,2
20138,1
88401,0
3594,0
24761,0
29671,3
2086,0
17368,3
91280,3
24718,0
13239,3
18666,0
40261,0
36572,2
26754,0
69103,0
23101,2
28178,0
9374,0
22561,2
54760,0
68332,0
18358,0
20435,0
40449,0
41688,3
54450,0
90130,3
24917,3
96032,0
83625,2
48005,2
40463,0
30159,3
95210,0
75371,0
75618,0
30944,2
34131,2
97894,3
43020,0
58407,0
93345,0
5966,0
65437,0
58800,3
53269,0
59685,0
66935,0
69335,0
20034,0
21565,0
78220,3
51548,0
78322,0
13303,0
37056,3
936,0
60026,0
71568,3
2505,3
95090,3
10700,3
18980,0
85968,0
28107,3
90989,2
37620,0
47277,0
42024,0
79189,0
56966,3
89229,2
64836,0
93651,0
99202,0
27220,0
21113,0
69742,1
17923,1
47394,3
90462,3
87017,1
30088,0
95891,0
60413,0
94711,0
7565,0
26949,2
56518,0
93362,1
1613,0
4383,2
44554,0
93171,0
9152,0
18949,0
66599,0
60407,0
30089,3
12690,0
5649,2
73594,0
4967,0
79372,0
90677,3
99277,2
52049,0
77750,0
20523,2
57115,0
22445,2
26862,3
13624,0
51681,3
93670,0
20906,2
73116,1
99656,0
72543,0
99151,0
34198,0
51363,0
62723,1
59055,0
1742,0
81143,0
12869,0
66730,0
64070,0
58942,3
68414,0
40052,0
85256,0
92219,0
58549,0
26468,0
45981,0
58446,0
4927,0
49896,2
36654,0
7465,0
84539,0
54584,0
35325,1
61100,3
70529,0
41329,3
13843,2
60116,2
82816,0
17270,1
17019,3
76315,0
75753,0
54502,3
17491,0
26496,3
36737,0
90390,0
84939,0
44645,0
42857,0
94248,0
95942,2
22473,0
58086,0
53672,0
4221,0
4855,2
55691,0
84510,3
63900,0
64934,0
38965,2
63979,2
57791,2
83149,0
13474,0
30574,3
22083,0
31676,0
12561,0
47288,0
48491,0
60784,0
54352,0
82433,0
39513,1
3263,1
83101,0
65617,0
67785,0
21191,0
90875,0
61058,3
66195,3
28692,0
10828,0
61373,3
62956,3
74525,3
75077,1
27443,0
61444,0
81520,0
19340,0
74441,0
14502,0
36092,0
15690,3
95448,0
51702,0
65595,1
40621,3
92280,1
23537,2
74555,2
15079,0
98855,3
19277,0
86643,0
35182,3
8400,0
41531,0
46224,3
73721,3
72598,0
80935,0
72384,2
58657,3
67649,2
30279,0
3370,0
46139,0
77240,0
55148,0
5995,0
81239,0
61626,0
42656,2
13968,0
67867,0
42373,1
11342,3
27201,2
27408,0
73483,0
15692,2
20784,0
8020,3
83573,0
23942,0
30469,0
85876,2
42064,3
11757,0
78965,0
23597,3
78397,0
19451,0
10103,0
54321,0
5099,2
66804,0
72026,3
97215,2
78804,2
84220,0
20624,0
24634,3
68946,0
52829,0
23688,3
20143,0
91652,0
67831,0
8144,2
8937,3
56998,0
44622,0
11069,0
22155,0
76029,0
95160,3
19354,1
11982,0
47729,0
57326,0
85974,0
79045,3
6512,0
46998,3
58285,2
44045,0
63284,0
28149,3
51554,0
15472,2
57823,2
73216,2
81767,0
69384,0
99452,3
5041,0
28753,0
14463,0
72078,2
46347,0
57386,0
29431,3
30546,3
16495,0
89908,3
93453,3
84910,3
75092,0
85236,0
69192,0
11399,0
97390,0
91352,0
54348,0
99731,0
1974,0
58365,2
66468,0
57533,0
65905,0
13752,2
54186,2
95092,0
69288,0
73064,0
54468,2
13084,3
37096,1
28130,0
77644,0
67455,0
62865,0
79649,0
84113,3
86468,0
94783,0
99418,3
73799,0
54690,0
39333,3
98429,0
34433,0
60453,0
55707,0
11354,0
86387,0
92953,2
96027,0
42805,0
49000,0
49934,0
66659,3
60428,0
37543,3
79277,0
49969,0
9766,3
86522,0
21537,3
82350,0
80715,0
67715,0
29571,0
63909,0
77188,0
77331,0
14440,0
6081,0
61770,3
45384,0
93997,1
11213,0
43217,0
28168,0
57870,0
69273,0
36103,3
47999,0
97620,2
26869,3
90570,0
85887,3
98540,0
28509,0
36506,2
38920,0
40743,0
58542,0
78311,0
78731,0
45396,1
40360,3
55142,3
58002,3
98199,2
38488,0
88038,0
88984,0
48535,3
62055,2
34668,2
24797,0
48224,0
45876,0
42490,0
66439,0
74203,2
3274,2
4500,0
55910,0
94036,0
38881,3
16002,0
9180,0
98610,0
51700,3
24884,0
11338,0
46320,0
85739,3
43218,3
40119,3
68020,0
58896,2
33431,0
36862,0
4679,0
96174,0
57458,0
22935,0
27684,2
32758,0
23409,1
69088,0
26006,0
83241,0
64427,0
53692,2
31341,3
36291,2
2645,0
17685,0
52312,2
17694,0
65996,0
23727,0
41996,0
37008,0
72262,0
89523,0
24240,0
44080,3
66399,3
6886,0
9676,2
17473,0
12153,0
74753,0
98983,0
96206,3
85184,0
82913,0
25550,0
64276,0
36453,3
60037,2
47579,0
69129,0
72475,3
64690,0
92445,0
92485,1
93702,2
99345,0
96843,0
62771,0
16971,2
31889,0
19091,0
56441,0
84440,2
90610,0
20165,0
82329,0
91134,0
31409,0
67765,0
82176,0
535,0
14359,0
90185,1
49664,3
282,3
20941,2
98022,1
98030,0
76703,3
85734,3
99392,0
57583,2
4801,0
55665,0
35727,0
71952,0
52032,0
5152,0
47784,0
76820,3
37882,0
94014,0
42139,2
59347,0
87894,0
95761,0
7101,0
45618,0
85076,0
59193,0
77954,0
45223,1
68392,0
977,0
89237,1
14585,3
13692,0
47518,0
99257,3
89416,3
63093,0
10542,2
63338,2
7895,0
71589,0
40896,0
67545,0
16418,0
36839,0
469,0
77782,2
27258,2
75809,0
77746,0
39135,0
53217,0
29637,0
41445,0
8708,2
46144,0
79020,0
49571,2
81365,0
45414,0
49785,0
65109,0
97200,3
18978,2
59096,0
33189,1
83912,0
33513,0
31442,0
87104,3
16933,0
43543,2
91273,0
56875,0
9740,0
98417,0
15702,3
63553,0
44419,0
46067,1
41843,0
5222,0
3453,3
65527,0
76669,0
45034,2
44421,0
8184,0
26711,0
71959,0
51495,3
60978,0
8892,0
95948,2
2016,0
60711,0
47076,2
52693,0
87327,0
34847,0
9480,0
88827,0
85907,0
17925,3
70789,0
69865,0
61223,3
59061,0
63905,2
61630,3
58633,0
46720,2
96589,0
6737,0
65724,0
6932,0
35374,0
84005,2
4484,0
43715,0
84053,0
13389,3
67453,3
6361,3
31578,3
51565,0
32947,1
904,0
45033,3
31520,2
40027,0
91842,0
83461,0
97594,0
14095,2
3195,0
80054,2
7992,0
55025,1
23849,0
46957,3
23349,0
80956,3
91707,0
97348,0
96130,0
74465,1
36920,3
24216,0
19771,3
99106,0
79238,0
54982,3
37987,1
72741,0
378,3
8008,2
16700,2
58384,0
75071,0
25007,0
86984,3
27549,0
179,0
91416,0
57011,0
84023,0
7731,0
34822,3
21653,0
36457,0
12981,3
51648,3
36546,3
25984,3
65051,1
58339,3
73787,0
1933,0
22524,0
4782,0
32334,3
22486,3
70511,3
20728,0
43469,0
72426,0
33676,0
21295,0
19754,0
52474,2
39494,3
15971,1
4108,3
61779,2
80424,0
86461,0
68370,0
90375,0
97860,3
29530,0
38826,0
36766,0
89944,0
58372,0
10172,0
2495,3
49607,0
44270,0
16255,0
70870,0
58645,0
39558,2
2721,2
13933,0
39298,0
40563,0
64045,3
39798,0
90897,0
28437,0
3291,3
9379,3
73076,3
66111,0
96414,3
87705,3
90704,3
17542,1
29640,0
80753,0
95254,3
83293,0
16719,2
38932,0
90006,0
11778,0
15457,0
71275,2
81514,2
48960,0
52057,1
99663,0
41230,0
92944,3
28899,3
51595,3
51050,3
74154,0
68665,0
81484,0
23912,0
85896,0
89990,3
35754,0
10863,0
69190,0
85415,0
35400,0
4346,0
41086,2
43589,0
4651,0
8915,2
83383,0
65401,2
89823,0
45504,0
67559,0
98876,0
85728,0
35409,0
25664,0
52808,0
33644,3
30194,0
82038,0
31562,0
44233,0
90637,0
3902,0
86178,3
68742,0
1022,2
11542,1
34726,0
62132,0
40298,0
94311,0
3530,0
8359,1
61643,3
58574,0
48739,0
91620,2
96710,3
22081,2
15122,0
17158,0
52449,0
74561,0
34480,3
45888,0
81468,0
97346,0
34740,1
77003,0
86810,3
63054,0
19,0
97336,0
16043,3
41826,0
58463,3
82505,0
90388,0
53642,3
21392,1
26097,0
99489,0
92595,3
99417,0
31863,0
93718,0
96672,0
88517,2
36125,2
84317,0
88162,3
41185,0
19309,1
41889,0
8627,0
92346,0
76826,2
72765,3
77754,3
37041,0
44390,0
75366,0
43950,3
42939,2
71360,0
4060,0
88566,0
75693,0
48588,0
63030,0
30884,0
4624,3
31357,2
56604,0
59111,0
85885,0
91326,3
83863,2
82772,2
92233,0
81068,0
864,0
42079,0
63506,0
14745,2
11422,0
12464,0
43415,0
5077,0
53477,3
93511,0
15854,2
43605,0
1689,0
54836,2
89201,0
33896,1
84746,0
93931,0
72293,2
96494,3
85763,3
47644,0
79015,2
40331,0
53693,0
9220,0
58395,2
26246,0
47500,0
12658,0
58218,3
86872,3
32690,0
30564,0
8594,2
59094,2
47661,0
1702,0
2319,0
81912,2
72290,2
90709,0
96063,0
8583,0
17328,1
33387,0
56436,0
42012,0
68015,0
27799,3
30386,2
29300,3
67381,0
53484,0
63928,0
8540,3
25912,1
47612,0
57503,0
25542,0
30366,2
35019,2
67661,0
39502,3
26683,0
17823,2
31250,1
39421,2
63151,0
33860,0
99786,0
68967,3
81192,0
89997,0
12563,2
99162,0
93569,0
32518,0
89742,0
63451,0
42747,0
16029,0
96987,0
17741,2
61015,0
49760,0
71369,0
59509,0
49547,0
98319,3
17283,0
48705,3
95513,0
28499,0
8982,0
63383,0
55107,0
66367,0
46053,0
6746,0
13306,0
60355,0
58031,3
18562,0
33406,0
42859,0
82537,3
11471,0
94560,0
45992,0
13298,0
48607,0
91021,3
20240,2
9391,2
93422,0
41860,3
14833,2
45891,2
6675,2
35088,3
40125,0
43553,0
70990,0
21936,0
71134,0
92700,3
25719,1
16257,3
16798,0
91196,2
15292,0
67352,0
76209,0
34991,0
757,1
97981,3
60897,2
38347,2
6355,0
59478,0
23782,0
45883,0
88638,0
4511,0
79803,0
96844,3
30314,0
50600,2
85793,2
3653,0
41478,0
71753,1
31502,0
62837,0
88013,0
32411,2
13350,0
39599,3
83635,0
72556,0
68059,0
79594,3
33658,0
88313,0
65683,0
14689,0
18732,3
24732,0
57535,0
64535,0
14651,3
87985,0
58954,3
45818,3
65339,2
58134,0
43325,0
85477,0
40487,3
93365,2
25633,0
24089,0
60846,0
19791,0
80345,0
84967,0
67499,2
93928,1
64929,0
64574,0
3545,0
33907,0
74409,3
79961,2
45943,3
48130,0
15282,2
94177,0
68471,2
25059,0
17746,3
4517,2
22873,0
71313,3
43064,0
55033,0
5458,3
38030,3
99777,0
41682,0
56293,2
10449,0
49642,0
15555,0
85057,2
7424,0
76032,0
82199,0
19723,0
94383,0
40756,3
3101,0
41871,0
10616,0
41318,0
51731,0
85923,0
61969,2
54054,0
27054,3
75111,0
11281,0
10887,0
21200,0
99172,0
71838,3
28643,0
63774,2
90977,3
9304,0
97384,3
47590,0
87343,2
86799,0
27524,0
55095,2
70867,0
31179,0
78895,2
29782,2
71726,3
37800,3
90859,3
28632,0
60904,0
39342,0
57555,3
28706,0
29504,0
64635,0
81153,2
50670,0
23026,0
60501,0
71079,0
97230,0
27565,0
49037,3
45358,0
88481,2
95724,0
6207,2
55358,0
84208,0
28095,0
75668,3
3335,3
34177,3
8217,0
38333,0
47503,0
86877,0
41867,0
98822,0
80081,2
77025,0
6476,0
8345,0
25722,0
96753,0
87130,0
92095,0
64256,0
52319,0
26916,2
8459,1
94061,0
22580,2
65269,2
48389,2
87020,0
54952,0
58026,0
97637,0
4974,0
36917,3
30070,0
80913,2
52965,0
90719,3
16206,3
23812,0
13784,0
21904,0
21280,3
84598,0
43046,0
16927,2
85295,2
44404,3
46030,0
42619,2
21261,3
99498,2
92205,3
41363,3
66063,0
19431,0
20180,0
63617,3
18130,0
84864,0
78022,0
61216,1
13522,0
15522,2
29017,0
20407,0
38408,0
28681,3
41025,0
98001,0
63719,3
51331,0
70584,1
40996,2
77966,0
35566,3
76498,0
29783,0
83032,0
12594,0
49308,0
27362,0
38252,2
15856,2
94288,3
20602,0
4064,0
88021,0
38070,0
79320,0
42036,3
2519,3
59580,0
73542,2
40627,0
34334,0
71582,0
1105,0
75175,0
85130,0
83647,0
40118,2
39204,1
38697,2
1928,3
40895,0
83838,0
19531,2
57573,3
23888,0
5936,0
19796,3
74283,2
49069,0
20502,1
10424,0
82136,0
15130,0
34904,0
39821,0
7634,0
29142,0
83566,3
62682,0
29276,0
69545,0
77681,0
39397,2
17257,0
45175,3
20358,0
86690,0
95370,0
87967,0
18981,2
92806,0
44177,0
80955,2
57885,0
45284,0
95903,0
20471,0
50745,2
24662,0
13329,0
17946,0
78590,0
26879,3
43015,2
48556,0
96413,0
8838,0
72954,2
43791,3
38001,0
25291,2
23584,0
46085,3
42910,0
8513,3
9892,3
50785,0
32836,0
23593,1
65693,0
26717,3
43183,2
95024,1
55342,0
76715,0
36071,0
55591,1
5381,0
79542,3
7456,2
30484,0
43141,0
91376,3
9509,0
8935,3
81935,0
91368,0
55214,0
58707,0
86809,0
2532,0
92524,2
74696,3
82336,0
12250,0
46638,0
47382,0
3254,3
74741,0
44827,0
25450,2
15054,3
62523,0
53464,3
70508,0
39205,2
58375,0
47367,0
81115,0
77044,0
69712,0
84085,0
91239,0
31874,0
95454,1
21723,0
29654,3
46561,0
79686,0
15330,2
29917,0
255,0
57500,0
67084,0
34124,3
80191,3
71980,2
48207,0
19817,0
94051,0
70694,3
35454,2
84639,2
43417,2
6440,2
15805,1
9696,0
77204,3
78087,0
81246,3
27560,3
34504,0
95574,2
28930,2
6436,2
49136,0
85748,0
24429,0
67413,3
7449,0
89645,2
47555,0
52890,0
16520,0
93614,2
44071,3
9784,0
98712,3
10535,3
73175,2
22141,0
52221,1
91677,0
82985,3
14237,0
2814,0
17717,0
4960,0
9733,0
66018,0
64887,0
66800,0
17052,0
41408,0
1507,2
54491,1
65540,3
91809,0
12595,2
52340,2
12621,3
9255,0
38839,0
47165,1
83733,2
28064,3
13020,0
63604,0
81222,0
52089,2
20810,0
59035,0
66142,2
68913,0
78325,2
13264,0
42203,0
9310,0
74069,3
41489,3
67338,0
51257,0
15452,0
21586,0
63033,0
35771,0
69625,0
98282,2
92040,2
40874,3
24052,0
929,0
52996,2
93635,0
42741,0
94756,3
51596,3
42332,0
7350,0
31665,0
95388,0
57856,0
3968,0
4195,2
29403,0
74290,0
77876,3
67856,0
30337,0
20209,0
86624,2
6676,0
48626,0
10806,0
44793,0
77546,0
51192,0
35249,3
32414,0
12030,1
87525,3
46622,3
54305,3
2921,2
59164,0
45281,3
24222,0
90653,3
70054,0
1384,0
83668,0
78095,0
19407,3
39967,3
86236,0
97507,2
5515,3
96614,0
384,0
14484,0
98306,0
91610,0
25464,1
11602,1
23078,0
70644,0
99163,0
24531,0
51419,3
7161,0
6031,0
84537,0
53603,2
36155,0
18737,3
21741,3
11176,3
23381,3
71251,0
81992,2
28357,0
56410,3
12223,3
6096,3
82542,1
2230,2
91706,0
36521,0
33888,0
45463,2
65798,0
44279,0
25230,0
7710,3
27497,0
7260,0
65480,0
32872,2
32001,0
65605,0
3752,0
71480,3
90156,3
73013,0
35447,0
88498,3
59662,0
52686,0
17623,0
35448,2
48287,3
28208,0
29879,0
72255,0
49487,2
17398,0
70510,0
74975,0
84867,0
83234,0
3079,0
53314,0
5524,0
77386,0
61931,0
53951,2
32016,0
14801,0
28533,0
80077,0
62561,0
97424,0
90750,0
27983,0
36459,0
38209,2
688,0
22342,0
1570,0
78634,0
97850,3
5431,0
88908,0
59161,0
66747,0
47773,0
88300,0
32630,0
39824,3
41825,2
18617,0
8732,0
38568,0
66742,1
8604,3
87308,0
51592,0
80943,3
9493,3
43875,0
28563,0
67516,0
72804,2
97665,0
31160,0
63145,2
7068,0
89796,3
94264,0
95398,0
71999,0
21887,2
47528,0
69182,2
91921,3
31958,3
65763,1
36651,2
33923,3
65883,0
14156,2
7582,3
61508,2
69591,0
62077,0
22978,0
15445,0
94267,2
67519,0
85927,0
83452,0
43209,0
35474,0
9918,3
53208,0
83511,2
3813,3
7527,3
10579,0
87283,3
87552,0
12371,2
14517,0
2099,0
34149,3
11022,0
78448,0
48618,0
48124,3
47346,0
62207,0
56298,0
86459,0
11532,0
67974,0
54803,0
8266,2
89014,0
49265,2
60234,0
59185,0
93904,0
63406,2
54711,0
94811,2
90633,3
96341,2
54663,3
20868,0
58227,0
71488,2
2573,0
29094,0
52798,0
71350,0
75923,2
9526,3
51735,3
83520,0
27159,0
53401,0
36885,3
47119,0
4331,0
60353,0
41760,0
42297,3
54879,3
5377,1
94631,0
83950,3
56117,0
35003,2
24476,0
47087,0
40664,0
54226,3
16301,3
47258,0
33208,2
13170,0
85756,0
73231,3
61078,3
96836,0
93149,3
5859,3
2241,0
36402,0
48184,0
20482,0
42175,3
38607,0
6246,0
37,3
36504,1
25841,0
64730,0
96597,0
32620,0
17300,2
29278,0
40111,3
4328,0
12678,0
4760,3
18863,0
57657,0
15986,0
89271,0
64492,2
48375,0
72306,0
51697,0
94776,0
61127,0
85275,0
81999,0
90915,3
30522,3
86733,2
9936,1
1031,2
15396,0
89811,0
22617,3
63994,0
80225,3
93219,0
39827,2
99662,0
30042,0
53299,0
13127,0
92486,0
92722,0
9742,3
56989,2
38516,0
56638,0
33970,2
47496,0
66515,3
19649,3
1411,2
97521,0
70156,0
2022,0
49123,0
81045,0
3918,3
34073,3
34720,2
39362,0
61811,0
59124,0
80509,0
3236,1
25501,3
45030,3
56473,3
44067,3
51711,3
24378,0
60373,3
43962,0
8060,0
12184,0
91057,0
12732,3
58428,0
39976,0
96371,0
53378,0
11857,3
60169,0
4386,0
826,0
56297,0
62632,1
65516,2
40990,0
9016,0
26606,0
93177,2
20247,0
53687,0
96328,2
2849,3
58309,2
7574,0
71411,3
16619,3
94439,0
67257,0
30518,3
11877,3
21524,0
8255,0
41847,0
30051,3
30136,0
39574,0
16264,0
47728,0
62514,0
21783,0
50699,0
71897,0
5441,2
38403,0
78359,3
82702,1
98324,0
70712,0
10932,0
27818,0
32282,0
15964,3
55971,0
67958,0
48480,0
83660,2
6588,0
90745,3
85706,2
55290,3
81820,0
34454,0
10956,0
17833,0
56431,0
50158,0
76325,3
97903,3
44705,0
19057,0
99765,0
46373,0
72883,0
40488,0
38315,3
76058,0
87424,0
27384,0
21833,0
99042,0
64883,0
1108,0
25976,0
86749,3
50640,0
39075,3
41779,0
36829,0
57030,0
72342,0
89787,0
4413,0
23500,3
77143,2
8912,2
57872,2
17901,0
35272,0
4387,0
91046,0
19879,2
79689,2
15654,1
76471,0
41613,0
14650,1
12051,3
45065,0
29001,3
21188,0
86087,0
10693,0
17031,0
54474,0
56211,3
49850,3
89195,3
93987,0
7298,3
49084,3
58765,0
40032,3
39776,0
53629,2
18541,2
18621,0
68928,3
93366,0
3688,3
88913,2
76314,2
92538,0
22603,2
91264,0
11848,3
62592,2
96775,0
48584,3
54598,3
85487,0
38321,0
15820,2
57891,0
13683,0
92535,0
6879,0
26359,0
49890,3
74865,0
26866,3
47693,1
78279,0
89013,1
46933,0
3197,0
8869,0
59099,3
76672,3
92331,0
32212,0
46292,0
97898,0
30413,0
85030,0
29123,0
83834,0
9705,0
29209,0
87023,2
18247,0
72150,3
90120,0
20785,0
43698,0
36040,0
31052,3
74020,0
26502,1
95123,0
83344,0
46354,1
47877,2
46695,2
51919,0
79158,2
63377,0
37373,1
66298,2
80884,3
93952,2
23275,0
40338,0
25571,0
40850,0
33055,0
43214,0
27478,2
10900,0
44870,0
9727,0
66639,2
64205,0
40643,0
53057,0
72943,0
72922,0
88451,0
32743,0
68264,2
680,2
41895,0
57884,0
21765,0
30746,3
90507,0
11290,0
97067,1
91955,2
91276,1
65805,2
50825,0
29213,0
63058,2
54145,2
82102,0
88283,2
74314,2
46171,0
84951,0
94298,3
80217,2
47129,0
6684,0
25760,0
43399,2
22984,3
60980,2
17807,0
52904,0
97729,3
61910,3
96548,3
33829,3
42798,2
43409,3
6000,0
42279,2
4569,0
83010,1
86330,1
79606,0
88105,2
70757,0
20130,0
7861,3
2510,0
7785,0
69649,0
13833,0
29651,0
47149,0
79840,0
19541,0
7608,3
71385,0
9595,0
43107,2
31800,3
38330,0
53341,0
61927,0
59994,3
36985,0
33337,2
19048,3
56265,0
70849,2
61306,0
29595,0
68419,0
96767,2
48643,3
99928,3
78328,2
59933,0
7202,0
78518,1
58724,0
88548,2
21734,0
85819,0
2979,0
50647,0
69478,0
31715,0
26939,0
68060,3
6098,0
39068,0
18197,2
77001,0
91832,0
76770,0
96777,3
37975,3
97130,0
61853,2
64467,0
96741,0
43596,0
5812,2
4887,0
94337,0
70646,2
75961,1
49258,0
86573,0
14501,0
10888,3
40807,0
42436,2
86679,0
83958,3
52726,0
34821,0
42870,0
86934,0
6161,0
36025,0
65360,0
25898,0
88309,0
24697,0
27655,0
96088,0
46931,0
98634,0
82597,0
45356,0
2239,0
14441,2
84386,0
52124,0
68361,3
76682,0
53757,0
24351,0
20484,3
15975,3
79600,0
76206,0
60190,0
33441,3
44361,0
99744,0
4115,3
84465,0
39699,0
31214,0
18022,0
78031,0
68715,1
68879,3
97995,3
44122,0
3434,0
75206,1
73738,0
25809,0
76098,0
8125,0
92257,3
70816,2
53388,0
28689,0
53425,2
71476,0
26531,2
387,3
33412,2
44355,0
55937,3
88408,0
41930,2
19061,3
59238,0
13445,2
32921,3
97173,2
81741,0
70184,3
97002,0
65115,3
76327,0
46234,3
14397,0
18601,0
94870,2
59092,0
44706,0
94499,2
84850,0
71031,0
95923,0
70474,2
26977,0
56509,0
89329,2
91932,0
47750,0
39073,0
18019,3
71292,0
1854,0
55746,0
59491,0
27237,0
45044,0
46376,0
41931,0
16150,3
70444,0
68209,0
49342,0
24834,0
98394,2
11108,2
27190,0
68518,0
26057,0
30271,0
45689,0
54748,0
8166,3
54696,2
26389,0
38487,1
70846,3
47887,3
58515,0
5607,3
47080,0
91271,2
38224,3
28248,3
62321,0
19360,0
32350,3
62702,0
28420,0
70943,0
42278,0
87659,0
499,0
22080,0
33641,3
76746,2
70651,0
2105,0
90961,2
7271,0
4741,0
84739,0
87501,0
5719,0
95041,0
97226,0
33003,3
28505,0
88928,0
66302,3
32140,2
55685,0
52190,0
26919,0
67855,0
65056,3
32911,1
57400,2
87918,0
266,0
18696,0
97635,1
64864,0
71550,0
22315,0
51583,0
30027,0
11169,0
22640,1
71393,2
21393,2
74665,0
65380,0
27121,0
63346,2
56885,3
40353,0
96313,0
44272,0
6352,2
68785,1
75388,0
47723,3
70845,0
41657,0
49492,0
53483,0
16386,0
72138,3
30858,0
38262,0
37299,0
64509,2
56090,3
11021,0
76416,0
24866,1
22177,0
33435,3
69041,0
16585,3
55790,0
97875,0
70328,3
70636,0
68303,0
31615,0
52090,1
10557,0
59360,3
28995,1
66868,0
33280,2
14890,3
6376,0
4821,2
82947,0
99746,0
25479,0
14535,0
53027,0
64882,0
97505,3
95700,0
70270,0
41480,2
99998,2
44853,0
59082,0
17719,0
1465,0
98245,0
64576,0
7071,0
85516,0
70092,0
26077,1
23784,2
62834,0
35564,3
65206,2
10500,0
33191,2
16729,0
53275,0
8244,2
63102,2
16172,0
23522,0
93223,3
97055,0
88301,2
75396,2
99058,0
81751,3
9651,2
12970,3
8928,0
55621,0
85614,2
78747,0
42932,0
22682,3
43691,3
67580,0
81040,0
64246,3
71076,2
43026,2
35062,0
87916,2
12803,2
45924,0
44478,2
20568,2
5846,0
3353,3
9019,0
27599,0
51279,2
35383,3
87595,0
9250,0
62916,0
36052,3
15589,0
48745,3
22456,0
27559,2
92735,2
66293,0
58738,0
30601,0
28479,0
70924,0
22655,0
30957,2
68833,3
88246,3
43993,3
33755,2
38668,0
6741,0
18446,0
26362,0
411,0
70358,0
36999,3
57995,0
75014,0
25897,0
91724,0
67018,0
55254,3
8131,0
17146,0
26215,3
77242,0
76708,3
93142,0
55896,3
8200,0
131,3
24772,0
40253,0
45031,0
29241,0
15361,0
67881,3
2886,0
60831,3
8773,3
68805,0
13732,0
4130,0
28835,0
72013,0
31344,0
91073,1
67233,0
29754,0
41834,0
36059,0
30165,0
2785,2
24486,2
15315,0
24892,0
72572,0
8483,2
57111,0
87556,3
29657,2
41109,0
36614,0
82969,0
74957,3
73553,0
33944,0
86584,0
74156,0
45117,0
29445,0
71018,0
92113,0
59037,0
57888,0
83494,0
4559,0
79934,0
90569,0
60463,2
15726,0
18629,3
71706,0
27218,3
50605,0
18571,0
67532,0
61291,2
79910,0
95785,0
90885,0
99396,3
45282,0
82530,0
39036,0
17467,0
88782,0
38016,0
47856,0
35922,0
89646,0
71158,3
3567,0
30410,0
91961,0
91404,0
86338,0
71355,0
64573,0
18503,0
31079,3
77723,0
54258,3
34608,0
92374,0
81872,0
25941,0
53892,0
26511,0
49490,2
7177,0
64154,0
6296,0
47261,0
43465,3
68153,2
40858,3
5671,0
26108,3
63139,0
34064,1
54026,1
85951,0
43788,0
83817,0
53128,1
91715,0
56630,3
56607,0
6059,2
48855,0
92328,0
80796,2
56776,0
71176,0
5088,1
47128,0
46575,3
76899,0
95075,0
35465,0
559,2
76939,0
54986,0
30465,0
28846,3
52831,2
68175,0
1210,0
76105,0
45199,0
83884,0
54790,2
11092,0
6067,0
9408,0
93525,0
48591,0
26453,3
8053,0
97255,3
50637,0
32960,0
54753,0
66444,0
16728,0
5964,0
96735,0
38736,3
70643,0
42834,0
71398,3
6510,0
57152,0
89427,0
18866,0
64028,2
96065,2
67217,0
78675,3
72044,0
28981,0
97977,2
80572,0
38337,0
40267,0
37872,0
90922,0
7567,0
19085,3
15800,0
19345,0
84366,0
29021,3
4710,0
52363,0
27421,0
62480,2
11711,0
8503,0
54448,3
91781,3
1494,0
8448,2
5694,3
34754,2
86630,2
6795,3
74691,2
92780,0
8585,3
62888,0
5778,0
66470,0
30998,0
56240,0
93414,0
31290,0
49146,0
49241,0
52846,3
14940,3
45014,0
63122,2
89708,3
31945,2
939,1
63134,0
22793,0
14791,0
55129,0
65107,0
97290,0
78609,0
90158,0
46685,0
13814,0
92892,0
55003,3
66974,0
11561,0
55933,0
16894,3
22845,0
71946,0
76368,0
3891,0
97472,3
21862,0
85264,0
2464,0
74403,0
72752,0
29195,2
22195,0
90735,0
48519,1
62196,3
75351,0
20738,3
68404,0
97776,0
60625,0
67935,3
26395,3
20855,0
3256,3
44140,2
49269,3
13851,0
11978,0
23965,3
10857,0
14051,0
46971,0
79253,3
87358,3
53115,0
41807,0
23533,0
16496,0
51818,0
69577,0
76536,3
27011,2
43610,0
57008,3
37511,0
64115,0
74652,0
53333,0
99281,0
24453,0
87246,0
7647,0
44865,0
46532,0
90763,0
51274,0
45177,0
7394,0
73881,0
19929,0
89029,3
9301,0
66541,0
63704,3
16190,3
90560,0
10029,0
92627,0
71868,0
72766,0
81487,3
79978,0
18888,0
76889,1
22933,3
36835,0
85022,0
8593,0
64516,3
90681,3
83006,1
81157,0
37524,0
77902,0
96366,0
89992,0
93641,3
29200,0
3315,0
70220,0
2372,0
68114,0
66883,0
7717,0
33636,0
75098,0
45849,3
87312,0
44044,0
15560,0
84538,3
31019,2
69447,0
68180,0
32531,2
25380,0
49918,0
54918,0
37136,0
83456,0
98695,3
16744,0
82632,0
71557,2
31962,0
64901,0
56352,0
7457,2
72323,0
85205,2
37385,2
17421,0
48766,3
66770,0
2973,0
17145,0
43749,0
72561,0
27740,2
15406,2
97871,3
76443,0
4355,0
41052,0
72125,0
85280,1
77098,0
29475,0
30577,0
17650,0
48008,0
61698,0
48981,0
16261,0
58485,0
89732,0
89307,0
4187,1
51253,3
24359,0
95599,0
48172,3
79306,2
3973,2
46459,0
72392,2
69353,0
80722,3
44433,3
74586,2
11216,0
88698,3
6318,1
1165,0
71719,3
75411,0
22696,0
76454,2
74188,3
60189,0
2781,0
85622,0
36143,0
48403,0
89364,0
35582,3
91828,1
73541,3
74225,3
43344,2
86147,3
12428,0
6151,0
97037,3
41530,3
93772,0
96559,0
72747,3
63379,0
43444,0
11732,0
15717,3
76833,3
56666,0
52944,0
83122,0
33879,0
69039,0
92320,3
98645,2
27349,0
19119,3
25299,0
9370,3
68651,0
40849,2
43546,0
33174,0
29915,0
87330,1
80583,0
65291,2
21770,2
25953,2
27056,0
83003,0
30610,0
74288,0
35534,0
4320,3
14904,2
28542,2
16965,0
55480,3
98241,3
28103,0
94523,0
28749,2
64393,0
32316,3
58221,0
2172,0
47286,0
70688,0
16807,0
73386,0
44475,0
91500,2
1674,0
76333,0
66795,3
61472,0
72662,0
43735,0
47625,0
84019,0
87191,2
88139,3
59768,0
51164,0
61234,1
99517,0
77732,3
6499,0
55636,0
9174,0
74074,2
27043,3
20762,0
79321,1
69923,3
60553,0
38417,0
24506,0
80373,0
48826,0
86266,0
49682,0
85400,3
10865,2
70743,0
94205,2
23734,0
16567,0
71182,2
35129,2
1231,3
46416,0
45373,0
98907,3
63242,0
31506,0
37038,3
84953,0
23236,0
49309,0
57399,0
69876,0
92848,0
31708,3
19111,0
66731,0
80585,0
42293,2
33436,0
56796,3
68033,3
54732,0
2923,3
69617,3
22705,2
11763,0
54085,0
1906,3
14134,3
94757,0
91248,0
39812,0
17140,0
84757,3
70868,0
28360,0
24870,0
55551,0
84238,0
33975,2
78632,0
31219,0
33192,2
50302,0
47010,3
15824,3
43024,3
99590,2
46669,0
93563,0
14753,0
37799,2
56253,3
77663,0
44921,0
73113,0
56375,2
98740,3
4649,0
60735,0
82989,3
55847,0
43220,3
10381,2
33248,3
12278,0
91498,0
85077,2
85550,0
97065,1
54004,3
58668,0
66660,0
94268,0
13797,0
23346,3
24318,0
5610,0
5886,0
63301,2
14793,1
99896,0
57237,3
57335,2
90955,0
98806,3
64108,0
41167,0
62544,0
56048,0
84534,2
14679,2
72823,0
17671,0
79368,3
47110,0
33197,3
25607,0
31623,0
27555,2
21923,3
31685,0
2028,0
87891,0
20585,0
73063,0
91754,1
39703,0
49826,0
83828,3
61051,0
90508,0
92767,0
51422,0
77014,3
51637,0
43686,2
99343,1
83298,1
38177,0
14887,2
26548,1
70180,0
48633,0
65433,0
2775,0
12711,0
9212,0
93285,0
96965,1
45401,3
47065,0
51932,0
31469,1
49619,0
63588,1
17388,0
3809,0
13373,0
44380,2
67177,0
84981,0
13070,0
28109,3
81193,0
70489,0
56301,3
83603,0
1076,3
8190,3
93815,0
18585,0
19130,1
27070,0
54563,3
33743,3
44726,3
2876,0
99768,0
79150,0
42551,3
74840,0
46269,0
66697,0
10842,3
69115,2
67942,0
21692,3
50098,0
30932,0
43476,0
46545,0
82642,2
22320,0
3858,0
58928,0
67182,0
92055,3
46058,0
40836,0
45229,0
14179,0
14041,0
9867,3
62333,0
93161,0
58336,0
90193,0
26414,2
27331,0
8566,0
77683,3
20588,0
25643,0
8675,2
21052,0
80094,2
80359,0
49843,0
27350,0
98497,0
43402,0
15605,0
83449,3
44654,0
12776,0
71623,0
38650,2
14917,0
72459,0
86612,3
52361,3
71907,0
71857,0
62785,0
64486,0
43945,0
18635,2
63295,0
88187,0
156,0
55941,0
94647,0
65071,0
13477,0
92404,3
11887,3
11837,0
14823,3
27595,0
46601,2
31942,0
18072,2
88005,0
16168,3
96061,0
46851,0
29744,0
76979,0
50106,0
40679,3
90599,2
24986,1
5241,0
4664,0
20030,0
32312,3
90184,0
76441,0
80975,0
16252,0
83223,1
12206,0
78737,1
41331,0
30208,0
3542,3
29495,3
91041,0
68908,0
52671,0
67669,0
12544,0
15080,3
96082,0
88338,0
79526,0
31917,2
61831,1
34824,0
7583,0
55394,0
8291,2
3244,0
41778,0
10403,3
42666,2
21016,0
95658,0
99885,0
93117,0
78898,0
76771,0
39811,0
67619,0
18459,0
37596,0
27288,0
80634,0
68275,2
11341,0
71514,2
47387,2
51041,1
59230,0
96923,0
27044,2
93111,3
72825,3
35834,3
19787,3
46356,0
96133,2
26788,3
15117,3
12620,3
93488,0
9090,0
5811,0
42227,0
63559,2
26974,0
30604,3
68177,0
17252,2
61602,0
68034,0
45285,3
13589,0
51694,2
79022,0
94350,0
59167,0
55457,0
95600,0
80587,0
45855,0
70562,0
41942,0
7126,0
34772,0
63801,0
29905,0
35638,0
91004,0
89155,0
6458,0
16208,2
24043,0
28324,0
16537,0
69019,0
87906,0
87697,3
1382,3
4799,3
54204,2
31066,3
67400,1
40524,0
47843,1
9637,2
84156,0
13483,3
28869,0
42984,0
14984,0
46679,0
48567,0
68143,0
59510,3
51320,0
9362,0
73682,0
92934,2
33282,1
29919,0
15067,0
37928,0
25292,0
78343,2
99358,2
52006,3
39198,0
69139,0
13068,0
87478,3
72131,3
95274,3
78533,0
29994,0
53648,0
30545,2
51836,0
79415,0
77990,2
78591,0
47973,0
13422,0
71540,0
96799,0
28526,0
9896,0
22893,0
31568,0
95941,0
60635,0
85842,0
29771,0
36445,0
7356,0
39520,0
95128,0
15576,2
55787,0
11736,3
73848,0
94915,0
13990,0
59522,0
18526,0
77489,0
79682,2
82713,0
89479,0
64975,3
12248,3
1872,2
40176,3
62907,2
31226,2
33713,0
79209,0
39286,0
7711,0
60704,2
63954,2
16608,0
85237,0
58052,0
66162,0
15217,3
8012,3
5275,3
98694,3
3331,0
86610,0
87752,0
49382,2
11332,0
86065,0
87604,0
8205,1
73090,3
94834,3
77022,0
77480,0
18494,0
55865,0
30599,2
22306,0
92604,0
29582,3
57143,0
37471,3
25345,2
38049,2
35001,0
27346,2
57357,0
87867,3
84935,2
45287,3
46687,0
25152,0
81377,2
87387,3
80122,3
85167,0
6445,0
32950,1
53180,0
46151,0
62067,0
16500,0
97286,2
96781,3
50658,0
11351,0
91089,2
49397,0
65477,3
59,0
93762,0
30072,0
15952,3
58934,0
33889,0
96550,0
22448,0
64733,3
76310,3
32985,1
46572,0
62692,2
55420,2
4444,3
13280,3
95197,2
52413,3
60794,2
81979,0
5923,2
53276,3
35979,0
74214,3
1379,2
78140,0
76465,0
73581,2
64474,2
30501,0
64191,2
72735,1
12018,0
30332,3
7116,2
3961,0
48913,0
92577,0
65112,0
79488,3
31062,2
85650,0
32168,0
45954,0
26600,0
62355,3
36005,3
32997,0
8624,2
25741,0
48653,3
61622,0
91517,0
41885,2
78406,1
27508,0
9251,2
40812,0
75953,0
14587,0
63708,2
29404,2
19582,0
86017,0
89570,2
1438,0
91576,2
87120,0
52244,2
48116,2
31115,0
88092,3
47757,1
33798,0
3339,2
72996,3
42532,0
11886,0
55680,0
10660,0
5035,0
65344,0
76104,3
19487,2
1168,2
27153,0
3072,3
78123,3
752,3
62622,0
80711,0
95583,0
16505,0
88551,2
7962,0
88344,0
79621,0
14497,0
96472,0
1158,0
32385,0
92038,0
46201,0
57457,0
15781,0
19652,0
98156,0
93232,2
36769,0
97763,2
27864,0
76247,0
67196,0
58290,0
94568,0
44838,3
99443,0
44737,0
75026,3
89763,2
39745,0
34469,0
4447,0
9094,0
20233,2
7751,0
5422,0
65212,0
83096,0
36390,0
45181,0
4812,0
58871,0
4555,0
22786,2
34502,3
95005,0
93509,0
28328,0
65556,0
49788,0
49471,0
55714,0
59427,2
99091,1
78224,0
9073,0
81885,0
51566,0
89906,0
13238,0
88494,3
78766,3
1658,0
30803,3
32027,0
68917,0
33391,1
56462,0
34013,2
91272,0
32390,0
82420,0
3140,0
1530,0
7314,0
11190,3
93600,0
28339,0
85217,3
76014,3
60042,0
52292,2
44825,3
6622,0
8112,0
44596,0
29056,0
51226,0
86787,0
35135,1
45759,0
56215,0
81448,0
71677,0
46668,0
24463,0
2643,0
40556,0
4696,0
76166,0
53877,0
42091,0
7730,0
77986,0
85515,0
85409,3
95850,0
16553,0
23966,0
10459,0
26776,1
95338,0
20488,0
68856,0
90461,3
75021,0
78417,0
63345,0
95069,0
29416,0
95402,3
66862,3
65971,3
84925,0
98391,3
4718,0
28936,0
31476,0
90481,0
76116,1
15007,0
43801,0
71780,0
28058,0
53656,3
56158,0
268,0
29405,0
52284,0
6860,2
86578,0
58744,2
28315,2
52088,2
62215,3
31973,0
14341,0
26264,0
60966,0
60838,0
42310,0
56802,1
72988,0
87264,0
91936,0
34475,2
52021,0
88107,0
31234,2
1402,0
2044,0
92247,2
94664,0
5470,0
90271,0
14881,3
60396,0
41066,0
82456,0
2411,0
37833,0
91700,0
83090,0
65733,0
79547,0
37181,0
16689,2
7737,0
86883,3
35799,1
86110,0
66153,0
15889,0
8209,3
340,3
78506,0
56264,2
32133,0
38425,0
59830,0
6063,0
53953,1
2206,3
23531,0
18275,1
64353,3
67117,3
72319,0
26848,3
78692,2
25597,0
77768,0
88532,0
22707,0
61204,0
34068,3
57495,0
98163,0
78633,3
36707,3
70241,3
1408,0
10851,3
90382,2
42543,0
29619,3
26034,2
5202,0
44604,0
37407,0
16472,0
74747,0
76683,0
49980,3
43384,0
34853,2
91465,3
39678,0
37155,2
23291,3
38471,0
50437,0
54807,0
84974,0
6006,0
33572,0
10629,0
91815,0
7602,0
13936,0
41998,3
88289,0
49954,2
61328,3
32295,0
20084,0
14892,0
88132,0
12028,0
37980,0
96703,0
9112,1
13267,0
29476,0
3965,0
40748,2
85299,0
12915,3
45686,0
50644,0
37237,3
50750,0
40856,3
10634,2
87439,0
7170,0
87114,2
96196,3
30922,2
87671,2
92073,0
82803,2
92364,0
98939,2
71739,2
44973,1
90374,1
55771,0
9985,0
97524,3
10894,0
46472,0
87476,3
92830,0
97145,0
86088,3
20581,0
28338,0
91429,2
30525,0
59520,1
30179,3
66581,0
81425,0
99840,0
17500,1
56385,0
17030,0
52139,0
41680,0
12871,0
30141,0
90538,0
21210,0
19761,0
42860,0
15483,2
574,0
21745,0
85607,2
9804,1
25713,0
22295,0
73092,0
56995,0
75881,0
3536,3
58426,0
42676,0
64041,2
63599,2
549,0
66486,3
68381,3
49823,0
27276,0
92400,0
91191,0
13048,0
58486,0
57085,2
23999,2
75000,0
36418,0
18999,0
85385,0
91585,0
37889,3
69130,3
99592,2
15019,3
26406,0
6013,0
6717,0
4357,0
37949,3
96633,0
83695,3
20780,0
69917,3
6316,3
78219,0
10953,0
72327,3
4167,0
46977,0
807,0
72410,2
24017,3
75838,0
96303,0
52835,0
21548,0
99850,3
81344,0
31608,0
17776,0
2709,0
33222,2
75232,2
21459,0
99167,0
22332,0
51549,0
71995,0
69759,2
12078,0
74326,3
76845,0
49899,0
82727,0
8492,0
79231,0
1406,0
4663,2
16169,0
44579,0
97957,1
94708,0
32607,0
88700,2
27711,0
5011,0
5484,2
37938,3
60144,0
1934,3
94648,0
20998,0
96186,2
75632,0
30614,0
43636,0
55978,0
77587,0
5017,1
42610,3
32061,0
22589,2
46427,3
17892,0
40751,2
54794,0
13095,0
11674,0
72831,0
88200,0
20996,0
89235,0
3207,0
12253,0
98989,0
37981,0
53498,0
39061,0
45295,0
32516,2
30778,0
65815,2
8165,2
46948,0
15957,1
52102,0
69502,0
27398,0
92557,0
22439,0
26968,0
44030,0
88164,0
58131,0
39805,0
79534,3
11249,0
79811,2
84625,1
63287,0
7128,0
31577,0
87594,3
52781,0
31974,0
21546,3
98559,2
68585,1
34611,0
55946,0
55940,0
64549,3
10464,0
29095,0
45246,0
29952,0
40471,0
68490,0
83745,0
65887,2
77567,0
51176,0
94633,0
27937,0
6524,0
13379,3
77812,2
2126,2
20511,1
74484,0
61649,0
3574,0
75079,0
78875,2
45109,2
19973,2
30755,0
18609,2
52437,0
42959,0
27951,0
73968,0
55676,0
41719,0
74224,0
59744,3
47507,3
48710,3
92493,0
47952,3
15711,0
24197,0
74711,3
29254,0
27450,0
73385,0
75174,3
57527,0
7595,1
78429,0
34158,2
88591,1
23453,3
10538,0
93647,0
56248,3
81098,0
23917,0
62602,2
31906,2
22312,0
55187,3
21485,0
49680,2
23806,2
21456,0
65106,0
52581,0
85585,3
48045,2
24241,0
84278,0
35889,0
73882,0
92799,0
6250,0
42900,0
21890,3
99391,3
40948,0
67784,2
77693,0
7515,0
67286,0
21758,0
64810,3
18061,3
21324,3
51590,0
28376,3
57129,0
99605,0
87183,0
19537,0
67754,2
38789,3
93234,2
24178,2
69396,3
7865,0
94328,3
74304,0
39114,3
75531,3
74992,0
41315,0
48772,0
86160,0
91814,0
61066,2
47732,0
91341,0
23187,0
37204,0
44591,3
49486,0
64001,2
31146,2
23172,0
43296,0
93143,0
97088,0
60104,3
60140,0
31848,2
20032,0
75636,3
54046,0
47422,0
51746,0
21034,0
56009,3
15334,3
95887,0
58193,0
60543,3
85998,0
1960,0
54252,3
2722,0
74386,0
84778,0
82898,3
74454,0
34086,3
2312,0
22447,3
23279,0
13256,3
67402,3
43165,0
65191,0
82374,2
43681,2
67586,3
80167,3
68160,0
10120,0
29792,2
20219,0
24588,3
25302,0
46388,2
36549,1
48378,0
50900,0
20721,1
65568,0
37738,0
92868,0
42372,3
71667,2
56072,0
33814,0
60082,3
17989,0
44549,2
67873,0
4639,0
48460,2
54194,0
90686,0
28516,3
5789,0
38946,1
20348,0
49577,0
54141,0
85720,0
25939,2
57398,3
77146,0
16230,0
3264,0
49941,0
56147,2
97004,0
49401,0
58277,0
71267,0
18831,0
6668,0
86941,3
58317,1
92661,0
73084,0
40813,0
57368,0
44301,0
10986,0
29216,0
51719,3
624,3
91266,0
53514,0
44201,0
86042,0
50297,0
18502,0
1292,2
84018,0
56724,1
12667,3
89285,3
65049,3
39358,2
43396,0
67220,0
92302,0
20477,0
98279,2
44402,0
45172,0
53955,3
6919,0
40156,3
24769,2
85936,1
4093,2
11369,0
63675,3
12329,0
95067,0
51049,0
43539,0
57512,2
35949,3
6076,0
17830,2
43777,0
7296,0
27784,0
30952,0
53136,0
77260,1
99013,0
49201,0
6844,3
55109,2
35989,2
38703,0
16406,0
88828,0
41405,0
40334,0
44267,0
48771,2
68391,1
93869,0
73228,3
29482,2
93783,0
41848,1
83549,0
14139,0
84230,3
99010,0
14333,2
77903,0
83723,3
93871,0
17617,0
67103,0
60315,3
31098,0
75385,0
28780,0
64680,2
51311,0
46735,0
19678,0
32488,0
29008,2
98216,0
23014,0
45393,3
84932,0
96660,0
50527,0
78102,0
89915,0
5508,0
96152,2
7209,3
276,3
753,0
45276,0
9726,2
3853,0
29509,0
42114,0
7971,0
32413,0
50946,0
32673,2
87083,0
55004,0
8607,0
64192,0
13756,0
18201,2
11975,0
60628,0
9782,3
53578,2
88826,3
19687,3
33424,2
96208,0
95857,0
17151,0
58366,0
8669,3
56956,0
40142,0
5790,2
57405,0
32185,0
31487,0
973,2
35572,2
26388,0
12557,0
62764,0
22442,0
25740,0
70659,0
44069,2
22203,3
71882,0
659,0
95652,0
10815,0
80741,2
67653,2
49566,0
60871,3
619,0
53940,0
36652,3
12193,0
36571,3
44105,2
43189,0
51332,0
17013,3
18922,0
98398,0
86217,0
72583,2
79358,2
9305,0
65227,0
42277,0
3092,0
73501,0
79809,0
3720,0
23574,3
57688,2
96868,0
29190,0
43757,1
81309,0
47946,0
76817,3
72278,0
37754,0
35030,0
45395,3
62520,0
89588,0
4043,0
8041,0
34190,3
13262,0
56921,0
29700,0
59165,0
26308,0
64360,0
17159,2
27961,0
36016,0
47247,2
16266,0
32715,0
58035,0
4525,0
22331,0
39610,1
17585,0
65183,0
54912,0
90775,0
65160,0
53607,0
63137,0
2511,0
20686,0
92496,0
99540,0
67615,0
20092,0
27880,0
36936,0
73910,0
86731,0
98300,0
17161,0
53231,2
24387,2
18030,2
77784,2
95642,0
1391,3
42053,0
27315,3
31837,0
22574,2
28077,0
9910,0
39245,0
35818,2
10436,3
96149,2
49264,0
88999,0
31830,0
27674,3
67554,2
66035,0
10873,2
60324,2
92093,0
30229,3
65429,0
80125,0
39888,0
88278,0
93340,0
74426,3
19801,0
8845,0
3789,3
69599,2
71881,0
5141,0
17045,3
23926,0
17619,0
60503,3
31703,3
23062,0
8332,3
41168,1
54686,0
55303,0
64545,0
32764,0
68052,0
54271,0
78204,0
10662,3
29358,0
34239,3
59544,0
31177,0
6040,1
24431,0
19284,3
37954,2
68363,0
77043,3
39438,0
48718,2
22255,3
56095,2
74766,0
96625,3
88369,0
79013,3
12420,0
2580,0
91136,0
36533,0
67007,0
9508,0
61843,2
97502,3
95047,2
71243,0
77568,3
49198,3
63164,3
1671,0
95711,3
46862,2
80887,0
75036,0
76137,2
62502,2
86884,0
54948,0
89849,2
26942,0
51599,3
65765,0
75828,0
59596,0
51977,2
91973,0
69247,0
41598,0
35485,0
86531,0
37094,3
93137,0
75678,0
88114,0
62552,0
26626,3
97091,0
94469,0
35188,2
31773,0
61573,0
70083,2
51300,0
86670,2
25745,3
81464,2
89655,0
80623,0
24201,0
28470,0
94028,0
38440,0
98660,3
75322,1
80560,0
3889,0
71931,1
64912,0
57825,0
67424,0
36182,3
896,1
17809,2
80389,0
45795,0
17552,2
96700,0
82104,2
56119,0
88618,1
52888,0
25390,0
45434,2
76001,2
43320,0
58941,0
73180,0
95130,0
57877,0
49951,2
31635,0
45673,0
36834,2
98960,3
97820,3
96220,2
48185,0
10740,0
28392,2
93186,2
66254,0
5157,3
98721,0
50078,0
49537,3
72480,0
33521,0
69492,1
35199,0
31346,2
70877,0
9437,0
85010,0
95393,0
19589,3
48473,2
58439,3
68162,2
31609,0
33733,3
9074,3
61431,1
39506,0
99751,0
66510,0
61948,3
23030,1
24323,3
93841,0
55415,3
96106,2
40922,0
49866,0
14545,0
81324,0
55776,2
59920,0
51755,0
46233,0
55455,3
26080,1
32613,0
46096,0
84254,0
1153,0
88531,0
47865,0
54242,0
39128,0
49499,3
71131,0
68668,0
43387,0
61844,0
11480,3
76761,0
4353,0
93403,1
19979,2
78199,3
34061,0
57105,0
12726,0
63472,3
31058,0
14927,0
72059,0
20441,0
28836,2
48273,2
61007,0
86991,2
22743,0
58612,0
24231,0
30364,0
93368,0
7318,0
19668,2
39221,0
17622,0
19646,0
17214,3
76670,0
85392,2
63702,0
2266,0
42978,0
14894,0
91213,0
11311,3
92773,3
58820,0
74469,0
13001,0
8526,0
3795,3
83841,0
47649,0
58520,0
40859,0
88091,0
8584,0
509,3
11507,0
45756,0
88507,0
69946,0
87576,0
16622,0
29867,0
14702,2
96862,0
15693,0
19018,0
42256,0
28308,2
58058,0
73124,3
2280,1
1765,0
30352,0
52217,0
70109,2
58108,3
1376,3
4255,3
64846,3
92523,3
28264,3
64008,0
91495,3
84911,2
36672,3
42679,0
30233,0
17409,0
41316,0
54676,0
69953,3
65866,0
23918,0
66664,1
65186,0
69560,0
83423,0
40994,0
13659,2
66455,0
63012,0
54111,0
67923,0
9076,2
44323,0
20464,2
83093,2
77829,3
21415,1
7196,0
1716,0
79699,2
10626,3
21175,2
38254,0
82079,0
35277,0
30198,0
18089,2
2237,0
601,2
70675,2
75579,0
7100,2
77574,0
48205,3
3026,3
68529,2
89382,0
4889,3
18870,0
56924,0
51471,3
76483,2
52062,0
68755,0
56954,2
44678,2
82068,0
14951,0
47370,0
38147,2
93470,0
26909,0
1121,3
73982,0
1489,0
32840,3
97356,3
91383,3
81483,2
21560,0
62790,3
82202,0
94848,2
53485,2
70192,0
90910,0
28191,0
28949,0
2497,3
18744,3
48396,0
77776,0
87177,0
61295,3
77979,3
11826,0
53117,3
27807,0
92804,0
3639,0
21006,0
5053,3
4941,3
8776,0
13233,3
79206,0
86921,0
48187,3
37298,0
10703,0
98537,0
64495,2
26025,0
3768,0
6088,0
57949,0
64839,0
19169,0
37609,3
25249,3
28875,0
35205,3
50512,0
49901,2
44558,3
32698,0
95261,0
75017,2
80710,0
79632,2
9167,0
49044,0
69436,0
4004,3
25171,2
41513,0
35558,0
33336,0
44427,0
19779,3
448,0
32511,1
6655,0
33386,0
96970,1
77735,0
76476,0
24897,0
46114,0
89110,0
59606,0
47376,0
80364,0
65981,1
74504,0
91632,0
15544,0
45520,0
53918,0
34948,2
14018,0
36934,3
32970,0
99859,0
21201,0
72196,2
84497,0
82821,0
91392,0
43889,0
41424,3
68777,3
88478,0
21026,0
91359,0
8913,3
20061,2
98119,0
77324,0
93407,3
12035,0
84527,0
57562,0
23661,0
33087,0
15249,0
38489,1
47356,0
47221,3
19198,3
89548,0
87024,0
47848,3
53230,0
27469,0
15188,0
75592,0
11925,0
62176,0
15865,0
51897,0
96630,2
23001,0
35036,0
5965,3
16337,2
26218,0
92035,0
73803,3
72710,0
83791,0
32130,3
97418,0
83189,3
24425,0
77474,2
66084,0
99109,3
72652,0
28657,0
92659,0
26069,0
13365,3
14272,0
97197,3
86903,0
67605,2
41526,0
17545,0
70769,0
72637,0
43407,0
87214,2
87760,2
76241,0
18455,2
64917,3
19797,0
61692,0
40704,0
32120,0
48697,2
3270,3
27339,0
92673,0
27670,0
56957,0
41490,2
42029,0
95648,0
85090,0
41366,0
48938,2
183,0
96896,0
53513,0
30625,0
72638,0
42374,3
3181,3
63244,0
7935,2
1058,0
51234,2
72045,2
20589,0
25551,0
94692,2
24002,2
80378,1
2811,0
66983,0
42691,2
68327,1
48244,3
87598,3
61619,0
71915,2
17386,0
38311,0
41285,0
24479,0
94954,0
80186,0
43994,0
39419,0
80438,0
63391,0
68044,2
50309,3
31932,0
40801,3
82575,0
90758,3
46061,0
84917,0
88368,2
64579,0
48398,0
5226,3
91829,0
41744,0
27849,0
35961,0
68737,2
30976,0
95404,0
11554,0
48681,3
96458,3
57275,0
78501,0
75650,0
94660,2
27416,0
43823,3
10345,0
55324,2
42827,0
49533,0
68279,0
48727,0
55174,0
67700,3
2728,0
82192,0
515,0
60027,2
16,0
53088,2
73222,2
36430,0
62436,3
93078,2
25067,0
75081,0
14674,3
12593,0
4610,0
71390,1
93316,3
34509,2
33029,0
53911,2
61091,0
52994,0
35500,0
12411,0
36854,3
80088,0
24286,3
46291,0
36543,3
8221,2
26732,0
14772,0
87535,0
32816,3
15730,3
88660,0
9551,0
84318,0
30550,0
86073,3
80927,1
95968,0
65691,0
30125,0
91186,0
68906,0
42350,2
21526,0
63545,0
27523,0
78134,2
57130,0
32227,0
24637,3
8692,0
57016,2
50918,0
68652,0
33227,0
42682,0
12921,0
99618,0
14836,3
68164,0
70080,0
65991,2
64937,3
68567,3
60863,0
8132,0
77060,0
83320,0
93686,2
43197,0
58497,0
44748,2
77019,0
98464,3
12463,0
11221,2
33714,2
27317,0
35888,2
5692,1
33885,3
68083,1
4435,0
34958,0
5190,3
93726,1
54034,3
62325,0
73221,0
94396,0
57041,0
54872,2
1666,3
94189,2
42026,3
88230,0
87873,0
29634,3
41919,2
43760,2
21848,0
59328,0
21531,1
43159,3
48208,0
46927,3
12101,0
74208,0
15561,0
97868,0
49553,0
83866,3
39526,0
40411,3
33546,2
99815,0
67998,0
9535,0
18088,3
28306,3
28179,0
85838,0
38343,0
5646,3
70323,0
58779,0
70256,2
2565,0
42667,3
73723,2
9720,0
2650,2
90760,0
81638,0
64926,0
26426,2
56522,3
89506,0
83212,0
38468,0
62424,0
53917,3
4716,0
89876,0
38506,0
47967,3
60683,0
13053,3
55067,3
57138,3
1726,1
561,0
86633,0
72585,0
95527,0
65973,3
72387,3
84354,0
1512,0
17503,3
26175,2
31049,3
85251,0
10077,2
58710,0
80593,0
9741,0
3667,0
8890,2
27277,2
91951,0
47337,2
53722,2
55502,1
78631,3
65711,0
6140,0
46876,0
57971,0
84905,2
87376,0
7027,0
58230,2
3103,3
67204,0
57174,2
13946,3
56498,0
8934,1
93224,3
19621,1
48670,0
58429,0
63316,3
3584,0
81717,3
52145,0
20164,0
70714,0
63452,0
78114,0
55668,0
29876,0
49959,0
10677,0
50084,3
98302,0
32567,0
72363,0
57068,2
82794,3
1265,0
43703,0
16316,2
54571,3
16055,0
2432,0
37021,0
89540,3
79922,0
1939,0
37864,2
30206,0
72506,0
75593,0
84572,0
20194,0
53608,0
12207,0
50582,0
91342,0
22040,0
8992,0
81224,0
20379,0
65105,0
82995,0
90189,0
10170,2
78214,3
70566,3
30927,0
10844,0
32284,3
32848,0
18416,0
64039,2
46362,0
70259,2
31393,1
9663,0
45176,0
84704,0
29109,0
90104,3
37039,3
34134,0
61985,2
38567,0
48777,3
92154,0
40779,0
24964,0
13299,3
6255,0
84299,0
65018,0
22406,2
19300,0
14447,0
59578,3
15960,0
25400,0
57031,0
52999,0
51367,0
75849,1
42476,0
16041,0
10101,3
41290,0
56891,0
85890,0
43533,2
85573,0
6660,0
3190,2
8157,2
1245,0
40978,0
29028,0
64253,0
37025,2
28043,3
27173,0
46060,0
64059,0
33489,0
23365,0
73981,0
54420,0
60444,1
5899,3
88384,0
93369,0
10099,0
95938,0
64945,2
69779,3
99439,0
24995,0
78348,3
83525,0
69052,0
38846,3
44897,0
84550,0
67662,0
83805,0
19457,0
53589,0
99551,0
922,0
47014,1
42725,0
72329,0
11349,0
57488,0
37846,2
36790,2
50122,3
13999,3
40005,0
11572,0
21929,0
5023,0
93100,0
58870,0
94962,0
67698,0
85928,2
48965,2
5699,2
7392,0
75414,1
6187,0
53626,1
57962,0
7094,0
54551,0
21192,0
86165,0
55343,0
3452,1
63612,3
6819,3
14572,0
22597,0
3482,0
83077,2
74251,3
20468,2
75635,3
54971,0
87220,2
16100,3
17043,0
16339,3
16373,0
61616,3
63269,3
68982,0
78329,0
94375,0
381,3
85383,0
58860,0
90778,3
50586,0
57006,0
51299,0
11175,0
83701,2
79791,0
64941,0
69595,0
28042,0
74103,0
18998,0
82869,0
98641,0
61085,0
64363,0
95198,2
61428,0
57206,0
73999,0
48493,0
29325,0
93169,0
2809,0
55230,2
34015,0
14226,0
76229,2
87205,3
15891,3
10868,0
56930,2
18757,3
92600,0
90115,0
65374,3
63475,2
24148,0
21437,0
37632,2
7704,0
58423,3
8985,0
25834,0
7099,0
36397,0
41123,3
31067,0
48786,0
6692,2
76637,0
65566,0
50800,2
65841,0
2202,3
40081,3
54372,3
74305,0
41994,2
52592,3
40671,0
16199,2
39131,0
91704,0
69982,0
10343,2
62248,3
12333,0
60325,0
67376,2
90046,0
23034,3
41863,1
34,0
49975,0
32760,0
91840,0
62958,2
57666,3
29073,0
16625,0
55478,0
33942,0
54755,0
22309,0
15450,0
62369,0
29441,0
84638,0
24610,3
6247,0
60898,0
60577,0
77578,3
85038,0
61363,3
56588,0
57564,3
32616,1
45921,3
62317,1
61563,0
59113,0
83118,0
67027,0
16886,0
54848,0
55311,0
79919,0
89437,0
63158,0
65456,0
70445,0
12019,0
85067,0
45957,0
29313,3
58206,0
96758,0
97678,2
80443,0
56106,0
45245,0
53019,0
27114,0
37641,0
27379,3
36240,0
85376,2
52639,0
28429,2
47891,0
71425,3
21863,0
73012,2
15466,0
33871,0
8216,0
37694,0
3193,2
89608,0
7841,0
56980,0
25605,0
81672,3
85297,1
53524,0
69025,0
32280,1
41750,3
60041,0
92011,0
653,0
48509,0
34812,3
87047,3
64415,2
79661,0
35354,0
70610,0
48809,0
46978,3
13870,0
70677,3
70175,0
7486,3
30199,0
925,1
65383,0
55410,0
89665,0
25028,2
15680,0
97757,0
41030,0
51770,3
46363,0
47113,0
22844,3
19984,3
51926,0
96814,3
46831,2
26227,3
79642,3
24413,2
17251,2
96053,1
56923,0
7604,3
42868,2
9117,0
71721,0
12622,2
89435,0
43096,0
33683,3
54211,0
69756,0
90353,0
74186,0
25179,2
482,0
5368,0
85365,0
49671,0
24737,0
56882,0
50606,0
79155,0
30510,2
82933,3
5557,0
4627,0
33315,0
69894,0
64830,0
42911,3
62041,2
52640,0
58248,3
81401,0
75347,0
95156,0
50513,2
38109,0
3881,0
94809,1
5026,3
44423,2
69055,3
58460,3
41229,0
17560,0
73678,3
50744,0
75774,0
55542,0
32437,0
94873,0
36341,2
75090,3
22749,3
3806,0
36697,0
58827,3
78011,0
5896,0
76884,0
53977,0
79580,0
84999,0
39511,0
98828,3
90767,0
49646,0
51118,3
31068,0
17341,3
87930,0
73278,2
84894,3
38966,0
56801,0
99733,0
22072,0
5331,0
33531,0
72498,0
95555,3
78516,2
62901,0
56402,2
17710,2
85673,2
80805,0
52725,0
50151,3
51633,0
7847,1
6895,0
49147,3
60513,0
51895,3
39733,0
87562,0
65977,0
12980,0
77316,3
67513,0
81342,0
6102,0
3242,2
21327,0
64722,2
768,0
61237,0
55514,0
36888,2
69415,0
28891,0
13221,3
92067,0
40262,2
89764,2
89844,0
64034,0
24075,1
92467,0
21185,3
69570,3
84475,0
75512,0
13572,0
14964,0
69469,0
33470,2
58161,3
82494,3
94200,0
35425,0
23246,2
49605,0
75100,0
7635,0
19990,0
55661,2
75551,0
3759,2
40905,0
27085,0
75443,3
60675,0
27045,0
34756,0
2500,2
77071,0
68377,0
91300,1
99429,2
46658,0
7519,0
12328,0
51820,0
84049,1
89394,0
3599,0
89988,0
59469,3
90921,3
90992,3
65334,0
22393,0
8355,3
24902,3
63082,3
1513,0
82831,0
9670,2
90040,2
80951,0
19923,2
27869,3
76433,3
73741,0
35860,0
5939,0
87087,0
30665,3
24196,0
64724,0
30770,0
25709,0
5821,0
68986,0
50781,2
25013,0
33064,0
50315,3
89144,2
85940,0
25866,0
98990,3
445,0
42402,2
47034,2
32815,3
56089,2
31041,0
7698,0
70975,3
98752,0
54401,2
74951,0
42861,3
53416,3
86778,0
83739,0
34781,0
77948,0
48629,0
22263,0
65510,3
30399,0
7850,0
28495,3
49336,0
80429,2
66650,2
88608,2
56069,2
98326,0
75595,3
7341,2
79862,0
53198,3
70821,0
47085,3
17446,2
99868,3
43448,3
85445,0
99611,2
28832,0
63198,3
63862,0
29299,0
34019,3
38706,0
77061,0
71372,0
4424,0
22301,0
23680,0
95394,0
84425,0
66144,3
91123,0
24480,0
64111,0
68931,0
42898,0
635,0
11885,2
70994,2
92605,2
27925,0
29150,0
89889,2
84614,0
70522,3
25313,0
7201,2
31304,0
26441,0
50095,0
25446,2
36035,2
13566,0
14171,0
49283,3
68520,0
47768,0
34335,0
25140,2
50457,0
38742,0
56088,0
71854,3
35736,0
38730,2
40762,2
55192,0
35455,0
6467,0
62906,0
4888,3
1797,3
87799,0
4909,2
81152,0
20965,2
93756,0
11094,0
65055,0
49026,0
21800,0
16445,3
13425,0
37974,0
48688,0
90535,1
78509,0
64669,0
27969,0
93654,0
61014,0
15004,0
158,1
87451,0
82637,2
64368,3
62102,0
67387,0
86274,0
25113,2
33973,2
80273,0
19609,0
72890,0
77640,0
44594,2
64682,0
34214,0
99329,0
48324,0
68090,0
93984,2
91235,3
2252,0
9890,0
70301,3
81701,1
9540,0
83580,2
12446,0
7,2
90151,2
8881,2
1011,3
69752,0
43867,2
80580,0
37573,2
84209,0
4914,0
53778,3
49495,0
5576,0
58042,0
71420,0
54218,0
15027,2
5,0
66077,0
67113,3
99212,0
10233,0
57528,3
40309,0
99916,0
97983,2
94047,1
5603,2
7326,0
86698,2
23233,0
3534,0
32169,2
88784,1
5571,0
37353,1
232,0
43178,0
31991,0
95340,2
78751,0
32615,0
10923,0
60656,0
74560,0
90924,1
69239,0
29269,0
98964,0
58194,3
2993,2
90407,0
74863,3
47816,1
85722,1
37499,0
46121,0
17810,0
46316,2
31089,0
62739,2
1004,2
93661,0
12841,3
29683,0
60668,0
43948,0
45507,0
93998,0
1580,0
50312,0
49171,0
83630,0
83786,0
69252,0
11623,3
4264,3
99445,3
92162,0
82173,0
24330,2
35984,0
25859,0
23637,0
14777,0
68666,3
55724,0
37066,0
81933,0
25957,3
65124,0
85157,0
84507,2
95167,0
48761,0
41020,0
38928,1
72161,0
78466,2
47138,0
95026,3
71380,3
86269,0
5985,2
68866,0
87591,3
60933,0
18573,0
34582,2
56440,3
57412,2
17681,2
46216,0
70177,1
81236,0
38141,0
74535,0
69339,1
71603,0
86592,0
75074,0
49381,0
32116,3
13397,0
81732,0
78584,3
96283,0
65195,2
42506,0
28134,0
37654,0
72326,0
37278,3
49882,0
6045,2
23805,0
9295,3
93667,0
74678,2
77369,0
45915,0
28841,0
42051,0
99211,3
42782,0
84288,0
73717,2
88127,0
28374,3
18987,2
78598,0
53893,0
23387,0
3904,0
33594,3
85260,0
18346,0
96755,0
58703,2
99073,0
95033,0
83486,0
34642,0
25889,3
29692,0
83073,0
44165,2
97318,0
67963,0
90396,0
38424,0
58377,0
46369,0
57176,0
86932,2
29544,3
15273,0
55871,0
74068,0
54736,3
1747,0
86582,0
24765,0
34549,0
25183,0
50149,3
10090,3
96364,0
53835,1
24601,1
27467,0
80908,3
29023,0
62576,2
19079,0
14880,2
72811,0
77839,0
39363,3
7502,0
83351,0
47532,0
24293,0
62960,3
56355,3
61335,1
27291,0
82391,2
76737,0
79639,3
53544,0
55076,0
17978,0
85683,0
90471,0
4908,0
48468,3
8847,0
37989,3
16088,0
49868,0
5734,3
1825,3
72564,2
49648,0
89475,0
77668,0
72847,0
46976,2
15128,0
29796,3
46865,1
67860,0
37718,0
57759,0
52666,0
46513,3
12541,3
93824,2
53150,0
93737,0
15055,2
13540,0
68752,0
86952,0
51436,3
83846,0
83755,0
87791,0
10529,0
65767,0
75617,3
26198,0
176,1
53598,0
86657,2
94214,0
59844,0
13841,0
39962,0
38760,1
50017,2
25916,0
18034,0
2434,2
43074,0
16249,0
71873,0
46718,0
98427,0
70815,0
83591,2
47941,0
53300,0
78306,3
54715,0
2925,0
64428,0
39308,0
59403,3
69799,0
81403,0
13586,0
29832,0
71462,2
23892,3
37896,0
27309,3
48887,0
34021,2
32235,3
61325,3
96452,0
22620,0
98208,0
71836,0
12470,0
10360,0
32059,0
9596,0
25426,0
407,3
53570,0
11828,3
7307,0
96645,0
48451,3
18251,2
22409,0
694,3
19948,0
26110,0
66993,0
45217,2
46237,2
82210,0
33801,3
46907,0
38642,0
51099,0
52982,0
99302,3
31797,0
42626,0
35463,2
82344,0
31014,3
78690,2
26901,3
39905,0
11101,0
80105,0
43759,0
44020,0
48906,0
31084,0
27863,0
27553,0
72571,0
64414,3
48246,0
13591,0
67491,0
52454,3
40089,0
65460,0
18425,2
83154,0
63071,0
96760,3
85136,0
28686,0
63308,2
92088,3
17318,0
76544,0
94022,0
4241,2
1219,0
43152,2
99265,0
12149,0
84093,0
41045,0
49535,0
96125,0
28293,0
3249,3
60400,2
17305,3
31963,3
41594,0
14054,0
66598,3
57563,0
54063,0
79466,0
77763,3
65411,2
13766,0
83570,0
60347,0
62626,0
64511,0
77163,0
83999,0
99026,0
20949,2
65524,0
88906,3
11340,0
22837,0
87739,0
31412,0
73774,0
76160,1
11678,0
52857,3
46834,3
52628,0
30782,3
47629,2
62189,0
49769,0
38811,2
92748,0
76458,0
6163,0
99752,0
1667,0
39793,3
4050,3
43362,0
27988,0
54931,3
97131,2
92330,0
88173,0
50112,0
25010,3
48784,2
75241,3
93030,0
67422,3
30002,0
2523,0
69280,0
90722,0
19312,0
6233,0
22778,0
32748,0
41277,3
56017,2
82143,0
49708,0
10273,0
52509,2
62059,0
47090,2
66098,0
55045,3
33697,0
35743,0
64589,0
60091,0
10025,0
16948,0
92413,0
63382,0
29514,0
7317,3
29290,3
25452,0
46504,0
11413,0
47488,0
11103,3
89701,0
85631,0
48636,0
95524,3
34256,0
46902,0
50692,0
88067,0
46882,0
56419,0
53516,0
51401,2
27761,0
76907,0
8315,0
80019,3
51179,1
99926,3
22641,0
64195,0
57635,2
39695,0
85747,3
66994,1
58092,2
67638,0
25705,0
42731,0
56507,0
14810,0
36096,0
91657,2
34849,0
4925,0
90381,2
60436,0
76139,3
13428,0
98272,3
95679,0
61988,3
6484,0
6253,2
53121,2
35193,2
28663,0
34606,1
20303,3
59348,3
76522,0
23031,2
35320,3
60187,2
98220,0
41137,0
90321,0
5820,3
73151,3
80555,2
4693,1
47534,0
62472,0
22673,2
14462,3
99355,0
11466,0
34777,3
95674,3
81302,0
14985,3
14544,0
22042,3
92802,0
35990,0
76162,3
32165,0
18401,0
91473,3
61406,0
30781,0
34773,2
24456,2
12107,0
69150,2
59554,0
74037,0
58048,0
92754,0
13694,2
50676,3
36633,2
65022,0
22070,0
8297,2
38845,0
16167,0
90314,0
95975,0
56713,0
19107,2
43547,2
51310,0
44934,3
44740,3
40146,0
16805,0
20110,0
79304,1
79711,0
89877,0
36826,0
64744,0
14606,2
41328,0
25339,0
66954,3
68818,0
40465,3
1595,2
16705,0
73339,2
46202,0
16659,0
79939,3
93356,1
55349,3
75183,2
27996,0
36318,0
49730,3
94000,3
56503,0
30903,0
72691,0
66105,0
126,0
98515,2
78453,0
65400,0
94732,0
22029,0
55202,0
20833,0
36992,0
20600,0
82776,0
3507,3
95779,0
84403,2
67308,3
63113,1
29365,0
3857,3
91977,3
32786,3
14681,3
69377,0
93026,0
50791,0
24385,0
60312,0
6967,0
3714,0
93962,1
75078,0
75180,0
13831,0
56764,0
11787,0
27716,0
46183,0
22418,0
15629,1
19922,2
42291,0
36303,0
60128,3
71475,2
70561,0
6984,2
6195,0
38057,0
1606,0
98800,2
53680,0
11560,0
52117,0
95473,0
11315,3
93342,0
32976,0
73954,3
33919,1
67015,1
83465,2
96998,3
23485,0
55141,0
95138,2
722,0
30389,2
31922,3
47109,3
71506,0
79421,2
77024,0
87923,3
98224,0
83615,0
11825,0
25162,0
59735,0
9218,0
85309,0
11026,0
2071,0
39411,0
35953,3
39580,0
72814,2
79063,0
87502,0
88398,3
38610,2
15002,0
96825,0
94845,0
85327,3
88142,0
64889,0
31838,0
75464,0
89599,0
5500,0
69080,3
58473,3
66597,0
44406,0
21958,0
82942,0
7709,0
80449,3
65698,0
42902,0
49948,0
25621,0
35031,0
61377,3
49987,3
52679,0
5112,0
62173,0
72619,3
68819,0
12861,3
27546,3
2421,0
56468,0
26583,3
56126,0
73731,0
27906,2
59076,0
26397,0
61558,0
39994,0
34113,0
13986,0
2426,2
28569,0
39296,0
46748,0
29923,0
69455,3
7929,0
27743,0
10970,2
18917,1
11731,0
65604,2
92536,2
58022,2
19188,0
42276,0
64109,0
54465,3
11860,3
5257,0
44521,0
83665,0
93585,1
61049,3
91547,2
59713,0
77218,3
78455,1
42961,0
76319,0
98005,3
31102,3
15851,2
38957,0
31560,0
35466,0
26294,0
52260,3
75627,0
48510,3
29909,0
11884,0
81806,0
30348,2
86135,3
61057,3
24542,0
24977,0
39834,3
83737,0
90752,0
86360,0
94556,0
78461,3
81557,0
97251,0
82647,2
48490,3
54766,0
94996,0
39832,2
78206,0
79530,0
53294,0
61561,0
26066,1
49894,2
55596,0
76898,3
4039,3
85511,0
24124,0
42472,0
73896,2
85712,2
1892,2
44372,0
75247,3
86607,0
47524,0
28736,0
57135,0
10672,0
86267,0
8514,0
33355,0
33956,0
79140,2
89895,0
24883,0
9749,0
74369,3
11553,2
76318,3
69505,2
43210,0
6056,0
72247,0
55301,0
13510,2
98792,3
76725,0
70985,2
62070,0
87821,0
1639,2
46181,0
32571,0
64655,3
45251,0
15194,0
60427,0
12025,3
65323,0
88975,0
65898,0
87096,2
87251,0
29628,0
77035,0
58334,0
61742,0
77271,0
26472,2
43972,0
62357,1
44859,3
74836,0
96417,2
71985,0
5295,0
73001,2
4038,1
56611,0
19750,0
55370,1
60398,0
38617,0
41517,0
41300,0
87847,0
40636,0
76857,0
48350,0
65366,2
40706,3
81737,0
9242,0
78716,0
70731,0
10081,0
92707,0
88601,0
86250,0
75690,3
39529,0
38087,0
55988,0
55907,3
33782,0
69777,3
50424,0
33765,0
70464,0
32867,0
10088,0
33898,0
41903,0
3141,0
90551,2
76198,0
61665,0
89358,1
89790,0
20901,2
34491,0
98155,2
91534,3
44340,0
28729,0
65531,0
49597,0
97293,0
70419,0
17699,0
582,0
67193,0
85238,2
11044,3
20914,0
99683,0
16125,2
88254,3
97154,0
2560,0
22941,0
44,0
64820,0
85202,0
14072,1
46605,0
50206,0
76834,3
70329,2
20900,2
55373,0
57587,0
12453,2
24863,0
98438,0
27598,3
97765,3
41652,0
51325,0
89124,0
39240,1
65139,0
9536,2
12390,0
79654,0
9009,0
27219,2
30821,0
92401,2
25311,0
45038,0
9697,2
49304,2
22970,0
87711,3
78310,0
88152,2
59638,0
66219,2
15569,0
53721,0
71147,0
81275,3
12410,0
41051,0
33261,1
54901,0
346,0
28196,0
83391,0
48812,0
95221,0
38962,0
77900,2
37011,3
39052,3
30981,0
95366,3
15876,0
62519,3
63935,0
97277,0
67483,3
30651,0
28241,0
12603,0
40773,0
72359,3
52307,0
90253,0
23238,0
14573,3
50970,0
37394,0
52519,0
47281,0
60527,0
24898,3
74857,0
22229,3
54257,3
38483,0
33202,0
68313,0
53246,0
84124,0
7494,2
5677,0
66181,0
80569,0
27515,1
10744,0
2222,0
46387,0
85506,0
2030,0
69531,0
39682,0
79267,0
66139,0
81925,0
67480,0
31043,0
93694,0
43470,3
63144,0
99438,0
33472,0
49560,2
80259,0
47674,0
38751,0
25309,3
86677,0
96312,3
74850,0
90931,0
49545,0
17600,2
76943,3
79042,0
99913,0
23322,2
80147,0
7600,2
36962,0
85160,3
6797,0
80984,0
54761,2
43882,3
96056,0
65561,0
96372,0
31818,3
44711,2
80709,0
65181,0
69908,2
96085,0
87045,0
65747,2
30176,0
12299,2
60631,0
6495,2
98971,0
26413,3
74776,0
31080,3
16393,0
73574,2
44354,0
48522,0
67787,0
31845,3
71519,2
23617,0
98362,3
16048,0
91613,0
38904,0
96071,2
75047,0
24264,0
76663,0
93493,0
91135,0
14543,0
18979,0
92292,0
28447,0
88335,0
50416,3
32376,0
95461,0
81223,3
6556,0
6054,0
43227,0
73082,0
31912,0
1899,3
9158,0
46869,1
52641,0
27766,0
21696,0
41320,0
45569,3
96443,3
94231,3
26559,3
66855,0
94594,3
20334,0
34888,0
40957,0
32261,2
39023,0
73376,0
68435,0
80922,3
90482,0
72233,2
70914,0
37023,3
30467,0
34106,3
16320,2
87092,3
19420,0
75439,0
15160,2
14246,1
4938,0
80398,0
45444,2
60279,0
79326,0
35120,0
20375,0
38196,0
18675,0
41924,0
99175,2
44590,0
48454,0
70284,0
95572,0
47615,0
27483,0
70361,0
94483,0
2563,3
22830,0
47800,2
1827,0
3802,0
71644,0
49144,0
86999,2
3624,0
96,0
40562,0
54202,0
11990,3
40371,0
76271,2
73797,0
82172,0
86391,0
2198,2
89070,0
2978,3
6157,3
99547,0
82414,0
68006,0
66729,0
14656,0
68207,3
22327,0
49131,0
19003,3
18645,3
50088,2
71281,0
11550,0
56773,0
30373,0
96379,0
95436,0
63845,3
91964,3
92793,0
46918,0
98592,2
51725,2
91641,0
96993,0
2700,0
27480,2
57188,3
73313,0
84417,2
43374,0
42356,0
51104,0
66012,3
13887,0
70454,0
39352,0
87755,0
13796,0
2911,0
63953,0
71444,0
46688,0
47597,0
432,3
37119,0
99661,0
6050,2
92962,3
62722,0
6323,2
91315,3
2568,0
2542,0
94786,3
64399,0
74175,2
61718,0
45453,1
96089,0
24873,3
38160,3
95443,0
3294,0
77783,2
49974,3
28532,0
10491,3
68238,0
69514,0
98804,0
60153,0
11289,0
83998,0
6486,0
82071,0
82541,0
45215,0
42999,0
8182,0
9565,2
15528,2
48603,3
94851,0
98754,0
70820,2
23733,0
81507,3
63841,0
78978,0
97506,0
30757,3
50071,2
96881,0
56131,0
8264,0
78094,1
29624,0
43009,0
57842,0
49979,0
2419,2
75800,0
75270,0
55304,0
9338,2
52175,0
1905,2
39492,3
18859,0
94924,3
65177,0
50224,0
15780,0
99420,2
32377,2
20984,0
81218,2
79485,0
74181,0
20169,0
68957,3
58819,0
6756,2
17649,3
58580,0
66273,2
88973,0
99034,0
59655,1
45002,0
29296,3
50994,0
13167,0
17808,0
74406,2
73023,3
83682,0
75451,0
57000,0
94155,0
5300,3
43496,0
72229,3
46934,0
43246,3
84178,0
14926,0
74802,2
49681,0
87590,0
53131,0
25193,0
35505,2
16576,0
50537,2
34247,2
56953,0
20732,3
29524,0
80499,0
89313,0
83168,0
38907,0
5903,0
2673,2
1627,0
37134,0
57147,2
22212,0
36812,0
47418,0
8545,2
809,0
8107,0
96857,0
6214,2
68688,0
71167,0
56097,0
93915,3
77835,0
40284,0
18822,0
51046,0
61723,0
20731,3
30588,1
48243,0
76431,0
83015,0
68388,0
11619,0
33374,0
28307,0
99929,0
77853,2
97299,2
71639,0
55972,2
39389,2
37753,0
38116,0
30585,2
81893,1
35196,0
61687,3
33910,2
3060,0
43170,0
34339,0
66980,0
49565,2
39498,1
15890,2
76237,0
35563,0
29168,0
58269,0
50722,0
71180,0
13702,3
15841,0
84227,1
99946,0
18643,3
72260,0
7607,0
84567,0
18849,0
95425,0
22780,1
16626,0
19549,0
81481,0
90585,0
89099,2
74542,0
47788,1
92616,0
32702,3
14619,2
75236,1
99250,0
84565,0
28724,0
95215,0
44286,2
90580,0
4979,0
78465,0
71964,0
76281,2
70620,2
79220,2
74189,0
50060,1
67797,0
37097,3
41240,3
38812,0
66044,0
47982,0
58312,2
94629,2
74493,3
58544,3
83584,3
42048,0
89982,2
10480,0
5191,0
70024,3
93221,0
49796,3
14457,0
95287,0
42006,2
5265,0
41579,0
50988,3
12437,0
99542,0
22396,3
68827,0
51259,3
85878,0
64484,0
64292,2
15376,2
91791,0
41701,0
57532,0
34985,3
88286,0
59404,0
49050,0
97133,0
81135,0
96749,0
92959,0
93385,3
27564,0
17218,0
61781,0
60972,0
34769,3
97190,2
65518,0
37825,0
44504,0
56844,3
63361,3
31189,0
34205,2
50235,0
40215,0
25505,0
3485,0
66906,0
72626,0
22378,0
62205,0
53196,0
89120,3
15659,0
1722,0
32575,3
66840,0
57889,0
20006,3
26819,0
35121,2
89804,0
58647,0
5123,0
18728,3
12396,0
59499,0
36487,0
47145,0
79387,0
18212,0
10202,0
7815,0
96875,0
94379,3
37367,0
26889,0
97747,3
76775,0
29549,3
7460,0
33730,0
70252,1
32922,0
82034,0
44699,3
35890,0
41139,0
42765,0
28751,0
4567,0
65192,0
27511,2
42467,0
15086,0
92028,0
81988,0
67677,0
78940,0
51712,0
71294,0
46203,0
4636,0
33165,3
78996,0
71311,2
5984,0
63836,2
18512,3
49278,0
59563,0
68735,0
68057,2
82011,2
14561,0
5521,0
26871,1
78698,0
7300,0
10084,2
40952,2
94601,3
65869,0
40669,0
27076,0
82737,0
74413,2
1065,0
65063,0
36529,2
99518,0
90328,0
77871,0
79509,0
31909,2
39404,2
12489,2
35527,0
14331,3
85348,2
86152,3
48941,0
76248,2
29920,0
238,0
25693,0
80830,2
25132,2
60586,3
67905,0
93558,3
77811,0
21984,0
50564,0
2512,0
28206,3
35046,0
57366,0
64837,3
46551,0
54683,0
34085,0
63321,0
17129,0
75205,0
614,2
70512,0
3413,0
50688,0
87706,0
28770,3
14741,0
83594,0
17951,3
86756,3
67181,0
73004,2
40692,0
28020,0
13850,2
41983,0
24910,0
76492,0
55250,3
80028,3
50012,0
37500,0
52099,2
83297,0
62636,3
74335,0
62442,0
24146,0
92874,1
77345,2
74609,3
8050,0
90609,0
31829,0
74050,0
79223,0
52065,0
39896,0
53366,0
11492,1
3203,2
23901,2
23427,0
25775,0
17870,0
93152,1
436,0
15324,0
39480,0
40919,2
87751,3
2735,2
88905,0
43883,0
46739,0
90323,2
99029,2
57912,0
5037,3
62953,3
93172,2
6402,2
74046,1
32351,3
46415,0
45087,2
19935,0
60576,2
21711,2
85993,3
50962,0
71878,3
8671,2
81046,3
26424,0
77908,0
25673,0
8116,0
13187,0
87031,3
17006,0
32051,0
64330,0
84513,0
33737,3
20192,0
78424,0
54405,3
22671,0
17555,0
34533,0
93764,3
30977,3
33978,0
80973,3
11013,2
62487,0
68406,0
28985,0
4746,3
27051,3
93211,0
3590,2
4594,0
50019,0
88470,0
9991,0
43097,2
32177,0
5405,0
97369,0
86086,0
56807,0
43370,0
19941,2
11907,0
11549,0
73573,3
6328,0
73118,3
1006,3
63351,2
46038,0
55498,3
22287,0
93777,2
59156,0
88495,2
34001,3
79828,2
73423,0
90692,3
21117,2
87680,0
69319,0
20050,0
15936,3
80617,0
7402,0
20319,0
74507,0
92729,0
24233,0
9270,0
40860,2
31761,0
43548,2
6071,2
93550,1
99084,0
78474,0
89299,2
67272,2
78079,3
99987,3
26444,0
8589,0
62509,3
4785,3
1053,1
23856,0
4102,2
48119,3
64444,2
31323,0
97801,0
2795,0
8303,2
62556,3
59166,0
31625,3
5924,0
42062,0
4142,0
30888,3
42507,0
40400,0
414,2
26226,3
53677,3
90737,1
45741,2
64943,3
31190,3
25445,2
35604,2
75759,2
55547,1
67542,2
8223,0
92139,0
94332,0
99124,0
20423,3
99166,1
14468,0
18071,2
4856,3
31081,0
26766,0
5002,0
37646,0
8278,0
17695,0
66841,0
15746,0
69084,0
7837,2
42560,0
97758,0
46133,0
5228,0
84673,2
27626,3
45459,0
44166,2
87093,0
46517,0
15875,0
24591,0
53635,0
58288,0
6089,0
36486,2
44611,0
76519,0
84583,3
31603,3
45912,0
68245,0
53550,0
5725,0
67654,2
28629,0
49691,0
98421,0
57345,2
98105,3
73244,0
14914,0
18055,3
15313,3
4494,3
44557,0
35570,0
80914,0
68684,3
60744,0
84898,3
73181,3
87758,3
67258,0
27169,0
96873,0
84240,0
52448,0
57276,0
90496,0
95247,0
50530,0
66060,0
7764,2
71156,0
12675,0
46146,0
231,0
37044,0
53312,0
1562,2
12923,2
44447,0
38590,2
11015,0
52647,0
51351,0
51657,0
39916,0
90562,0
97581,0
97621,2
14067,3
42458,0
86579,0
52366,3
56676,3
39155,0
57012,3
83861,1
24899,3
31050,0
13370,0
71747,0
32750,0
37427,0
4277,0
83376,0
61067,2
38704,0
76647,2
75745,0
10564,0
94624,2
77933,3
98520,0
92992,0
32149,0
19828,0
14527,0
56583,3
90159,0
6258,0
33850,0
23341,2
83592,3
34333,1
8086,0
74771,0
42573,0
17148,3
54526,3
72148,0
76444,1
80457,0
56085,0
17068,2
4903,0
33901,0
71105,3
1204,0
34941,0
59176,0
18158,2
10734,0
22602,0
51871,0
57917,0
27728,0
84919,0
94370,3
62090,0
87063,0
89100,0
53563,0
77065,2
20367,2
37003,0
80200,2
1092,3
88563,1
88459,0
98304,0
36373,0
50770,0
84296,0
57125,3
96529,3
91658,0
41204,0
39435,0
78810,0
98903,0
51732,0
37865,0
94318,0
73162,0
24288,0
12191,0
21332,0
35384,0
66562,3
6477,0
80158,3
35,0
35171,0
65564,3
60506,2
52765,2
74999,0
19956,0
74945,0
53845,2
45559,0
76610,0
45096,0
61102,0
64728,3
26333,0
25502,2
59104,0
655,0
52143,0
6899,1
34193,0
60531,0
93338,0
2457,0
26190,0
41493,0
61387,0
25662,0
25277,0
19983,0
66687,3
93727,0
75488,0
99491,0
55763,3
26729,3
5772,0
56032,0
37657,0
48595,0
25720,0
69026,1
18881,3
80205,0
34277,0
88241,0
77821,1
38626,0
21184,0
36188,3
64153,0
98050,3
1047,2
25543,2
49845,0
47903,0
44781,0
28330,0
50923,0
55751,0
43098,0
83960,0
46727,2
45639,0
78529,0
46141,3
50936,0
963,0
3218,0
78733,0
52137,3
53012,3
87217,0
14621,3
20613,0
57960,3
91159,3
75198,2
52157,0
59358,0
44026,3
64142,0
49015,1
91675,0
83147,2
63793,0
57751,0
73047,0
70588,0
38723,0
75559,0
60185,0
76427,0
46787,3
161,0
10527,0
58252,3
4572,0
24766,3
61357,0
13684,0
84992,0
47915,2
15990,0
41595,0
75485,0
42971,0
44924,0
66926,3
42262,0
79072,2
99378,2
31369,0
85813,0
56793,3
65903,0
70995,0
15923,3
36313,0
95129,2
45561,0
906,0
2095,0
39089,3
30235,3
97618,2
13987,0
88632,0
20519,0
98064,0
26490,0
49858,0
91093,0
25260,2
61637,0
22531,0
15172,0
87996,0
72407,0
40575,0
90833,0
51983,0
9528,0
50178,3
1300,0
41382,1
37599,0
9524,0
94785,2
15392,2
89244,1
36818,0
10689,2
35112,0
44009,2
84400,0
70403,0
99937,3
20095,2
88650,0
9841,2
84803,1
42547,0
81535,0
96176,3
47362,0
15708,3
5093,2
74534,1
99528,0
4813,0
19414,0
91614,0
97435,0
56129,2
72130,0
70959,0
19733,2
62683,2
23953,0
69561,0
78578,0
11970,0
7474,0
79963,0
8438,2
83045,0
51749,0
69393,0
67678,0
20729,3
31631,2
538,2
88059,3
60714,0
32980,0
40826,2
38705,0
21112,2
24016,0
77603,3
68466,0
84836,0
35849,0
53623,3
19274,2
34673,3
7330,0
39459,3
30056,0
65583,2
90907,0
90372,0
24135,2
32831,3
88267,0
95608,0
24871,0
65923,3
5665,3
68885,3
70224,0
92644,2
83091,3
79868,0
84116,0
38191,2
72048,0
47564,2
97283,3
98623,0
45427,2
52017,0
65685,2
72182,3
11682,0
63283,0
85919,3
65602,0
53843,3
11250,0
99140,0
46935,0
95447,0
97401,0
3069,0
60731,0
60393,0
83244,0
20114,0
9924,0
12876,0
43453,2
24402,2
1397,0
14434,0
76750,3
95102,0
72452,0
89604,0
90641,0
49630,3
74455,0
51270,0
39950,0
26437,0
28976,0
26044,0
32226,0
83054,0
92871,0
53970,0
14461,0
6245,0
64392,0
49370,2
28163,0
21552,2
17969,0
36425,0
85122,0
44621,3
15088,0
63057,0
38589,0
49719,0
27725,0
57616,0
22402,0
99025,0
19637,0
93842,0
76958,0
13412,2
16411,3
79930,0
37316,0
34265,2
36823,0
28812,0
7311,0
21910,0
28151,0
48114,0
11131,1
51227,0
64239,2
92218,3
37622,3
11880,2
16194,0
54731,0
56684,0
97805,3
85185,3
80928,0
10651,3
98281,0
98303,2
9008,0
78201,0
33937,0
93886,0
79942,0
26812,2
50263,3
70455,2
51653,0
21145,0
3372,0
8169,0
45636,0
40483,2
7978,0
55417,0
57686,0
70780,2
86534,0
76860,2
90362,0
10524,3
43092,0
26775,0
48041,0
15845,0
3570,0
44249,0
9502,0
42295,0
59649,0
53479,0
76919,0
18936,0
4404,0
39416,3
32850,0
16322,3
5325,0
27432,3
95029,0
64151,0
46011,3
88635,3
76929,0
17074,1
55888,2
4989,0
15212,2
56674,0
38429,3
44927,3
78445,0
51051,2
75009,0
50126,0
55171,2
62094,0
85343,0
31612,1
15772,0
66365,2
53867,3
3845,3
27641,3
11612,2
21739,0
47344,0
15039,0
83401,0
12037,0
27249,0
36288,3
73319,0
89879,0
69972,0
44035,3
3161,2
73163,0
6401,1
49982,3
69272,3
64457,3
11361,0
78503,0
76249,0
93408,0
97552,0
22107,3
20090,0
21596,0
87459,0
5876,2
17469,0
81517,2
67218,0
77197,0
6062,3
58028,0
7059,0
45843,0
12292,0
4616,0
24785,0
26243,0
76418,2
62703,0
70457,0
36029,0
77112,0
58736,0
59889,0
5542,0
48548,3
89347,0
58781,1
37296,3
12596,3
28537,3
79997,0
34191,0
54967,0
7744,0
91132,0
5061,0
2445,0
17304,2
83321,0
91720,0
81987,0
8714,3
29,0
87350,3
19433,0
30812,0
57720,3
55834,0
18438,0
24130,0
54656,2
66344,0
91231,3
74345,3
48190,3
5510,0
63096,0
67731,0
87641,0
23378,2
37828,0
26985,2
38692,3
59856,0
47994,2
76332,3
41466,0
68996,2
50491,3
87689,3
19794,3
23544,0
8676,0
42706,3
59616,0
51005,0
93917,0
81105,0
77357,0
87878,0
5804,0
49452,3
83687,0
84026,0
68448,0
93073,0
49501,0
75208,0
97563,3
36872,3
46621,0
30068,0
64078,0
50794,0
14707,0
66938,3
56808,0
14113,0
95423,3
43856,0
60835,0
20506,0
51447,3
89388,0
82098,3
77063,0
53214,0
58638,3
89210,0
82809,0
10183,0
52925,2
47705,0
36666,0
11703,0
69709,0
42163,2
91645,0
87662,0
93390,1
17921,0
33024,0
37241,0
52997,3
87437,3
89316,3
75349,0
32486,0
29293,0
23524,0
54051,0
19434,0
17777,0
15344,0
90455,2
78853,0
59123,2
36141,1
12894,3
99405,2
32845,2
20532,0
74522,2
59077,0
81303,2
38891,0
51908,3
23672,0
56371,3
50584,0
25265,0
65229,0
29332,0
17518,2
51575,2
92371,0
60907,0
83365,0
62533,0
16969,0
44321,0
270,0
81923,0
93160,0
36450,0
17716,0
7728,3
26815,0
25225,0
4823,0
40716,0
62195,2
73413,2
48499,0
64969,3
54160,0
18193,0
45509,0
69564,0
97916,3
98432,2
43729,0
21917,3
53324,3
19504,3
72295,0
60680,3
49584,0
83599,3
61966,0
69015,2
83186,0
11479,3
70784,0
81892,0
1323,0
46113,0
43278,0
84476,2
35427,0
74809,0
59479,3
77680,3
70357,3
23824,0
89902,3
26923,1
95611,2
57416,0
44369,0
77348,0
50753,0
88814,2
39885,0
43481,2
31661,3
21740,0
90416,2
79257,0
26952,0
96748,0
46482,2
83131,3
65387,0
4394,0
98021,3
66963,0
42977,0
52584,0
20167,3
3656,2
18168,0
45690,0
43604,0
16461,3
81154,0
66679,0
16976,2
94352,0
85672,0
32586,0
53625,1
51888,0
85552,0
78381,0
88988,3
28879,3
34961,0
33128,3
37777,2
34472,3
74139,0
31478,3
8596,0
71430,0
3907,0
67695,0
81399,0
31916,0
17779,0
55955,0
96816,0
51635,0
51624,3
95678,3
14319,2
40378,2
88036,3
54495,0
35657,0
52547,0
42605,0
37014,3
95537,0
90319,0
42929,0
75878,2
89978,3
81527,2
6314,0
70628,0
28746,3
37383,3
5018,2
99477,0
24672,0
14455,1
78195,0
34482,2
42496,2
47161,0
57779,3
14255,0
28019,0
43631,0
801,0
3923,0
34082,2
56200,0
19701,2
38369,0
24344,2
11512,0
75540,0
95116,0
1325,0
30934,0
45597,3
52906,0
10681,2
89661,2
36520,0
70439,0
51211,2
45583,3
80639,0
15192,0
53120,0
44728,0
42348,3
11952,0
26058,0
45302,0
99000,0
19995,0
74600,3
90644,0
11035,3
95098,0
95837,3
44966,2
41806,3
37030,1
24513,0
89559,2
17888,0
28838,0
29717,2
78061,0
93506,0
44199,2
25997,1
28881,0
35769,0
71153,3
12597,0
99318,0
29428,3
35092,0
16426,0
91908,0
36870,0
83258,0
86252,1
54129,0
57332,0
65709,3
65064,3
68056,0
73454,0
97285,3
83362,2
88304,0
24914,2
97449,3
14633,3
97695,2
53848,0
13817,3
8602,3
94907,0
91962,2
26271,3
93937,0
99118,0
77896,0
68505,0
41763,0
7781,0
62455,2
34672,0
69563,0
28401,0
19302,2
39302,0
89983,0
92438,0
97492,2
18607,1
44555,3
48610,3
12652,0
93373,0
52574,0
63737,0
41048,3
45967,0
57847,0
57761,0
52704,2
43271,0
47326,3
39890,3
75871,0
49200,0
5065,3
6716,0
3777,0
37636,2
66540,1
98098,3
4931,0
67954,0
13875,0
77938,3
6405,0
37322,0
48843,0
45703,0
64896,0
39533,0
79234,1
66240,2
13141,0
92624,0
60395,3
75250,0
45071,2
65555,2
99673,0
74265,0
21105,0
23056,2
75695,0
85386,3
6626,0
90810,3
27401,0
99613,3
34685,0
15152,0
4000,0
62478,2
91748,0
76692,0
96509,0
64536,2
58742,0
8213,0
88873,3
48683,0
33776,0
51392,3
69164,1
34273,0
13571,0
48964,2
84863,0
77656,0
1276,0
88644,3
1855,2
11964,0
85369,3
84508,0
20272,0
50238,0
92728,3
19422,2
75895,3
3780,0
48997,3
59623,0
85768,3
13487,3
92207,2
91904,0
15956,3
40834,0
74563,0
30608,0
27633,0
17165,2
77665,3
6164,0
66931,0
36602,0
83070,3
6748,0
69010,0
24587,2
91518,0
57241,0
88379,0
55537,0
93752,0
69950,0
3700,0
33954,2
47778,3
51925,2
33640,3
85456,2
44675,0
14855,0
691,0
66325,0
78874,2
7242,0
78027,0
12574,1
7241,0
58325,0
33995,3
75072,0
70592,0
11537,3
41081,0
12567,0
35207,2
25529,2
6334,2
65054,3
19854,0
8790,0
74858,0
26317,0
5289,0
7673,3
75553,0
51906,0
82861,0
32050,3
33610,0
1309,0
7581,2
48248,0
96012,0
78439,0
29546,3
95636,3
85330,0
95031,3
84976,3
73937,3
871,0
65859,3
4673,0
26953,0
17118,0
22060,3
94856,0
64556,3
90613,2
77358,0
34189,0
58608,2
64986,2
50355,0
19402,2
89162,0
7053,3
42229,0
23321,0
64770,0
18505,2
5268,3
4198,0
9224,0
56348,0
44721,0
41312,0
87123,0
12423,0
83864,0
6995,0
5334,0
99742,0
6344,0
22397,0
50383,2
33069,2
63462,0
24703,2
5391,0
47619,0
53209,0
98698,2
84958,0
71138,0
40280,0
31389,2
25998,2
51510,3
60869,2
94259,0
89106,2
56302,0
90542,0
16968,0
45968,0
79298,0
75950,1
18661,0
32063,3
19898,0
29989,0
58595,0
3804,0
52734,0
95141,0
52092,1
40759,1
2451,0
55733,3
79104,0
75876,0
91687,0
76531,2
5963,0
58845,2
36015,0
67849,0
91884,0
44484,0
46131,3
9052,3
99576,1
95463,0
7517,0
24133,0
78030,0
60330,0
34156,2
46624,3
26599,0
72616,1
58316,3
59053,3
99764,0
8407,1
24547,2
65917,0
28468,0
88675,1
22144,0
67085,0
60960,0
74931,0
16660,2
9961,3
17868,0
72395,3
14411,0
94111,0
70716,0
55418,1
685,0
8837,3
92860,2
79929,0
2997,3
26553,0
80776,0
31428,2
10479,0
60030,0
99671,0
65497,0
35519,0
93263,0
52119,0
99755,0
5831,3
74818,0
62408,0
12320,0
93195,3
96373,3
60992,0
75885,0
95746,0
23948,0
73552,0
23456,0
26570,0
908,2
92188,0
3138,2
22410,3
80234,0
62056,2
72276,0
45950,1
2181,3
9549,3
50217,3
44462,0
4700,0
5397,0
61542,0
95816,3
67382,0
78222,0
29515,0
33985,0
41016,0
70286,0
19275,2
3997,0
11143,0
44209,0
93148,0
18306,0
66647,0
70,0
63753,0
63571,0
49611,0
84,2
31957,0
881,0
26672,2
71045,0
29184,0
13273,0
75555,0
21443,0
37072,0
99890,0
29887,0
98257,0
74704,0
61162,3
5090,0
60157,3
73658,0
8260,1
36522,3
36803,0
92293,0
644,0
49798,0
3399,2
42330,0
55075,0
23598,0
47446,0
51002,2
89456,0
80393,0
20042,2
89405,0
60555,3
8023,0
5408,0
81213,3
74293,0
27367,0
39826,0
48182,0
45139,0
95,2
63212,2
36929,0
32827,0
63691,0
80309,0
28997,0
87324,0
39042,0
24051,0
10972,0
7231,0
7497,2
42728,2
9957,0
3050,0
75545,0
44776,0
11242,3
70253,0
10716,0
77327,0
70883,2
93256,0
91713,0
53963,0
73958,0
29139,3
5830,0
54014,0
83390,0
14274,2
60072,2
92001,0
25608,3
51092,0
46860,2
65026,0
17960,0
48078,0
76577,0
25480,0
66740,0
67045,3
32951,0
55879,3
46850,0
80594,0
54255,0
16419,1
27006,3
33446,2
74867,0
92504,0
34705,0
65738,2
70290,0
93351,1
22783,0
15519,3
15918,2
1734,3
15545,0
40384,0
88325,0
42121,0
10639,0
19440,0
82655,0
38694,0
93830,0
44830,2
61559,0
75474,0
95626,0
76462,3
18844,0
80669,3
29130,0
94927,0
57636,0
95650,2
82740,0
87728,0
63052,0
74089,0
12422,0
14277,0
80579,2
59839,0
52369,2
6283,2
43025,0
7652,0
59682,3
24906,0
38037,0
32186,0
27257,0
16137,3
677,0
10944,3
25787,0
79755,0
20322,2
88485,0
46809,0
52295,0
57944,2
46632,0
60411,0
48795,0
98479,3
26839,3
5271,0
33486,0
87156,0
29752,0
57762,0
24262,0
55520,2
13778,0
83023,2
34151,3
88795,2
82448,0
37881,3
68587,2
1993,0
59691,0
72782,0
99338,0
57911,3
6330,3
81146,3
70151,2
6152,0
44102,0
39848,0
98562,0
5259,0
79452,0
25227,0
40258,0
90311,0
92766,1
44628,0
73734,3
73411,3
28039,0
54939,0
63512,3
71640,0
32337,0
43280,2
30085,3
99548,0
94255,0
64608,0
35842,0
86196,0
37606,0
58239,2
52483,3
29188,0
60931,3
82728,0
42222,0
4662,0
61032,0
92607,0
56481,0
21208,0
97643,2
28449,0
10980,0
48783,0
52690,0
32417,2
25661,3
218,0
13534,3
9252,2
13722,0
53858,2
16681,0
52839,2
94361,0
26519,3
75664,0
65217,0
61865,0
72737,0
57371,2
86173,0
39938,0
22552,3
75177,0
10243,0
6551,0
27295,0
42041,0
70189,3
304,0
11478,0
52959,1
39902,0
93607,0
76711,0
82889,0
36245,3
92603,3
42443,3
33218,0
89756,0
49885,0
7882,3
98088,0
80475,0
45268,0
75389,3
5219,0
56791,2
99385,3
57269,0
16573,0
14540,0
44661,0
6665,0
76185,0
81075,1
28185,3
61178,2
81274,0
40531,3
65395,0
74030,0
56103,0
23682,0
8698,3
10680,0
97869,0
45201,3
18443,0
55000,2
66532,2
76194,2
85781,0
14631,0
99736,0
11858,0
89024,2
52645,2
98841,3
27730,0
15142,3
70429,0
85240,0
47099,0
15124,0
97497,2
19480,0
15360,1
37962,3
72673,3
97162,0
72661,0
38888,0
9883,0
62148,0
59482,0
47383,0
46029,0
75835,3
76806,0
37702,3
9504,2
92618,0
38921,0
95899,0
68509,0
86754,0
30449,0
3056,3
36866,0
10780,2
73432,0
58846,0
85106,0
60940,1
83881,0
31092,0
75863,2
16028,0
38212,0
49291,0
93514,0
3589,0
62796,0
13775,0
1500,0
31812,0
76374,3
15443,3
87965,0
36098,0
10134,0
55539,2
9824,0
84464,2
95548,0
62079,0
19398,0
19618,2
66684,2
40227,0
56846,3
99444,0
99303,0
1328,0
36610,2
65092,3
99254,0
53863,2
86781,0
2316,0
58995,0
25994,3
9059,3
89198,0
58863,0
45417,0
41772,2
66085,3
25304,0
23087,0
91774,0
53650,2
60408,0
80382,0
85195,0
48685,0
97885,0
67118,0
47063,3
22584,3
63726,3
63880,3
64233,0
24234,2
46788,2
74131,0
94816,3
46639,3
29747,2
80536,0
18781,0
71943,0
2976,0
4802,0
57448,0
92173,0
40364,3
10859,0
43203,0
39507,3
89672,0
30378,0
16296,2
67149,0
42112,0
61745,0
25836,3
79995,0
13010,0
26415,0
54806,0
25826,0
20766,2
24090,0
81598,0
17970,0
23040,0
12192,0
95529,0
66999,2
41527,3
5322,0
21951,0
61950,0
63915,3
2994,3
71913,0
85171,0
37154,0
26176,0
79332,0
17261,0
79885,3
97848,0
25754,3
62216,0
62270,2
90960,0
5620,0
19363,1
16776,2
19872,0
40672,0
74588,3
3744,0
2724,0
93771,2
22373,0
1082,3
64438,0
17832,0
38786,0
12968,0
20125,0
1232,1
85052,3
14415,0
52060,0
2581,3
17827,3
89469,2
2291,0
21148,3
3914,0
85510,0
21942,0
55744,0
26252,3
2216,2
12352,0
48515,2
9192,0
41397,0
57558,0
88718,0
61612,2
85109,2
55647,0
16106,2
995,0
35816,3
41703,2
41379,0
38395,0
74450,0
77400,2
84443,3
6605,0
27788,2
55383,0
9764,2
95525,2
86836,3
89676,0
64278,2
53165,2
9960,0
33303,3
85104,2
98267,2
18474,0
88079,0
3495,0
65780,0
14910,3
34656,0
40336,0
30393,0
55970,3
44680,0
61539,0
82297,0
32994,2
13657,0
68932,2
52964,2
29393,0
5474,0
60273,0
31728,0
84891,0
55506,0
60986,0
9280,0
80224,3
4936,0
98710,0
74271,2
50338,0
68853,3
50409,0
50196,2
25005,0
74670,2
42040,1
32818,3
60581,0
26128,0
23438,0
22432,2
37251,0
50784,0
57896,0
23411,3
48693,3
74119,0
68849,0
23048,0
23838,0
62782,2
59032,1
53148,0
43126,0
40601,2
17119,0
70848,0
73109,0
89934,0
92764,0
11365,0
31458,3
75518,3
82607,2
41346,0
75122,2
86442,0
78831,0
35322,0
64790,1
4759,2
6807,0
87539,0
88484,0
4697,0
20291,0
73428,0
77808,0
4148,3
86386,0
15024,0
17528,0
43826,0
55481,3
53023,2
68616,2
77669,0
23006,2
61394,2
37967,0
69016,0
49832,0
522,0
29563,0
24401,0
99372,0
94578,2
90699,0
90233,0
72888,0
5332,2
97305,0
98351,2
28539,3
68664,0
79192,3
58909,2
35632,3
37229,0
79419,0
61694,1
82418,0
91513,3
78395,0
96812,0
94105,0
33214,0
21691,0
43127,0
7932,0
77048,2
70680,2
22506,2
83251,0
85970,0
29834,0
76956,2
72792,3
71922,0
12252,0
93299,2
8944,0
42047,0
29137,0
98991,2
34587,3
65457,3
10411,0
90884,2
61864,0
89918,0
85191,0
6221,0
26269,3
13607,0
92121,0
74808,0
6190,1
68492,3
84810,3
4790,0
74844,0
8461,0
19737,0
650,0
88619,3
40555,0
46447,2
74231,0
39966,0
31885,3
6057,3
65721,2
97470,2
25654,3
88493,3
66157,2
10044,0
82384,0
12547,0
6345,0
86537,0
38047,3
99311,2
95823,3
83830,3
6960,3
30369,0
32435,0
62359,0
73782,0
59772,0
85118,1
92382,0
19228,0
9245,0
73327,3
9895,2
60372,0
37616,2
49454,2
95657,3
54538,0
24170,1
79754,0
38861,3
32813,0
26704,0
37904,0
43284,2
13901,3
66097,0
72324,3
5272,1
58991,0
49307,0
43154,0
26587,3
62749,0
10652,2
30597,1
14602,2
5504,0
26820,0
95512,0
484,3
81283,0
84003,0
6427,3
75855,3
37564,0
8511,2
7329,3
4489,2
27691,0
7669,2
5360,0
47530,0
467,0
42722,3
53791,0
33294,0
36937,0
79027,0
71624,0
38084,0
82222,0
94327,0
3332,0
43066,0
15767,0
29179,2
47573,3
47517,0
59882,0
4101,0
62354,0
7500,0
82454,2
35291,0
26068,0
32315,0
42536,1
5538,0
37534,0
36178,0
34126,0
93505,2
28282,0
16329,0
5619,0
74813,3
61981,0
49469,2
15616,0
73384,0
26100,0
61185,0
9111,2
49515,3
30286,0
28801,0
13307,0
81037,1
77623,3
21621,0
88651,0
69186,0
19481,0
25778,3
72979,0
1714,0
5893,0
97374,0
50415,2
27622,0
9038,0
94408,0
612,2
78436,3
85214,0
63641,0
59367,0
43774,0
83406,2
28988,2
70807,3
66605,0
4758,0
81457,0
58243,1
74435,0
10137,0
6226,0
42202,0
15106,3
4136,0
58550,0
14547,0
80152,0
68352,0
78212,0
10855,3
84785,0
6444,2
53151,0
64296,0
62431,0
18268,0
23615,0
82266,0
73439,0
14884,1
26153,0
83934,0
66552,0
14959,0
67165,1
75765,0
96558,0
60942,2
19765,0
40283,0
36964,3
31965,2
64012,2
6471,0
6829,2
29452,0
46399,2
56964,2
35080,3
42820,2
64355,0
93674,2
76158,0
88501,0
19722,0
20768,0
46194,0
35747,0
67064,0
21309,3
96491,0
29034,0
81052,0
49740,0
73409,0
85567,2
13323,2
58023,0
89976,3
37728,0
43569,0
33903,2
90495,0
48161,0
72961,0
47549,1
97746,0
76414,0
11127,0
19256,2
9730,0
3984,0
62353,2
41672,0
45462,2
63728,0
81136,0
36495,3
93193,3
57625,0
20336,0
40442,0
94321,0
7407,0
43812,2
50834,0
68197,0
72167,3
4229,0
58955,3
33897,3
62713,0
69958,0
83533,3
37830,3
70263,0
91721,0
24099,2
64800,0
884,0
78595,0
22627,0
2742,0
63356,3
17313,0
5760,0
41897,0
93731,0
52036,0
91600,0
96569,3
51774,0
28937,0
85826,0
48720,0
32154,0
1208,0
80061,3
4776,0
17529,2
88330,0
50327,0
90097,0
17949,0
2185,3
44168,0
51112,3
49877,0
71115,0
94589,2
50499,0
85388,0
10209,0
47402,0
32556,0
25610,0
39127,0
59282,0
74871,0
20958,0
96011,0
25683,0
43230,3
10460,0
8034,0
72840,0
28219,0
33950,3
34743,0
35740,3
18638,2
48087,0
21381,0
61693,3
17487,0
48332,0
46864,0
1891,0
46889,0
77342,2
52945,0
64555,0
683,2
71936,3
52222,0
17432,0
38095,0
1692,0
17360,0
4605,0
45379,0
34813,0
48227,0
19469,0
83842,0
75435,3
29774,0
40818,0
21822,0
81536,0
57782,0
40382,3
73449,0
24625,0
44307,2
14706,0
1719,3
78961,0
26705,3
6453,0
75874,3
36761,3
26505,2
24295,2
99897,0
18914,0
41853,3
80654,0
7585,2
96272,0
9647,0
53445,0
52985,0
8006,0
9688,0
3657,3
98340,0
21712,0
61551,1
24335,0
65632,3
86453,2
49430,2
56869,2
51855,0
19937,0
42749,0
6618,3
64581,3
73557,3
84070,0
13137,3
19517,3
10518,0
75603,0
48686,2
99207,0
98758,0
89431,0
27964,0
56373,0
47064,0
16698,3
8793,0
88637,3
43958,3
44747,0
5199,0
68084,0
90636,0
70711,0
42907,0
68021,0
62314,0
76529,3
2620,0
19511,3
84676,0
17987,0
70362,0
62462,0
82023,2
45811,0
22757,0
96919,2
19528,3
73397,0
91581,0
84472,2
82548,0
90344,0
34831,0
44763,0
65686,0
52308,2
72771,0
45475,3
10256,0
16882,3
6566,0
85945,3
38721,0
99031,3
9341,3
80717,0
66358,0
42000,0
89016,3
64675,2
96793,3
55700,0
48058,2
47618,0
99703,2
92081,0
82490,0
39738,0
68434,2
9476,0
47130,0
49763,0
38687,0
91431,0
28117,0
56500,3
76024,0
77830,3
8452,3
77235,2
36142,3
10249,3
19265,2
4427,0
96001,0
20612,0
99027,3
82367,0
75380,0
58018,0
96281,0
44844,0
74187,3
67129,3
81368,3
22608,0
29364,2
80215,2
89728,1
10095,3
95623,0
10852,0
93311,3
56879,2
81895,0
63780,2
27741,0
52979,3
7044,0
49595,0
94107,0
41128,2
9137,3
50559,2
99953,0
27721,0
28434,0
35118,0
53697,3
5314,0
26844,2
90893,0
73452,0
73089,0
446,0
17899,0
87569,0
94522,0
92925,2
34591,1
23656,3
28849,2
97446,1
87261,0
35300,0
11841,0
40950,0
29176,0
88213,2
21550,1
76062,3
34040,0
47711,0
287,0
18833,3
59686,0
75119,3
4729,0
31452,0
78383,2
39898,1
63020,0
81982,0
63701,2
86642,0
84341,3
20930,0
10590,0
85063,0
4232,0
84834,3
94891,0
98276,2
86715,0
16314,0
37536,0
7516,0
94795,0
74078,0
14320,0
86832,2
55958,0
51618,0
61,0
97813,2
40783,3
42523,2
77116,3
49160,0
89962,0
9581,3
76696,0
36480,0
58364,3
31804,2
70585,2
2690,0
16108,0
93786,0
48436,2
9172,0
50284,3
62016,3
45075,2
77989,0
57163,1
16609,0
228,0
75911,2
21436,2
95668,0
90026,2
58488,0
53468,3
88133,0
16739,0
81762,0
89047,0
45173,0
84406,0
73130,3
31864,0
73647,2
51242,3
34306,0
75171,0
2364,0
59556,2
39952,0
15153,0
60410,0
17845,0
48813,0
89275,0
40287,0
40301,2
58062,0
43897,0
37684,2
2918,0
46490,0
74221,3
50687,1
37501,0
64866,0
1932,0
23540,0
56258,2
68625,0
20220,0
11007,0
57701,0
34950,0
26846,3
55797,2
86548,0
12359,0
42260,3
62042,0
18011,0
64425,0
26331,0
10777,1
48212,0
29394,0
75962,0
74267,0
93484,0
38545,0
2093,3
12679,0
58571,0
28217,3
53192,0
85361,0
20289,3
57788,0
16302,0
69579,0
73612,0
33447,0
46992,2
23934,0
9240,0
7417,0
36193,2
54142,0
64797,3
32190,0
37444,0
41521,0
17539,3
81712,0
7827,3
9686,0
78273,0
42199,0
81446,0
50632,0
89749,0
77863,3
49048,2
55981,1
40321,0
56779,0
64715,0
28947,0
32204,0
37190,3
39561,0
46428,3
88214,0
12554,0
29035,2
45758,0
49950,0
84345,0
81123,0
7012,0
94801,2
20456,2
78432,0
95895,2
51396,0
89937,0
53962,0
51939,3
7108,0
36689,3
82674,2
70108,2
42914,0
16979,0
39947,0
3359,3
71230,0
76133,3
28390,0
31978,0
76467,0
68546,0
21000,0
75731,0
50125,0
47727,0
67577,0
32854,0
61599,0
35533,3
90102,2
75526,0
20727,0
86302,3
8951,3
97714,0
41058,0
22084,3
73463,0
75115,3
36911,0
89049,0
79653,0
86714,0
12216,0
33788,0
68441,3
74087,0
68586,0
95500,0
41780,0
872,2
54569,0
33780,0
47116,0
56319,1
25651,3
29833,3
51573,0
75287,3
81883,3
99549,2
83582,3
85643,0
56484,2
53167,0
90567,0
52789,0
77673,0
46244,0
10663,3
71141,0
96791,0
33912,3
89015,0
50286,0
76661,0
96662,0
64745,0
67940,3
13738,0
59325,0
86785,0
93358,3
40606,0
27251,0
32784,0
87679,0
90106,0
75681,0
69658,0
15246,3
50646,3
82436,0
73781,0
14764,0
14121,0
86280,2
23757,0
28991,0
8841,0
38925,0
82649,2
39345,0
68189,0
87228,2
67134,0
19055,0
38867,0
67740,0
76341,0
14683,2
91144,0
83409,3
17975,2
824,3
40109,0
87239,0
71555,0
9443,0
58063,1
22383,0
99448,0
84102,0
75619,0
3565,0
66196,0
27419,3
37345,0
30995,3
59547,2
54364,0
16786,3
44085,0
24357,0
40057,0
31811,0
57037,0
37995,0
27521,0
93444,0
85132,1
63354,1
68051,3
43643,0
74479,0
96191,0
34765,2
13728,0
92476,2
82735,0
88747,1
5913,3
71547,0
42341,0
75091,2
26018,0
17787,3
66150,0
95625,3
43973,0
2342,2
68892,2
90406,3
28744,0
94109,0
33327,0
74890,2
46761,0
41533,2
27205,0
12321,0
59265,0
1869,2
36513,2
25616,0
78241,3
98770,3
69027,0
51489,2
3115,3
54437,0
363,0
4041,3
45481,0
16935,0
38384,3
11364,0
71860,3
97786,0
64273,0
92951,0
99077,0
4737,0
17943,2
46232,0
570,0
91047,3
46815,0
62852,0
80525,0
68173,2
36263,0
26605,0
78725,0
12012,0
60381,2
22988,0
15271,0
36449,3
7091,0
24996,0
48027,3
3099,3
85737,0
53554,3
35443,2
47117,0
46446,0
44771,0
82483,0
48572,0
5579,3
72700,0
75161,3
98647,0
42687,0
37645,0
47077,2
94173,0
34727,0
90052,3
63299,2
37918,3
6640,2
66174,2
4002,3
43499,0
37151,0
14006,0
97352,0
93402,0
29763,3
32371,0
6917,3
23295,0
71659,0
49367,0
59083,0
43172,0
75267,2
54664,0
42652,3
14120,3
65968,0
2164,3
42854,3
34133,3
67992,0
38020,2
84237,2
61887,3
76655,2
28188,0
22788,3
45750,3
39772,0
13241,0
40485,3
17038,0
8870,3
18693,0
22163,0
77855,0
14997,0
14821,2
46455,2
17904,0
7504,2
95015,3
35824,0
20903,2
81694,2
20681,3
81212,0
88746,0
68654,0
68873,0
36916,3
17535,0
69806,3
6761,3
70469,0
41439,0
40022,0
47095,2
42308,0
97361,1
5019,3
92911,0
44391,2
51627,0
20803,0
36395,0
56413,0
19058,0
70018,3
92705,3
71039,0
3432,0
44373,0
87180,0
7961,0
22435,3
76052,0
26608,0
52452,0
23245,0
13535,0
53585,0
11962,3
52059,0
14710,0
22798,1
19167,0
41324,0
97177,2
42823,0
84691,0
97503,0
10917,3
9086,0
16482,2
12407,0
7498,3
54975,0
65930,1
65573,0
72265,0
28466,0
991,0
46016,3
86560,0
12045,0
3387,2
45738,0
41283,0
33112,0
23980,2
82552,3
64786,2
55835,0
10412,3
39211,0
40135,3
58341,0
59785,0
36532,0
19231,0
9188,2
26584,2
92099,0
24624,3
25804,0
65954,0
58259,0
76017,0
52510,3
73254,0
8191,0
74229,0
39569,2
43654,0
24840,2
56033,3
3894,2
52699,3
35782,0
45547,0
60291,0
12280,0
17731,0
44939,0
75641,3
83446,3
87605,0
89716,2
54407,0
76838,3
73826,0
11185,3
91,3
28543,0
40852,0
40886,1
25451,0
97888,2
25725,0
22297,3
89723,3
36456,0
95844,0
61135,0
696,0
56212,2
31825,2
75386,2
52851,2
72732,3
77867,0
40907,0
28943,0
82822,0
60141,0
73922,0
69112,2
41791,3
46818,2
37069,0
98702,3
95535,0
37597,0
13376,3
54136,0
41597,0
67543,3
36354,3
42990,0
57929,0
95474,3
90741,1
52011,0
2639,0
57522,2
52524,0
96348,0
57271,0
18654,1
236,0
57711,0
57820,0
45377,0
79114,0
1445,2
12935,0
35671,1
7794,0
85277,2
16703,0
90515,0
98152,2
86194,0
58508,0
62577,2
37572,0
94213,0
89176,0
521,0
96384,3
3225,0
53807,2
75749,0
83544,0
97116,3
73853,0
8872,2
83371,3
29499,3
47611,0
83574,0
99940,3
90905,2
75490,0
59726,0
23326,1
11976,0
94940,0
30974,3
80068,0
94089,0
80812,0
87289,0
16479,1
78454,0
51334,0
99294,3
89321,0
86155,3
53638,0
40098,3
24038,0
40209,2
14131,3
50856,0
66255,0
52121,0
89406,2
44007,0
11264,0
44311,0
65315,0
60572,0
28965,0
65660,0
93296,3
16752,0
47223,3
35143,0
29068,0
70701,0
75859,2
37662,0
63410,3
1614,0
32002,2
26666,0
58016,3
84055,0
57218,0
73908,0
20043,0
39145,3
15494,0
30081,3
2285,0
67016,0
71900,1
13015,1
26987,0
31706,0
48216,0
37879,3
16161,1
17370,0
65028,3
63843,3
21624,1
45094,1
5708,0
8248,3
87953,1
26826,2
75496,0
45152,2
98354,0
92515,0
11183,1
15515,0
11465,0
78785,3
46168,0
34255,0
4981,0
71695,0
65006,3
55944,0
54128,3
74026,0
41562,3
55638,2
22861,0
84655,0
25116,0
24988,0
19918,1
78915,3
75498,0
26338,0
40141,0
26094,0
55986,0
79491,0
37720,0
87655,0
45723,0
86457,0
47520,3
13289,2
87745,3
82779,0
6398,0
86858,1
15921,2
69131,0
39656,0
63968,2
58089,0
29576,2
10349,0
59872,3
36078,0
76329,0
84060,0
24948,0
19172,0
73608,2
75920,0
21290,2
95738,2
62986,0
55048,0
69677,0
84604,3
74190,0
44126,3
93372,0
32270,3
9990,0
11949,3
14991,2
35587,3
41323,0
16059,0
65113,0
15819,0
65514,0
2132,0
9703,0
70650,3
64150,2
65587,0
20672,0
9351,0
18359,2
18624,0
50364,2
67553,2
8320,3
57668,3
18476,0
21179,0
23330,3
92260,2
98149,0
32276,0
15786,2
63515,0
53990,2
50348,0
96199,2
97216,0
61382,2
59981,0
83414,3
90259,0
51408,0
62656,0
96092,0
96368,0
45443,0
97962,0
8419,1
94722,2
52430,2
59749,0
54507,0
15716,0
43069,0
52544,0
70567,1
20330,0
30173,1
20807,3
5854,3
15174,2
7191,0
18681,1
68115,2
51493,0
82388,0
62261,0
34413,0
92018,0
18304,0
77174,0
4795,0
79521,0
89153,0
12190,3
46500,3
2630,3
38031,0
24688,0
19568,0
45025,0
95861,0
27466,0
23340,0
49075,2
2642,0
37352,2
97775,0
68192,0
41351,3
37073,0
14867,0
1644,0
8759,3
61471,0
8529,2
54161,0
28756,0
11712,0
2070,0
39979,0
35537,2
48820,0
57116,2
56695,2
38820,0
94067,0
40989,0
78001,3
17530,3
47997,0
5394,0
65956,0
17876,0
94174,2
32876,0
73739,0
26524,0
70587,3
3160,0
83609,0
2664,0
75707,2
77287,3
83683,0
31645,2
44130,0
95618,0
72401,0
27507,0
93605,0
5159,3
84079,0
17674,0
12122,3
28283,2
42862,0
93778,2
11151,3
88251,0
30584,0
91602,2
91260,2
96513,2
18229,0
39229,2
32196,0
47923,0
43247,0
27057,0
62294,0
45683,0
36759,3
42299,0
50418,0
82912,0
67460,0
73233,0
45772,0
72094,0
3235,0
53614,0
52177,0
34120,0
46846,0
44629,2
97674,0
36625,2
9130,0
99479,3
35222,0
20075,0
79145,0
65445,3
47676,0
82304,0
43099,3
74260,2
42110,2
26964,2
3232,2
71490,0
30424,3
78914,2
74964,0
53084,2
87613,0
47478,0
154,0
58008,3
36386,3
78390,0
21062,0
36644,0
68039,0
67798,0
82526,0
37238,2
65066,0
82241,3
89492,0
21114,3
62474,2
64221,2
34984,3
14335,0
89454,0
69114,3
24925,0
46587,2
54290,0
16111,0
42892,2
14048,2
82991,0
75701,3
59204,2
34810,0
95194,0
30540,2
16052,2
95546,0
18840,2
8302,3
32463,0
55047,0
86512,3
92869,0
10171,3
88001,0
4868,0
54106,0
62840,0
16477,2
47763,0
94994,3
78254,0
95486,0
4111,3
43134,0
14550,2
14122,3
23906,3
72304,2
86437,0
36898,0
56361,0
6911,0
99217,0
90179,3
2706,0
17144,0
94978,0
33461,2
6309,1
92423,0
71049,0
47123,0
70515,3
9400,1
76337,0
51115,0
70409,0
4106,0
51842,0
96482,0
89871,0
84127,0
13383,2
79445,0
63529,0
34814,0
97748,0
97005,0
91457,3
6010,0
77557,0
64747,3
90717,3
57148,0
47098,0
57247,0
37495,2
84181,0
62634,2
507,0
11946,2
79981,0
67524,3
18970,0
48577,3
26111,0
22573,0
53714,3
96069,2
61403,0
42100,0
48970,2
32755,3
9035,0
97380,0
31166,0
19016,0
86710,0
47703,0
25355,2
87909,2
54281,0
66311,3
13613,0
27550,2
95521,3
24210,3
23677,0
16598,0
54149,0
64032,2
18184,3
10150,2
39562,0
37210,0
90329,0
60708,2
57755,0
26829,0
77890,0
98073,0
95663,0
27960,2
61738,3
31276,3
90273,0
23376,0
45729,0
71908,2
36336,0
94892,0
84368,3
69776,0
98642,3
87467,3
61231,0
60524,0
58517,0
35319,2
67504,3
78458,0
4313,3
59680,0
68439,0
78129,3
5877,0
78659,3
61586,0
83156,3
78347,0
22183,0
14662,3
57580,3
71703,3
15836,3
83931,0
5217,0
89854,2
2139,3
29836,0
98503,0
74839,0
31654,0
29510,0
65671,0
32310,0
2910,0
44439,0
49909,0
79176,2
24704,2
88204,0
73902,0
5980,0
13317,2
21989,0
72508,0
63543,0
50485,0
88402,0
35855,0
62423,0
46994,0
11425,2
51125,3
15513,0
30836,0
39992,0
4113,0
49625,0
49568,1
81036,1
5554,2
17014,0
28861,0
7008,0
38566,0
33943,0
69403,2
54580,3
82285,0
14452,0
53676,3
60691,2
17481,3
32844,0
95990,3
87466,0
62464,3
11187,0
78576,3
27883,3
35378,0
26712,0
10196,0
87922,0
93688,0
28590,0
96250,0
87003,0
36124,0
1181,0
95807,3
74040,3
73698,0
63297,0
54992,0
51799,0
73032,0
45817,2
30052,0
70289,1
87460,3
11940,0
16848,0
66712,0
39203,0
35389,2
81177,0
39177,0
92715,0
69031,0
34084,0
30102,3
81350,0
56919,0
23532,0
19425,2
57531,0
81978,0
32143,0
76042,2
68909,0
33940,0
59885,0
3044,0
31356,0
77724,0
54829,0
9364,0
61060,3
29058,2
87808,0
49846,3
36458,0
57655,0
20884,3
70799,0
15774,0
80749,3
77500,0
51126,3
16063,0
5156,0
82742,0
81648,0
10532,0
11428,2
41371,2
39707,0
68997,0
47419,0
24558,0
16437,3
92834,0
78373,0
26652,0
15293,0
61150,0
88158,0
81489,0
62911,2
56669,0
96845,0
88810,3
61333,2
57673,0
29535,2
92475,0
14219,3
44059,2
20001,0
63869,3
53086,0
58278,0
19850,0
7902,0
62367,1
46221,0
31718,3
35804,2
38009,2
54178,3
69033,0
80624,2
32125,2
72775,0
83764,0
36693,0
47068,0
49257,0
70814,0
59599,0
80718,3
66681,0
71728,0
30552,0
78717,0
53522,0
81397,0
52247,0
45487,0
41723,3
13538,3
91033,0
42241,0
77436,0
24666,0
85667,0
90280,0
73659,0
77595,2
67090,0
35496,3
98556,1
98246,0
3945,3
62893,0
37644,2
9385,3
54223,3
24968,0
30595,0
81086,3
56283,0
34968,0
8917,0
81056,0
4180,0
46884,0
21488,0
43998,0
42319,3
55203,2
66809,0
34018,0
31309,3
46247,1
56274,0
31232,2
7076,0
70723,3
30460,0
56039,0
48495,0
40346,3
94982,0
290,0
93820,0
44038,0
44481,0
78822,2
76349,3
8287,3
86463,0
92264,0
64603,3
83783,0
67648,0
93361,0
34445,0
28535,2
30587,0
54341,2
54121,0
3154,3
13064,0
71235,3
24753,0
96941,1
3755,0
25874,0
8520,1
5340,0
56483,2
59883,0
43659,3
30745,0
74284,0
22916,3
93923,2
79172,0
30667,0
33147,0
99526,0
34596,3
52265,3
30960,0
99076,0
13366,0
12344,0
1054,3
45757,0
10350,0
7721,0
90136,0
34069,0
80959,0
40171,0
3805,0
68428,0
63613,0
89171,0
37232,3
50273,3
75615,2
68680,2
55374,0
37205,0
63896,0
76893,0
70741,0
94574,2
17208,0
99481,0
24565,0
8147,0
99139,0
2991,0
60909,0
77713,0
85374,3
50164,0
55331,0
55407,0
74615,3
12232,0
28136,3
76453,0
6826,0
85026,2
94210,0
61452,0
92498,0
51464,0
43783,0
74226,3
94858,0
91164,0
47651,2
62941,0
43109,3
51382,0
61260,0
52336,0
19046,3
92344,0
90904,3
26811,0
25563,0
52793,3
63435,2
51867,0
32369,3
71404,2
83690,3
34359,2
33935,3
70480,0
16417,0
77502,0
21103,0
51527,0
57065,0
50064,3
964,0
2943,0
97485,3
23984,0
23868,0
389,1
67838,2
35545,0
16721,0
78877,3
68627,0
41967,2
7132,0
73142,2
19848,1
61632,2
95203,0
81704,0
94831,0
33073,3
43474,0
16277,2
73481,3
81447,3
19040,0
86440,3
59636,0
68423,0
1985,0
79599,0
70072,2
17280,0
88825,0
84024,0
91651,0
99173,2
92601,3
78460,0
91285,0
48890,0
94639,0
61402,0
37727,0
5513,0
43248,3
68647,3
14233,0
83300,0
41600,0
14505,0
48514,0
66673,0
30495,3
98596,0
86511,0
41637,3
36451,3
7592,3
38061,3
46206,2
11770,0
58238,0
66075,1
95960,0
55364,1
72751,0
6319,0
14338,0
63463,3
6641,3
47380,2
41224,0
49263,3
12938,2
9869,3
87627,1
75260,2
84420,0
83961,1
21647,0
85316,0
18545,0
38371,0
72083,0
89447,3
48317,0
49670,0
96498,2
37139,0
69362,0
14822,0
97041,0
46253,0
10272,0
1730,0
36538,3
34110,0
40981,0
23164,3
16359,2
48168,0
6910,2
16682,0
10169,0
31445,0
71559,3
16179,0
86365,3
39479,2
37027,0
19289,0
99811,0
2477,2
56682,0
96249,0
55034,0
16526,1
913,2
51654,0
45730,0
67150,0
54695,0
93237,1
56837,2
92265,0
21584,0
33827,3
13532,0
94545,3
91294,3
19453,0
7955,3
66345,0
13083,0
64526,0
74202,0
83013,0
60799,3
76440,0
4987,3
40652,0
72358,0
89369,2
57932,0
94929,0
42208,0
40239,0
99473,0
21400,0
14485,0
23565,2
71100,0
68154,0
87379,0
69553,0
54850,0
68046,0
27179,3
62204,0
55344,3
64726,0
47441,0
85442,0
16997,0
6019,0
61301,0
25323,0
35577,0
10177,1
58573,3
4147,2
83810,0
14492,0
47396,0
98361,0
75522,0
18136,0
25888,0
25081,2
96988,0
13686,0
8395,3
22158,0
57238,0
18605,0
31720,0
69883,2
42002,1
82812,3
18262,2
19014,2
80293,3
9539,0
10719,0
21397,0
9559,2
33567,0
53719,1
57254,0
11438,0
13979,0
12203,0
97605,0
61392,0
97834,0
7792,0
21366,2
99552,3
91782,3
43043,0
80873,3
47200,2
69529,2
41566,0
23858,0
7912,0
85048,0
24004,0
28372,0
60822,1
7459,2
60763,0
78891,1
99892,0
27944,0
74875,0
96883,0
69310,2
90811,3
18126,0
88819,0
44136,0
46895,0
26737,0
25444,0
77757,0
12442,0
98370,0
81336,0
84490,0
5757,2
84001,0
47041,2
81858,0
49864,0
24938,0
42459,0
94746,0
84920,0
32792,2
19495,3
54740,2
17603,3
46212,3
20946,0
83372,0
74744,0
97899,0
81294,0
83459,0
39139,2
39808,0
74374,0
78293,0
44013,3
91596,0
5670,3
39234,0
87099,3
64857,2
17789,0
59237,0
54088,0
97779,3
18759,0
9946,2
48792,2
53447,0
60921,2
33411,3
50200,0
58753,0
67531,0
73919,0
1442,0
9071,3
27123,0
29129,0
23583,0
16021,0
81010,0
44913,2
21055,0
18355,2
93061,0
50930,1
15606,2
23123,2
85558,0
25241,2
72181,3
62580,3
81945,0
33835,0
55327,0
23950,2
84913,0
12859,2
74453,1
14937,2
97699,3
3925,0
62551,0
94591,0
30691,2
96685,2
4428,0
95644,1
79204,3
59898,0
41879,0
78982,0
40681,2
10609,3
63735,0
28177,1
86325,0
39365,0
28138,0
60556,3
14076,0
16095,0
16983,0
33999,0
68065,0
16447,0
43781,0
96468,2
41065,0
29069,1
11139,0
88511,0
28670,0
75227,0
79602,0
57293,0
43843,0
49162,0
23644,0
88565,0
17353,0
52698,3
29231,0
2965,3
47747,0
54089,3
53671,3
37369,0
8014,0
85368,2
32597,0
38603,0
74537,0
87076,0
62460,0
29485,2
33421,2
58201,0
69306,0
41470,3
95858,0
80638,0
68075,0
24643,3
51201,0
73037,1
16731,0
31514,0
96658,0
66008,0
70535,2
94964,2
88407,3
8277,2
80702,3
80074,0
78119,0
65111,0
60860,0
34987,0
13773,3
73134,0
40361,0
34636,1
76096,0
59013,0
34994,2
56080,3
22291,0
40694,1
85478,0
55013,2
58095,0
19804,0
30290,3
81041,0
63738,3
58307,0
5528,3
69244,0
3931,0
48220,0
35051,0
37579,0
41662,3
51837,0
93495,0
20951,0
55880,0
34207,0
71449,1
80586,0
74849,2
78626,2
56221,0
97926,0
4738,3
56098,0
52348,0
81683,0
37437,2
96802,2
55785,0
20801,1
3691,0
73198,2
71979,0
48713,0
73660,2
11647,0
59411,3
53376,2
87817,2
98924,0
80977,0
31267,0
18487,0
72851,0
37580,2
23798,0
15762,0
32574,0
37670,0
70735,0
23416,0
99807,0
53500,0
3680,0
45144,3
79506,0
104,1
81570,0
83644,0
23403,0
2624,0
32685,0
8565,2
4930,0
75370,0
17354,0
64211,3
48044,0
68844,0
47755,3
57430,0
43322,2
88765,3
92967,0
82631,0
60538,0
40362,3
84444,1
96251,2
59048,0
25453,2
94077,3
94841,0
34316,2
63132,2
9615,0
87781,0
75770,0
61254,0
28010,2
2037,3
77842,3
61468,0
55702,2
15288,0
36021,3
99846,2
81197,0
87286,0
26842,0
62996,2
24116,0
46100,0
32473,0
35893,0
11312,2
95640,3
67496,0
43722,2
10248,3
37153,3
92012,3
20575,0
17464,3
46731,3
7842,3
51767,3
93825,1
47645,3
51061,2
63311,0
354,0
23497,0
17136,0
49449,2
2130,0
9210,3
1736,0
77020,0
90706,0
13759,0
52104,0
32318,3
79406,0
94374,0
18024,2
32396,2
73683,3
15905,3
99204,0
1874,3
39614,0
44197,0
19089,0
8486,0
61699,0
27236,3
77516,3
4053,2
68191,2
66549,0
22824,0
50823,0
4629,0
24173,0
53662,0
74539,0
38529,0
77715,0
87015,2
70758,0
37337,0
10163,0
25849,0
55856,0
72893,0
64181,0
45577,0
94635,0
7273,3
5616,3
99667,0
2249,2
1172,0
89172,0
80090,0
40667,0
29438,2
83210,2
40883,2
88285,0
45922,0
2369,0
41454,0
36177,3
53290,0
93878,3
78073,0
35266,0
91733,0
80730,0
44194,1
21677,0
10144,0
7678,2
3093,0
67454,0
35286,2
35162,1
87368,0
24191,0
99189,0
87436,0
25907,2
19719,3
47249,0
42394,3
72643,2
12660,0
93088,2
30662,0
16127,0
91928,0
43576,1
12082,0
93740,2
36473,3
33455,3
23094,0
26166,0
44627,0
86766,0
47659,3
18982,0
40927,3
75616,0
57080,0
32422,3
21433,3
4899,0
91740,3
41883,1
75282,3
43986,0
7477,0
75357,3
23681,0
46348,0
9122,0
47521,3
19463,2
22714,0
69203,2
87395,0
63004,2
64081,0
70279,3
73157,0
4617,3
15847,0
4308,0
17740,0
99638,0
92092,0
49727,0
74673,0
48206,0
27591,0
28739,0
29936,3
19782,0
55778,0
60024,3
8156,0
29592,2
9113,0
44600,0
65506,3
8919,3
15078,2
81640,0
78880,2
74915,0
49363,2
32166,2
83899,0
92548,0
1093,0
25581,0
72005,0
44818,0
48100,0
83855,0
28969,0
6514,0
48881,0
10585,3
89510,3
55656,0
94984,2
82378,2
40609,2
88758,1
68007,0
41821,0
30521,0
2003,0
56435,3
26170,0
64627,0
79185,0
15734,0
32201,0
81225,0
26738,3
31351,3
9105,2
3296,0
15302,0
53744,3
76941,2
98863,0
57296,0
53154,0
25461,0
2714,3
71785,0
81282,0
51488,0
8211,0
27635,0
60309,0
69749,0
54176,2
91588,3
4678,0
18598,2
40500,3
49212,2
47782,3
6305,0
43464,3
9523,2
68792,0
36656,3
26571,2
30105,0
23389,0
10759,0
66222,0
77845,0
72064,3
8458,0
79551,0
69230,0
69535,0
51557,0
81967,0
5814,0
39544,0
63627,3
16924,2
19281,0
17486,0
24606,3
77511,3
57199,0
69693,2
127,0
23581,2
37736,0
19027,0
75996,2
67812,0
48347,0
70674,3
56864,3
15163,0
99936,3
80314,3
28845,0
44492,0
31510,0
24528,0
3779,3
78138,3
13186,3
46836,0
27472,2
96674,0
88686,0
79834,2
56986,0
4479,0
48112,2
34350,2
40888,0
89577,0
93168,0
36306,2
85997,0
94371,0
5305,0
34026,0
75791,2
38670,0
40547,0
8874,0
88184,0
89455,0
71647,0
40143,2
36219,0
98017,3
64664,0
85953,0
6155,0
54155,0
49173,1
59594,0
30479,2
36927,0
75596,0
3214,0
69850,0
91115,0
3678,3
8745,2
53982,0
29357,3
90908,0
78864,0
543,0
76461,0
11000,3
83652,2
95446,0
95582,0
79089,0
45378,1
37360,0
27870,0
83128,0
44453,2
58281,0
6595,0
38485,0
74509,2
72335,0
72892,0
94126,0
14893,0
73227,0
92674,0
76603,1
76665,0
58887,0
88341,0
5401,0
8126,3
2343,0
20056,0
79797,3
72197,0
517,0
48641,0
87991,0
16085,3
75658,2
55870,2
37891,3
88461,3
66861,3
45024,3
36802,0
31865,0
92982,0
51861,3
55686,3
93054,0
44584,0
6216,2
74913,0
69655,0
62740,3
91746,3
91933,0
9693,2
34410,0
65756,3
61857,2
20853,3
44234,0
14948,1
70717,3
100,3
82346,0
90923,0
33984,3
89595,0
56378,0
87597,2
4490,2
28967,2
16539,3
54817,0
88427,3
84052,2
63237,3
25160,0
68562,0
32554,0
12984,0
47325,3
18427,2
12265,0
15248,2
18711,0
57871,0
61491,0
93375,0
69821,0
84697,0
81880,2
82014,2
44595,0
92492,0
28876,2
65052,0
34545,3
8096,0
69439,0
90647,0
15411,0
45110,2
80969,0
28905,2
19310,3
11107,0
34115,1
70573,0
80960,0
40758,1
49168,3
588,0
66682,2
21664,0
63734,0
39639,2
76168,2
99462,3
13615,0
10113,0
86254,0
2395,0
25381,3
13150,0
37432,0
17862,0
69352,0
23405,2
56477,0
41785,0
24616,0
78480,2
34100,0
11888,3
37376,3
78209,0
81765,0
37679,0
47044,0
61859,2
16534,2
19412,0
35312,0
81755,3
20262,0
67946,0
6620,0
20237,0
64529,0
3943,0
38264,2
27689,3
96057,0
86654,0
48543,0
78932,3
51184,0
58759,3
16295,0
21068,0
52266,0
94753,0
4354,0
55261,0
5645,0
11538,0
26000,0
89803,0
39545,3
34168,0
33044,0
22265,0
4370,0
76362,0
59551,2
90200,2
8295,0
86802,0
5383,0
85704,0
76233,0
28213,0
5254,3
32898,0
66523,0
48467,3
19064,3
8718,0
16324,0
88800,0
76673,3
21667,3
84381,0
62933,3
50340,3
366,0
53515,0
13423,2
69725,0
48528,0
26186,2
49579,2
90042,2
76436,1
67547,0
68682,0
13331,3
71662,1
38318,0
23506,3
17162,2
2589,3
87998,3
27821,2
47415,0
11375,0
49223,3
96036,0
70908,3
50371,0
50521,0
79595,0
95913,0
11935,2
80237,0
71245,2
79286,0
92016,0
54079,0
73862,0
73747,0
97715,2
85638,0
61733,0
64551,0
83955,3
51097,3
3365,0
39293,2
85817,0
22564,0
31118,0
44902,3
31465,0
29401,3
50927,0
41800,0
58040,0
52629,0
73905,0
89961,0
80657,0
15321,0
66350,1
77229,3
97938,0
71111,0
91424,0
13351,1
71175,0
35685,0
12754,0
93147,0
42858,3
77664,0
52538,0
36869,0
94284,2
7954,2
26885,0
94033,0
40153,0
24207,2
49971,0
43864,3
15777,0
15634,1
85407,0
92397,0
85645,0
28992,0
57452,3
74648,3
87987,2
55379,0
15267,0
72099,0
13249,0
46888,0
68672,2
43261,0
62017,2
93565,0
92481,0
50138,3
67014,0
63021,1
60172,2
81330,0
13520,0
90317,0
98697,3
53095,1
90935,0
49985,3
32514,0
98502,0
48090,0
52932,2
28195,0
80095,3
84546,3
30707,1
25156,0
29487,3
60105,3
40979,2
5578,2
96140,0
99455,2
57240,0
48762,2
35739,0
97056,0
76489,0
39019,3
98206,0
21614,0
99503,0
98957,0
36941,0
5844,0
54662,2
87254,0
81165,0
84339,0
97206,3
9600,0
6348,0
66383,0
11584,0
82256,3
74612,3
96603,0
38428,0
50959,2
94204,0
11686,1
43082,2
91178,0
69428,0
50093,0
72198,2
45179,3
42466,0
43863,2
56169,3
5311,0
85828,0
33440,0
80822,0
75974,0
16750,0
8250,0
64582,0
29379,3
61279,3
35895,0
81900,2
72677,2
73077,0
43558,2
16904,0
58662,0
16605,2
74643,0
81797,3
46857,3
51356,0
82277,3
40976,2
21470,0
51829,3
53907,3
76718,2
72715,1
6005,3
97243,0
23877,0
34017,2
97612,0
9685,0
33295,3
57561,2
84671,0
51918,0
59252,2
91023,2
35772,0
54628,0
82644,0
8080,3
32018,0
64155,0
96387,2
52812,0
36342,2
54503,0
22866,0
91567,2
82072,2
93123,3
28123,2
53280,0
99085,2
60219,0
59451,2
23872,3
4152,0
30221,0
82540,0
39882,1
81460,1
74146,0
11610,2
31382,0
17652,0
89465,0
63582,0
52732,3
45126,3
8481,0
46306,0
36340,0
78181,0
84814,3
21452,3
57578,0
31499,1
29998,0
40983,0
86925,2
57288,2
89418,0
81103,0
29719,3
15614,2
59178,0
68367,0
16205,0
22704,0
93434,0
76515,0
12156,0
92377,0
14581,0
68667,3
13878,0
44907,0
53367,0
46218,0
68495,0
23015,0
91540,0
68504,3
65557,0
93318,0
63980,0
61332,2
27903,0
77077,0
20036,2
24843,3
68409,3
38355,0
91025,0
1155,0
18400,0
45212,0
65750,2
88350,0
99800,0
2388,1
47232,0
63912,0
59322,0
60216,0
90279,0
46478,3
54884,0
89719,2
72191,2
20887,0
38453,0
3948,0
86233,0
16396,3
12798,3
94685,0
32103,3
97256,3
67795,2
52301,0
81305,0
40940,3
97426,0
45418,0
83285,3
13245,2
33276,2
67009,0
15506,2
95195,1
14862,0
27688,0
74777,3
10292,0
60509,0
19764,2
29203,2
10973,0
18835,2
86313,0
3174,2
29703,3
29225,0
40770,0
13988,0
62658,2
84128,3
25305,0
68671,0
8488,3
93887,0
48862,2
15573,0
26211,2
8434,0
25535,0
31944,0
54015,0
75006,0
76863,0
36261,0
50092,0
9620,0
71672,3
27312,0
39553,0
33633,1
95747,0
80271,0
83307,2
5855,2
49827,0
50673,0
76883,0
9852,3
68816,1
87218,0
52305,0
89401,0
30338,0
40117,0
64321,2
34226,0
5638,3
82007,0
93500,1
36591,0
41435,3
42162,0
56750,0
34420,0
86539,2
86980,0
14607,3
40639,2
64818,0
53384,0
22768,0
58978,0
43171,0
29507,0
27462,3
41629,0
79761,0
67216,0
61316,0
33821,0
84650,0
91998,0
52546,0
21494,0
65590,0
98844,0
55242,2
11050,0
13809,0
75262,2
21330,0
74299,0
9189,2
88739,2
38490,3
1669,3
13148,0
2182,0
5873,1
69057,3
86616,3
34071,0
42239,0
5551,2
73692,2
60989,0
60849,0
67675,2
60743,3
62142,0
28454,0
74082,1
14169,0
23715,3
55291,0
35603,0
68727,0
70067,0
70350,0
61193,0
47613,0
74629,2
16712,0
32056,0
89186,0
84161,0
41304,0
88464,0
41294,1
73321,1
64494,0
81125,3
67753,0
27975,0
79084,0
98948,3
42266,0
73962,1
2869,0
19708,3
44418,0
18874,0
19527,0
58553,0
58676,0
14946,0
43833,0
83726,2
99995,0
71339,0
8253,0
67421,0
69267,0
42257,0
12,1
80046,3
27119,0
53426,3
63126,0
80974,0
87351,3
66573,0
79830,0
18873,0
2045,0
9274,3
48780,3
48662,3
13405,0
65044,2
21962,0
87160,0
55345,0
89149,3
22735,0
46704,2
84789,0
98567,0
28323,0
55027,3
61891,2
23470,3
80392,0
68621,0
23938,0
17610,0
78829,0
84892,0
74118,3
27136,1
11751,0
3382,0
32492,0
61149,0
95810,0
25603,0
84319,0
9525,2
90125,0
82364,0
78344,0
5044,0
49532,0
16338,0
43299,0
60810,0
70016,0
85172,0
18477,3
54698,2
58636,3
11900,0
52210,0
87823,0
88775,0
66262,2
29726,0
42837,0
11922,0
55892,0
96602,2
69409,1
10222,3
59632,0
24915,3
20619,1
74339,0
73186,0
36780,0
80193,0
53699,2
54423,3
97550,3
57727,0
38541,0
90133,0
92269,0
91670,2
66253,0
41083,3
40962,0
28478,2
55601,2
97691,0
6752,0
12163,0
81163,0
28987,3
58906,0
34290,0
85196,0
77051,3
47373,0
97953,2
58419,3
59781,0
97891,0
4613,0
55259,0
23689,0
14479,0
35239,1
87971,3
81003,2
22364,0
72009,2
60559,2
88392,0
40040,0
15908,0
63227,0
14663,0
7382,2
18008,0
85149,3
65436,1
53802,0
93927,0
38862,2
6653,2
31348,0
26765,0
11294,0
83249,0
82075,2
78185,0
3884,0
15297,0
20560,0
97728,0
59040,2
55540,0
69985,0
29267,3
16101,0
84491,2
4273,0
43821,0
98640,3
62035,0
97184,2
96682,0
78907,3
78033,0
14743,0
10225,3
70124,2
33285,0
6769,0
84695,2
4213,0
59527,3
96854,0
21110,0
89851,0
30477,0
52458,3
15468,3
12198,0
11238,0
25154,0
52153,0
34471,0
69788,0
15811,0
8993,2
12058,0
60339,0
13953,3
57806,0
37923,0
18132,0
63655,0
85755,2
48352,3
14384,0
53373,0
79764,0
20825,0
69119,0
42578,3
89200,3
15750,0
89814,0
19155,2
36137,3
6148,2
91075,0
6776,3
96015,2
80483,3
84543,0
42581,0
90322,2
76964,0
40832,0
72158,0
1953,0
94999,2
69943,0
91873,1
91568,1
69217,0
49860,0
76552,0
74989,0
87596,2
47516,3
1856,2
21385,2
73897,3
1193,0
21894,0
35930,2
70921,1
16656,1
74921,0
52203,0
73674,0
47193,0
22595,0
32195,0
8726,0
95208,3
88394,3
66550,2
16350,3
93708,2
75123,0
97114,0
47542,0
35530,3
16415,3
40689,0
52091,2
81689,2
11639,2
62031,0
59603,3
34490,0
74772,0
62062,2
68609,0
8412,0
44693,1
99272,0
42468,0
59463,0
21374,0
40192,0
31611,0
90085,0
12953,2
95750,0
90664,0
87865,3
45901,0
43789,0
30415,0
28584,0
94424,0
25397,0
84223,0
8369,0
42231,3
10371,0
86879,0
30333,3
77545,0
10566,0
66498,2
43429,0
36634,2
68043,0
58594,0
98875,0
96042,2
30248,0
28245,0
8508,3
49024,0
33179,2
76763,0
32114,1
70962,3
77081,0
98659,3
69887,0
26232,2
43351,0
93079,0
67088,0
50503,0
98002,0
80250,0
43400,0
38366,0
77292,0
43702,0
37257,2
18566,0
47049,1
52367,2
47563,1
62542,3
37594,0
47948,0
3316,2
70206,0
14262,3
60423,1
12244,0
19587,1
37813,2
67989,0
87065,0
845,0
29950,0
81743,0
16811,3
59559,0
84669,0
13865,0
15025,0
89301,1
88614,3
24182,3
24744,0
94115,1
85962,0
57632,0
12961,3
19435,2
55029,2
67104,0
67075,0
7073,0
19770,0
10066,0
60885,0
46866,0
30204,1
66574,2
3675,0
41962,0
26981,1
85040,3
66535,0
9392,0
41670,3
13611,0
26499,0
68383,0
54699,0
44211,0
93017,3
39924,0
76626,3
94976,3
75060,0
4193,2
47495,0
22688,3
57591,0
70337,3
66267,0
92828,0
48055,0
48969,2
33415,0
93606,0
65203,0
63272,0
70722,0
351,0
73114,0
14152,3
10219,2
83076,0
30904,3
94541,0
79239,3
41184,2
76839,0
66093,0
91061,0
74489,0
97693,0
3108,0
50496,0
10338,0
701,0
25855,0
94686,0
98852,3
4765,0
61974,0
80699,0
54024,0
29639,0
92042,3
42593,3
50768,2
20658,0
73396,1
88151,1
48694,3
82559,0
61302,2
57730,0
94445,3
79630,3
98381,3
74240,2
1085,0
14875,2
12331,1
66034,0
37712,0
15371,0
14339,3
83364,0
89880,0
62481,2
12349,0
59210,0
27378,2
46797,0
31776,0
66589,0
90554,2
47571,2
60539,0
9578,0
45751,0
25321,0
83083,0
78012,0
46467,2
3950,2
72952,3
90841,0
63825,0
58167,0
99490,2
17076,0
29769,0
63607,0
82605,0
26109,2
39874,0
26297,0
95665,2
46064,0
44946,0
2861,0
26714,0
82215,0
53654,0
72764,0
87405,0
53777,0
57462,0
25903,0
37562,2
37339,0
67557,3
74333,0
36554,2
609,2
98707,0
64746,2
50653,2
10748,0
37958,3
52536,0
7952,3
68418,3
2805,0
31192,0
59742,0
24106,0
5892,3
72112,0
94744,1
68836,3
97244,2
57954,0
71945,3
11820,0
19357,3
92909,0
53306,2
1205,0
24593,0
51923,1
30033,0
92527,0
82603,0
12408,3
2046,0
74121,0
31813,0
82254,3
16856,1
74556,0
63099,0
90818,0
54006,3
70341,2
59979,2
42433,3
55666,0
89125,1
47857,3
86324,2
67967,0
26031,0
4545,0
98651,0
6900,0
94425,0
33120,3
30940,0
16374,2
38071,0
24315,0
15782,2
10483,0
5180,0
4094,0
65392,3
43650,2
13260,0
23068,0
26344,3
74730,0
37943,2
16988,3
7447,3
2034,0
40846,0
72042,3
68242,0
83204,3
66816,0
97134,0
95018,0
45873,1
80050,0
48444,0
36880,0
29280,0
18453,2
43736,0
2892,0
68798,0
75898,3
83941,0
95870,0
5027,2
23242,1
63540,2
27253,0
55297,2
26373,0
34295,0
51987,3
46612,3
91176,0
23720,3
22443,3
77298,0
49570,3
68226,0
84364,0
31913,3
58450,0
45122,0
14184,0
39497,3
13171,1
29244,0
50314,0
26157,0
51597,0
74851,0
17580,0
7372,0
7799,0
77629,1
33961,0
10326,0
44829,0
56652,0
81529,0
89390,0
35103,0
82678,3
39306,0
84029,2
51887,2
17855,0
70185,2
40055,0
67730,0
84706,1
6585,3
74439,1
65663,0
99767,0
33299,0
76702,0
55279,0
88101,0
25473,0
97730,0
20208,3
64936,0
60596,0
30014,0
48157,0
82955,3
12089,0
4501,2
55494,3
40072,2
87986,0
5451,0
46966,2
81390,0
85414,0
91373,0
11215,0
21668,3
26756,2
72340,0
36360,0
15391,0
76585,0
56180,3
88353,1
47624,0
79767,0
7236,0
13499,0
47509,0
8392,0
83264,0
34830,0
92145,3
84377,3
22683,0
42602,3
62336,3
54272,0
40959,2
96971,1
3934,0
27980,0
64089,3
40790,2
69497,0
71320,0
81531,0
30725,0
60639,0
94092,0
56300,0
73899,0
14399,0
2062,0
55823,0
17351,3
43521,0
64033,3
16586,0
89175,0
77150,0
69274,0
42359,0
78865,2
71916,3
90394,0
22454,3
64337,0
34128,0
82469,0
20608,2
73513,3
39915,1
60266,0
27663,3
41178,0
96391,2
60766,0
3298,0
77609,0
22272,3
94544,1
88329,3
32986,0
83492,2
70167,3
27771,0
44299,0
88409,0
78139,0
67419,0
87190,1
99171,2
72887,0
75556,0
94012,3
29690,0
84918,0
75637,3
9069,0
69142,0
20854,3
63405,0
72254,2
30220,0
39350,3
59683,0
28920,0
51054,0
47545,3
93185,0
16929,0
38767,2
3848,2
99141,0
27130,1
56132,0
45556,0
17609,0
86658,3
55389,0
40854,3
29993,2
82043,0
53358,2
80871,0
57344,0
47976,0
44935,3
47974,0
7136,0
39339,3
8202,2
21567,0
23082,0
85425,0
55844,2
36924,0
33245,2
56118,2
9863,0
95506,2
7922,0
16273,0
30294,0
69830,0
59865,3
66480,0
7747,1
69177,2
46319,0
38561,2
58014,3
3102,0
71853,0
7681,0
62688,0
18335,3
24956,2
79732,1
27516,0
49687,0
1977,2
38625,0
20401,0
85656,0
45794,0
86665,2
43717,0
29848,2
50542,0
6127,2
34426,0
57735,2
32634,3
89815,0
20924,0
28585,0
14931,2
8327,3
24255,0
80351,0
84434,2
97069,0
4668,0
51037,0
31010,0
82281,0
72682,0
17034,0
51752,0
54577,2
93144,0
62342,2
85983,3
29739,0
67518,0
75757,0
13601,0
49836,0
20923,0
27464,0
72739,0
44134,0
412,0
93803,3
2168,0
78442,0
53624,0
28676,0
7238,2
17851,0
53233,0
87375,0
61527,0
43562,3
27254,0
67762,0
95776,0
50818,0
50501,0
10813,2
79446,2
35023,0
32873,0
64755,0
42698,2
24061,0
6689,0
82124,0
63852,0
78724,0
99909,0
83016,0
47998,0
44589,2
27438,3
26278,3
61218,0
29531,0
25004,0
71042,0
16262,0
93325,3
25592,3
83493,0
46260,0
12582,0
59779,2
989,0
74405,0
85537,0
63710,0
87328,3
26697,0
84396,1
63233,3
6124,0
68241,0
54864,3
53916,3
64763,0
97558,0
33696,0
38719,0
84358,0
76869,0
23037,0
80454,0
16963,0
41431,3
2276,0
19339,0
54617,3
30980,3
17670,0
13025,2
54859,0
85133,0
55102,2
34496,3
93746,0
66975,0
12807,0
27111,3
65543,0
47837,0
42181,0
24580,0
41837,0
27827,0
63867,0
39159,2
56578,0
34628,0
51531,0
2632,0
77083,2
40084,0
10727,0
25365,0
56112,0
82008,0
81928,0
95494,0
19638,0
26758,3
6379,2
77193,2
89740,0
80788,0
58833,0
63317,3
85404,2
78603,0
35217,0
24327,0
74098,3
70149,2
93656,0
1979,0
50317,2
32349,0
50954,3
439,3
66887,2
34515,0
36126,0
94163,0
94877,0
71776,0
27270,3
41916,0
85910,2
18595,0
57858,0
60137,3
18813,1
41399,0
75217,0
18876,1
88760,2
33606,0
14896,3
2764,3
12860,0
53797,3
71632,3
72320,3
9544,0
6934,0
18080,0
92342,3
40372,3
33529,0
62628,2
98120,3
71504,0
90352,0
65483,0
8299,0
90716,3
76807,0
62137,2
46921,0
7551,0
34452,0
28817,0
83277,1
1190,0
10926,0
74918,1
77166,3
91449,0
10241,0
77361,0
46596,3
9607,3
46070,3
8368,1
88499,3
29878,0
42623,1
70128,2
60739,0
11832,0
57459,2
92649,2
36443,0
74736,0
18223,0
54096,0
78672,0
35549,0
24747,3
2766,3
44052,2
41206,0
66272,3
66277,2
46240,0
52320,0
1189,3
18036,3
73809,0
33238,0
87710,2
85043,2
33488,0
27557,0
33749,0
43570,0
27447,1
80181,0
23915,0
50636,0
37144,3
9387,0
31457,0
83775,0
11694,0
55005,0
33557,0
20284,3
21780,3
65788,0
73332,0
78072,0
1717,2
33516,0
22920,0
395,0
2424,0
41735,0
51045,0
74879,0
68069,3
65785,0
61592,3
69646,0
15377,0
47174,0
62033,0
78318,0
32038,0
8707,2
1880,0
69805,0
95484,2
66121,0
58713,0
75795,0
98204,0
31713,0
43517,3
16994,3
38913,0
46584,0
8055,0
5062,0
83044,3
6742,2
91165,0
33204,0
26427,2
21371,2
34091,0
5174,0
98943,2
47434,0
55314,0
82085,0
93357,0
34544,0
12294,2
51343,2
87317,0
78308,0
75031,0
30036,1
71328,0
33630,3
18318,0
64000,0
71855,0
42941,0
41621,0
1618,0
86846,3
72555,2
32739,0
18325,0
23088,3
21749,2
71471,0
19438,3
80099,0
30017,2
61475,0
20068,0
33304,0
88964,0
29472,3
8702,0
45527,0
41313,0
44092,2
49232,3
2598,0
72932,0
46294,0
78992,0
53865,3
86900,0
43835,2
79516,0
24083,0
37601,0
66888,0
73863,3
19219,2
74503,0
18046,0
52042,0
39585,0
63555,0
37526,0
74464,1
15662,0
62182,1
50449,0
93669,2
74925,1
88631,0
81087,0
82873,0
59506,0
18343,0
59716,2
75290,0
12174,0
4848,0
4535,3
51784,0
96707,2
50051,0
45315,0
11032,0
3964,0
20325,3
8988,0
89236,0
75907,0
73884,0
11898,0
14680,0
23047,0
38994,2
79255,0
67690,0
13107,0
27569,0
99397,0
27241,3
25259,2
22294,0
96004,0
83617,0
70193,0
2710,0
45942,2
554,2
79436,0
8617,0
55602,3
45614,0
1648,1
91357,2
56176,0
91390,0
12795,3
490,1
45813,0
41345,1
97032,2
16810,2
22146,3
88764,3
49517,0
55058,0
92049,0
2311,0
3887,2
47057,3
71338,0
65027,0
7373,0
63812,0
28690,0
36054,3
48104,0
40941,0
91467,2
71025,2
37961,2
91059,0
14905,3
94957,3
62744,0
50760,3
94171,2
91325,0
79965,0
60985,0
69609,0
8858,3
46073,0
94575,1
38411,3
5277,0
21930,3
29638,0
10515,0
72651,0
91905,0
88472,0
2295,0
46914,2
59932,0
54208,0
75383,0
88157,0
6301,0
64087,0
32383,0
21003,0
2487,0
98615,0
30571,0
13283,2
44958,2
603,2
19026,0
651,0
23458,0
64698,3
30246,0
55768,0
24105,0
53825,2
82066,2
39631,0
46910,0
9552,2
52304,3
64135,0
72818,0
23783,0
73558,0
49781,0
15258,0
51942,2
70152,0
25604,0
73455,0
46012,0
52583,0
77977,3
13661,0
70533,0
53157,3
40916,3
65945,1
43242,3
12657,0
82813,0
32572,0
28782,0
99597,0
22043,3
67435,0
38166,0
88099,3
21337,0
99424,0
66433,0
25663,3
9204,0
52933,0
44217,3
6227,2
21876,3
12842,3
36865,0
4055,0
8788,0
11601,2
64757,0
93456,0
16214,0
35262,0
74015,2
78885,0
63600,0
86183,0
27502,2
24165,0
132,3
38265,0
69951,2
56167,0
25801,3
6873,0
30253,0
58813,0
66235,0
21394,3
43608,0
44845,0
70596,2
23994,0
26298,3
82935,0
39082,2
87250,3
36904,0
88786,0
71611,1
86629,1
4315,2
13645,0
57391,0
72959,2
80550,0
50401,3
38802,1
18208,0
9573,0
10976,2
86567,0
84064,3
18488,2
43340,2
79480,3
32797,0
56130,2
92979,0
95824,0
52801,0
88617,0
9057,1
62174,2
79385,0
14733,0
99640,0
87688,3
1510,0
84819,0
58806,3
33720,3
35471,3
28923,3
10523,0
35761,0
60514,0
30360,3
69781,2
70007,0
24686,3
44910,3
79399,2
27973,0
40462,0
62672,2
29060,2
82622,2
10646,3
19561,0
97212,0
81635,0
64183,3
17471,0
26699,0
80310,3
95429,2
39109,0
68482,0
78326,0
84169,1
77088,2
37475,0
1779,3
626,2
45421,3
11668,0
61989,3
5756,0
74602,3
19349,0
54434,2
54072,3
90337,2
23861,0
34730,2
94865,0
72466,0
62309,0
14556,0
50783,3
10186,3
92762,1
40587,2
86197,0
81392,2
70158,0
19698,0
97705,0
29916,3
12752,3
33902,0
79789,0
59380,0
75436,0
5133,0
80,0
76731,0
21426,0
11001,2
98441,0
73785,3
94112,0
79244,3
17475,0
55472,0
37527,0
62323,2
63713,2
52867,2
28886,0
6028,0
16458,3
19299,2
77504,0
17976,3
30869,0
28795,0
87814,0
74746,0
10234,0
64218,3
2935,0
58737,2
93086,0
74471,2
62235,1
44224,3
27913,0
39140,3
19520,0
87973,0
55483,3
99769,0
28006,0
1740,3
60922,0
16126,0
12307,3
45461,0
41348,0
23185,0
61771,0
53740,0
4602,3
90023,0
9025,3
16082,3
75509,0
99968,0
83556,3
7043,0
65773,0
26168,0
36721,3
91956,2
79558,0
79071,1
33150,0
89590,3
80363,0
13838,3
21805,3
90281,0
84367,0
64251,2
81586,0
68877,3
19545,0
47717,0
15709,0
39557,0
43289,3
66928,2
42492,3
52976,0
26452,2
88087,1
29843,0
63124,2
14925,0
10235,0
83905,0
30107,3
39489,1
46589,0
74417,0
13352,0
90443,0
28615,3
20031,0
8387,0
69489,0
42816,0
65784,2
8226,0
67464,0
92630,0
3634,0
576,3
30189,0
60209,2
85610,3
53507,3
31532,0
49047,0
29932,3
1511,3
89839,0
13399,0
54266,0
47335,0
1000,0
10697,0
55445,0
38724,0
13144,0
52958,3
44752,3
80377,0
5308,3
94040,3
22674,0
62024,0
8942,0
84950,0
73350,0
54588,0
75557,0
56530,0
7309,3
88628,0
76686,3
32033,0
78964,0
93853,2
92619,0
23354,0
89141,2
9099,0
7715,0
72123,0
80202,0
22142,0
43147,0
18329,0
69944,0
16618,0
61683,0
22104,3
94642,0
23528,2
76754,3
43366,0
88725,0
68379,0
38496,0
91705,2
9115,0
12802,0
72550,3
36973,2
75452,1
45275,0
41835,0
16820,0
57989,3
82269,3
73977,0
52429,3
52457,2
17348,0
26614,0
31303,3
2865,3
39382,2
27707,0
95105,0
20474,3
51560,0
37163,0
18155,0
78038,3
96422,2
67058,0
4852,2
87107,2
4743,2
89797,0
35520,2
35437,3
33059,3
17156,0
22249,0
573,0
10100,0
24073,0
8347,3
37664,0
9576,0
65909,0
79288,0
1104,2
12606,2
47071,2
34450,0
55828,0
48489,0
84522,0
93134,0
6814,0
74325,2
34867,0
40510,0
97016,0
49238,0
93891,0
41831,0
94463,0
39168,0
28493,0
71656,0
98377,3
81965,0
55347,0
92007,0
69176,3
3636,3
19380,3
92408,0
98264,0
10943,3
9494,0
1565,1
61048,3
55197,0
85985,3
58105,3
81974,3
49234,0
49984,2
82399,3
39744,0
80738,0
43832,0
96832,0
56943,0
31008,2
26822,3
95327,0
66278,2
1839,0
76460,0
87048,3
44429,0
34238,0
90642,2
52862,0
48973,0
18734,2
44174,3
65214,3
60946,0
50460,1
89283,0
33221,3
34223,3
47142,2
61365,0
8262,0
40241,0
29794,0
48361,0
56859,0
9118,0
98595,2
616,0
86427,0
9617,2
7867,0
75057,0
26515,2
80071,0
31919,0
65473,0
2072,0
32547,0
27612,0
95703,1
18317,0
31500,0
11184,0
3084,3
5561,0
43430,0
97082,0
91327,0
4529,0
69530,0
27753,0
44171,0
97462,0
91211,0
70475,0
62566,0
22643,0
72244,3
93301,0
19858,2
66357,3
5163,0
51136,0
93497,2
24462,2
29166,3
67841,2
97463,0
59959,0
77373,0
92482,3
41505,0
11142,0
43852,3
67374,0
917,0
71000,0
30729,3
99150,1
8767,0
73387,0
74516,3
63522,0
97410,2
86378,3
6154,2
25251,0
78003,2
83447,3
14285,3
336,0
86946,0
96632,0
27308,2
79250,0
95282,0
20363,2
73131,2
75321,0
41501,2
97904,0
19136,0
11989,0
55709,2
6940,0
25471,0
8733,3
6500,0
45166,0
25231,0
61072,0
92195,0
55816,0
42869,0
66732,0
73814,0
24025,0
60817,0
49250,3
71825,0
24779,3
3778,1
15699,0
86401,0
36971,0
51360,3
5867,0
83749,0
79276,2
56870,0
10928,0
20227,2
92989,3
90154,1
83717,2
57018,3
95472,0
19712,0
34758,0
7619,2
69275,0
53772,2
23010,0
29741,3
19871,0
61739,0
99984,0
26956,0
32279,3
6628,1
50515,2
13553,0
5810,0
37012,0
52796,0
89561,2
35805,2
78081,0
72615,3
7718,0
53525,2
52259,2
51924,3
21002,0
7627,0
27644,0
68239,0
69146,2
87415,0
31265,0
19559,0
6392,0
21237,0
36041,0
85854,0
2310,0
11658,0
87546,0
91222,0
78213,2
80238,0
80058,0
37522,0
50455,0
4816,3
56544,3
1528,0
21598,2
97218,2
11421,0
5001,0
43216,0
79759,0
74487,0
53470,0
29603,0
11204,3
69166,0
11829,0
19351,0
86146,0
35296,0
38126,0
5956,0
56244,2
37688,0
39046,0
62291,1
63218,3
81159,0
78775,0
32954,0
49059,0
58562,2
53847,0
51907,0
50380,0
62915,0
7653,0
66835,2
63387,3
66352,0
67714,3
21536,0
62224,1
85727,0
43187,2
62496,3
60569,0
66163,0
985,2
62801,0
55372,3
67717,0
48241,0
95783,3
91367,0
12385,0
37907,2
68126,2
88653,3
75610,0
40469,0
62490,0
70064,0
88573,0
99506,3
44176,0
72284,0
43061,0
58776,2
35839,2
61842,0
74163,0
24050,3
36548,0
44691,0
84760,0
82897,3
8155,2
96666,0
81235,0
21993,3
96787,3
53449,3
66900,0
90534,3
89351,0
15003,0
80278,0
19295,0
47568,0
34407,2
94079,3
96465,0
35174,0
16223,2
9347,0
65296,0
61907,0
98230,3
90934,0
45920,2
88910,1
2917,2
73578,0
16866,2
4641,0
44755,0
84418,0
39008,0
75860,2
54684,0
23690,3
62773,0
94890,0
74349,2
61422,3
11301,0
13789,3
25372,2
43901,0
92882,0
45340,0
74531,0
2840,0
97245,0
45925,3
80945,0
30516,2
20635,0
59641,3
68121,0
56820,0
21122,0
86889,0
61345,1
75113,0
61934,0
30713,3
16828,3
27744,0
47588,0
8713,0
67844,0
74564,0
93020,0
65897,0
812,0
59614,0
45973,0
71657,2
16176,1
67183,3
46152,0
3743,0
86779,3
58251,0
68840,1
51003,0
87464,0
54453,2
60357,0
32537,0
60240,0
52737,0
19629,3
98466,0
49285,0
54997,0
61349,0
91283,2
17108,0
13666,3
58821,2
38251,0
60406,0
24895,0
8656,2
72596,0
14688,3
50265,0
59952,3
7524,0
34626,3
61165,0
43967,3
87101,0
8168,1
3942,0
39749,2
33443,2
92590,0
11447,0
5280,0
94143,0
43436,0
24893,3
79099,0
79928,3
16092,3
21762,3
93001,0
17979,0
20062,3
19570,0
47159,0
13899,0
56520,2
94489,0
84374,0
66158,3
36774,3
13301,2
39563,0
30078,0
28413,0
94272,0
48148,0
73344,2
12992,2
70920,0
95829,0
13660,0
53824,1
68307,0
1961,3
55563,0
66897,0
17621,3
99138,2
22457,0
85194,2
34561,0
54362,0
40484,0
93907,1
20427,3
44764,0
82027,0
7535,0
85498,0
31440,2
5786,0
22317,3
53912,0
50740,0
91768,0
40264,3
14900,0
6619,3
36420,3
4089,0
6326,0
18709,3
63183,0
78415,0
96301,0
98031,3
37288,3
19109,0
93076,2
26536,0
25228,0
19429,2
22884,0
87500,2
35106,1
51765,0
87940,2
38657,0
43516,0
61877,0
91771,0
84071,0
77688,0
43560,0
43964,0
43401,0
65108,0
77469,0
79356,0
3028,0
35495,3
65376,2
52248,0
24217,3
18480,0
24909,0
92109,0
33234,0
22576,0
74404,2
13916,0
29387,0
16547,0
48440,0
69629,0
72318,0
77934,3
16222,0
216,0
19940,2
74692,0
76081,0
62706,0
47861,0
85693,0
87255,2
95222,0
22774,0
1350,3
28594,0
7880,0
137,0
31272,0
94767,0
17058,0
70190,0
50006,0
95762,2
63494,0
20500,0
38080,0
3901,3
63378,3
48950,2
67706,0
9781,0
14064,2
89697,2
19681,0
73356,0
3198,0
28471,2
22241,2
39047,0
82825,0
75767,0
57418,0
1652,2
41152,3
54162,0
84411,0
47426,0
32553,0
71923,0
69464,3
4376,2
71088,2
15880,3
27680,3
34933,2
54528,0
47169,1
39297,0
90378,1
38217,0
38536,0
8641,0
32570,0
476,0
27304,2
76508,2
39911,0
65256,0
72629,2
62991,0
75089,0
82049,3
21227,3
94046,3
38958,0
66430,2
87532,0
95164,0
85164,0
44246,0
77052,0
26407,0
29121,0
25023,0
34999,0
70946,2
93721,0
3430,0
24219,3
22503,3
26358,2
34870,1
54438,0
86727,0
35817,2
54417,0
82417,0
18723,0
87318,1
11728,0
52073,3
531,3
44090,0
73145,2
61740,0
46235,0
43764,2
70571,0
35963,0
33259,3
48695,0
62558,0
13208,0
48075,2
44219,0
75500,0
53263,0
46200,0
69980,0
93384,0
58856,2
72906,0
76794,0
44293,0
13411,2
7870,0
21868,1
40732,3
98812,3
56941,0
72780,0
7259,3
30184,0
44648,3
84197,2
20587,3
68519,2
86316,0
73780,0
30953,0
66375,3
61423,3
24392,0
65198,0
90831,0
85977,3
20431,0
38656,0
50052,0
70608,3
37089,0
93785,0
88044,0
33543,0
4975,0
34435,0
56091,1
41239,3
71227,0
69067,0
52075,0
91968,0
10649,0
65700,0
63837,1
98113,0
19775,0
36931,0
15968,0
73691,0
25601,0
21727,3
57545,0
65817,2
34714,3
8187,0
72188,3
37964,0
85584,0
10156,3
76726,0
64238,0
20168,2
57705,0
762,2
70299,3
56982,0
97686,0
9671,2
68584,0
99773,0
15839,0
48729,2
58394,0
84419,3
97375,2
89783,2
33619,0
4010,0
83464,0
59349,0
85344,0
77852,0
95136,2
50458,0
17829,0
30906,0
43926,0
66734,3
80774,0
18013,0
83443,3
36297,0
22766,3
41540,2
51848,0
39611,0
49174,2
7616,0
4309,0
98761,0
8897,0
65657,0
29740,0
22098,0
56475,0
56003,0
34393,0
70044,0
31527,2
90220,2
25637,0
55177,0
85416,1
26233,0
14340,0
75159,3
44364,3
4833,0
5010,2
87537,0
31300,1
66292,0
25886,3
45415,0
1007,0
47111,3
64709,0
67871,0
55866,0
34857,0
10280,3
6828,0
64701,0
8415,1
42665,0
52407,3
45766,0
73264,3
23669,0
93896,3
66951,0
28934,0
55193,3
27693,0
70690,0
98363,0
18739,0
77273,3
22136,3
10816,0
68675,0
3500,0
17697,0
97334,0
6617,0
21178,2
92431,0
64653,0
74155,0
21507,0
89737,2
13324,0
87307,2
47047,0
772,0
47888,0
32914,0
52820,3
53494,0
55086,1
37748,2
65215,0
37078,0
52097,2
17077,3
33524,0
25900,3
16603,2
24321,3
11753,0
92647,3
52315,0
19679,1
1012,0
22176,0
84427,0
12571,0
75289,1
5284,0
58593,0
6496,0
36987,0
86290,0
73242,0
11838,2
9095,0
30454,1
42379,0
87066,0
28843,3
27813,2
48888,2
47833,2
51979,1
40383,0
56002,0
3786,0
34347,2
51603,0
78867,0
93102,0
80571,0
33997,0
96026,0
63450,0
60044,3
93118,0
86198,0
11730,0
26107,0
10895,3
39559,0
49658,0
64376,2
7206,3
79664,0
72795,3
44125,2
84267,0
88253,0
29329,0
3057,3
41188,3
59855,0
54612,0
9677,0
30028,0
11420,0
21792,0
26899,0
42879,3
23020,3
27321,0
71551,3
84657,0
86327,0
72349,0
18231,0
77407,0
28697,0
24209,2
49298,0
22806,0
57661,3
7638,0
44463,0
74632,1
95989,3
11157,2
52513,2
20820,3
61666,3
58147,0
30339,2
47933,0
76710,0
69675,0
63265,0
48903,0
80399,0
61589,0
73966,0
57669,0
6232,0
53323,3
23215,0
60970,3
6481,0
57717,0
51790,0
92731,0
1786,0
53473,3
71577,0
67965,0
4048,0
66179,0
85380,0
38868,0
2909,0
50628,1
1842,3
6765,0
26464,3
45129,0
99642,0
23471,0
98696,0
45254,0
68001,0
27132,2
53278,0
77532,0
78817,1
5570,2
90514,0
42407,0
73399,0
94611,0
42066,0
64678,0
63914,0
5434,0
58270,3
77268,2
43916,1
60685,0
78729,0
7393,3
88930,0
62595,0
45799,2
21908,0
47753,3
64126,0
72137,0
10366,0
68941,0
15994,0
4287,3
82470,2
31174,2
40684,0
72085,0
26197,2
65988,0
1600,1
91993,0
53215,0
51255,0
99617,3
3880,0
62320,0
89034,3
90333,0
21737,3
43446,0
14416,3
51393,0
57291,0
98525,2
58986,0
44037,0
96751,2
6016,3
9228,3
24724,0
84800,0
81187,0
20057,0
24047,0
33790,0
2320,3
16196,0
16336,0
43956,0
80026,0
52488,3
56288,0
3299,0
20072,2
70141,3
52825,0
2412,0
70669,0
9100,0
62931,0
12304,0
27704,1
90510,2
72548,2
49906,3
72934,0
11523,2
31406,3
21859,0
44918,2
74159,3
23875,0
3838,0
14990,0
77576,0
51169,0
81825,0
78676,3
85389,2
80305,2
41088,2
91225,2
62975,3
13598,0
37941,2
12188,0
82602,0
26354,2
96227,0
22815,2
94344,0
16007,1
93259,0
81822,3
31175,0
12704,0
84826,0
28567,2
73322,0
32590,0
87946,0
56471,0
50765,0
96532,0
13285,0
2600,2
69050,0
16907,0
9279,0
52923,0
98999,3
7665,0
58926,3
89050,2
33972,0
70436,0
45919,2
68513,0
96193,0
26860,2
29987,3
73645,0
65286,3
93899,0
83565,0
44347,0
40733,3
45492,0
4749,0
62429,0
17087,0
66864,2
6772,0
9760,0
75524,0
89108,3
46501,0
8976,3
58880,0
14933,0
68378,1
83497,2
93695,0
25338,0
61785,2
40060,0
27859,3
39384,0
66575,3
54481,0
97072,3
17363,2
83680,0
22324,3
13318,2
28160,0
32182,3
15822,0
83676,0
82718,0
25203,0
84175,0
25700,2
10064,0
3009,2
96670,2
30214,0
97058,0
69148,0
32170,0
71448,0
65419,0
89499,0
65550,2
99694,1
27536,3
42531,3
71498,3
23343,0
50360,0
4154,1
85823,0
66265,0
82003,3
96852,2
5142,0
92222,0
78712,3
2755,0
94297,0
85395,0
23542,0
81727,0
60338,0
7838,3
7345,3
76113,1
49243,3
38887,0
60173,3
29953,0
27610,3
70003,0
22625,0
15943,2
47787,0
52930,0
1745,0
27341,2
85831,0
65303,0
19421,0
99875,0
94698,0
53759,0
25462,0
79128,3
99718,0
48065,2
52680,0
90059,0
40480,2
19103,0
27395,3
77514,1
61856,0
16326,0
50665,0
39461,0
77719,0
14363,1
8188,3
21448,0
9468,3
37330,0
42855,2
98448,0
56110,3
45541,0
74495,2
31794,0
1697,0
31093,3
96358,0
78388,2
10283,0
96225,0
45489,0
86559,0
30813,0
64829,0
76989,0
50132,0
7203,3
88861,0
93818,0
99135,0
70931,0
37714,0
36324,3
58138,3
84548,0
23232,0
91535,0
91941,0
39255,0
51263,0
16702,3
71188,0
20417,0
12478,0
95480,1
14258,2
54861,3
16083,0
6698,0
74729,2
24582,0
25565,0
23372,0
54735,0
82369,0
92785,3
95573,0
42353,3
63,0
85880,3
56514,1
52748,0
99692,2
89300,0
33563,2
99357,2
67059,1
92810,0
94899,2
53472,0
12298,0
26969,0
92943,0
75066,0
92469,0
62428,1
37098,0
8929,0
48118,0
90389,0
99845,3
88449,2
70997,0
92702,3
17449,0
29861,0
58163,0
73939,0
37925,0
82396,0
48781,0
16219,3
57665,0
41468,2
39818,1
72879,0
88713,2
45785,0
9706,3
1655,2
36713,0
9621,0
55863,0
63558,0
82908,3
62629,0
71697,2
67806,2
68120,0
36640,0
17383,0
78089,0
62125,0
33515,0
78706,0
13889,0
41341,0
73846,3
75999,3
61787,2
29527,0
71241,2
89490,1
306,0
81076,0
33079,0
12015,3
69175,0
86711,3
27885,0
65929,0
43981,3
58922,3
46408,0
93077,2
91206,0
38995,0
65948,3
2691,3
78605,0
98378,3
92555,2
27021,0
43250,0
18724,3
75897,0
93597,0
55050,0
23580,3
1559,0
39447,0
43960,0
37350,2
18567,1
10146,0
54958,0
47349,0
49410,3
65,0
17675,0
92721,0
65396,0
58088,0
86121,2
57595,2
45366,0
567,0
95077,0
95687,0
11776,0
82306,2
63764,0
51880,3
9978,3
11518,0
4405,3
67430,0
39338,0
97672,0
26823,0
72065,0
95255,3
94094,0
75084,3
12074,3
44799,3
65520,0
9605,0
25532,0
58568,0
40735,0
7354,3
86828,0
32407,0
88113,0
50786,0
258,0
82482,0
64434,0
16584,3
26099,0
81423,0
33971,0
50281,3
87113,2
29451,0
19168,0
43594,0
62793,0
66438,0
98824,0
26222,2
36461,0
78793,0
9582,0
18303,3
89830,0
66892,0
24687,0
65848,0
56272,0
51680,0
69301,3
32522,2
16962,0
11902,0
94980,0
63651,3
98415,0
22492,0
56809,0
59988,0
57114,0
59771,0
99973,0
53353,2
15264,0
18269,0
4948,0
79470,0
38269,0
57810,0
10686,0
38508,0
42885,3
75095,2
3223,0
92987,0
26622,0
80566,0
41738,0
53579,0
98385,0
93033,2
88320,0
80893,0
29361,0
64777,2
55500,0
72195,0
5066,0
91112,0
95695,0
24245,3
47453,3
98574,3
27397,0
32953,2
60326,0
15599,0
82848,0
58283,0
33474,1
89486,0
14999,0
89061,0
96856,0
44949,0
33621,0
66678,0
6186,0
60227,0
95836,2
67866,0
37772,0
38674,3
71314,0
31209,0
5803,0
38295,0
99276,0
9222,0
11081,0
54852,2
52597,0
31869,0
27115,2
49963,2
63246,2
98709,0
57187,0
55255,0
26021,0
64570,0
32879,2
99556,0
25097,0
69300,0
20736,0
55052,0
95292,0
66003,2
49320,0
24742,3
70243,0
34078,3
91966,0
94423,2
44152,0
70011,0
47089,0
98929,0
57940,0
56099,0
52303,3
36627,0
13124,0
98788,0
20440,3
67581,0
53934,0
8027,0
72796,1
57461,0
49692,3
83103,1
46367,3
57384,0
96273,2
78648,0
3366,0
34052,0
84715,0
19330,0
14282,0
96175,1
14994,3
84558,0
92142,0
78469,0
5728,2
45413,0
88927,0
79867,2
8236,0
97660,0
46893,0
45521,0
37145,0
71645,0
17973,0
83359,0
10261,0
26661,0
63687,2
63941,0
91923,0
56526,2
22405,3
17443,0
34266,0
73192,3
79245,2
36024,0
62617,0
66859,2
27970,3
46385,2
32855,2
4590,3
83027,0
30647,3
36357,0
191,0
43922,2
63504,2
97456,0
28237,2
74233,0
73006,0
66178,0
77703,0
53002,1
7144,3
32992,0
97933,0
84794,0
75166,2
87513,0
72457,0
89833,2
96831,0
96357,1
1375,0
93634,0
62345,2
79046,0
86541,0
90715,0
53975,0
90055,0
72678,2
38142,0
77314,0
66155,3
78991,1
53450,0
63860,0
74779,0
28708,0
40304,0
25863,1
31595,3
41635,0
94638,0
26770,0
61217,1
47850,0
8334,3
91014,1
95133,0
99065,2
91849,0
83773,0
73789,0
38484,0
8626,2
95440,0
8559,2
10615,1
38571,2
28228,0
19904,0
82169,2
45045,2
75977,0
91826,1
44263,0
59177,0
43311,3
26485,0
39632,2
67065,2
12483,3
55703,0
50368,0
82037,0
6026,0
51014,0
38323,2
40023,0
27186,3
46326,0
69704,3
12785,3
1941,0
69754,1
90134,0
68722,0
36338,2
6505,0
7105,3
15946,3
39855,3
82672,1
4520,0
73680,0
30013,0
18612,3
7722,0
78883,0
84955,2
84107,0
72186,0
97357,1
60164,2
58545,0
58675,3
49067,0
28135,0
46470,0
58613,0
83854,0
9634,0
28501,0
27528,0
96992,0
55068,0
25771,0
1547,3
70721,2
89240,3
51212,0
33137,0
22928,0
18518,0
25487,0
28638,0
71740,3
15074,0
5179,0
4319,0
647,0
76293,3
95212,3
35897,0
65779,3
83813,0
73415,0
31890,2
15642,0
79101,0
1731,0
36994,0
2599,0
50020,0
15706,3
1589,0
33622,0
47246,0
14087,3
53420,0
54296,2
29587,0
28972,0
59498,0
62199,2
41733,0
10771,0
5652,0
20487,3
39133,0
8747,3
99924,0
2129,0
77344,0
23535,2
6560,2
16989,0
37623,0
42620,0
37291,0
39735,0
34101,2
64166,0
6168,0
7411,0
24830,0
55801,0
2784,0
53056,0
55689,0
79041,0
41307,0
55525,3
50867,2
76398,0
39486,1
31727,3
2349,0
72601,0
87660,0
23490,0
38007,0
7526,0
68256,2
76389,0
28792,2
64672,3
99426,0
55625,0
32391,0
81942,3
98309,0
73593,0
53250,3
87582,0
72177,0
30459,3
64558,0
47022,0
34000,0
94212,0
47439,0
70516,2
6562,0
32889,0
89598,0
23621,0
72593,3
81816,0
14222,0
51865,0
69170,3
30902,3
73059,0
37441,0
91788,0
74407,2
42462,0
51535,2
42918,0
39758,3
18082,3
86031,0
10294,3
10440,2
45067,3
37397,0
32071,0
11419,3
48875,0
74302,2
68893,0
9629,0
8094,0
48730,0
33266,3
99270,0
15084,0
24647,3
82582,1
46019,0
45528,2
93315,0
723,0
86844,0
15014,0
93264,0
19833,0
62695,0
67391,3
56937,2
25212,0
93562,3
3076,0
77156,0
86335,0
83121,0
32144,2
32384,2
28091,2
11666,2
1809,0
7257,0
99853,3
76547,0
90166,0
94782,2
57890,0
68040,0
8380,0
3929,0
62086,0
16422,3
94669,0
2010,0
4351,2
41781,0
98367,0
31616,0
39968,3
96267,3
74262,2
47627,0
69566,0
21622,0
77530,0
26181,0
53943,3
88171,0
7035,3
17634,0
90701,0
50470,3
56732,2
85735,0
94239,3
52039,0
60020,0
91662,0
44388,0
94607,0
66746,0
47477,0
20503,0
13402,1
42080,0
10728,2
2194,0
41964,3
78947,3
16668,1
87125,0
80643,0
22064,0
11786,3
61103,3
60894,0
17642,3
44235,3
16284,0
7267,2
8460,0
30200,0
85798,0
64908,0
52399,2
93883,0
94677,2
29037,3
2271,2
38058,3
69616,2
12951,3
55019,2
71126,0
73531,0
90121,2
35512,3
79801,2
70466,0
65234,0
90648,0
25465,0
25199,0
28797,0
74934,0
6268,0
6578,0
99966,0
54247,0
45903,0
59752,0
66362,2
7840,0
14261,3
24771,0
1333,0
65610,3
51218,0
25985,0
87664,0
56405,0
2200,0
89574,2
16958,0
16841,3
26972,0
2223,0
11458,0
62123,3
10073,0
88305,0
26141,0
81688,2
43378,0
93999,0
72713,3
19269,3
60554,0
5961,0
8694,0
32210,0
92859,0
12745,2
66725,0
53501,3
26479,0
26474,0
66825,0
61192,0
28164,3
79743,3
39166,0
16286,0
40207,2
85488,0
72371,0
95449,0
81503,0
25284,0
12368,0
7872,0
73143,0
13426,2
6558,0
50395,0
86175,0
11558,0
84653,0
35885,0
18756,0
29956,0
81400,2
18726,3
40863,0
66758,2
42890,1
90361,0
91510,1
35479,0
99152,0
34589,0
53548,0
85426,0
43447,0
94170,2
95049,2
97872,0
22470,0
83202,0
32585,0
31563,1
89968,0
60424,0
32737,2
6888,2
76352,0
85740,0
79119,1
14717,0
6046,0
54380,0
14235,0
39378,3
62707,3
50675,3
61944,0
49167,2
97328,0
42025,0
40731,2
79058,0
71826,2
54783,0
14557,0
34782,2
57319,0
17880,3
64188,3
37523,0
25708,0
98140,3
21956,0
29689,0
78745,0
7385,2
62324,3
6304,0
2556,0
68845,0
32477,0
32987,0
61246,0
93508,0
43696,3
45074,2
11767,3
83174,3
99679,0
40885,0
76322,0
17177,1
22570,2
94085,0
29626,2
85804,3
66506,3
15369,0
28674,1
37140,0
98718,0
49352,0
21440,0
12757,0
98682,0
9339,2
26172,0
97578,1
64905,0
5132,0
76597,0
40782,0
52220,2
96654,3
71371,0
49762,0
21582,0
38548,0
79851,0
83616,0
13263,2
44068,0
17374,2
76025,0
38334,0
36584,0
67243,0
35716,0
92914,0
19486,1
99616,2
33887,3
39069,0
42598,0
55682,0
63986,0
56220,0
57822,0
99684,0
51539,2
86107,3
11060,0
87412,2
65984,0
62061,0
31144,3
7118,0
71866,2
20744,0
7746,1
20629,0
88056,2
60056,3
3652,0
49314,0
76382,0
77628,2
4522,0
41043,0
68221,0
68426,0
90840,3
23169,0
68053,0
45355,0
88306,2
42672,3
35269,3
51652,0
5230,0
12353,0
38110,0
12301,2
73651,0
88002,0
36044,3
79127,1
12500,2
972,2
97335,3
29849,0
10882,0
74649,0
71261,0
5545,0
4867,2
33060,0
69670,0
70762,2
79029,0
94148,2
21319,0
19494,0
33685,2
25815,0
15353,2
65919,3
49287,1
49800,0
86116,0
6033,0
89750,3
59116,0
13115,0
31224,0
98994,3
47311,0
66893,0
62236,0
75852,0
28409,0
4150,1
353,0
84457,2
2231,2
58730,0
19914,3
33624,0
18282,0
56792,0
70513,2
33665,2
19684,3
44953,0
55336,0
76219,3
20606,0
20907,0
76048,2
64194,3
13642,0
22464,0
62091,0
41589,2
63666,3
76521,0
21151,0
15456,0
51407,2
39548,0
22475,0
16298,2
63765,2
22407,2
40890,0
50858,0
27789,0
94567,3
59905,0
40935,1
72925,3
88991,0
95897,3
35692,2
39617,0
50634,0
22791,0
70153,0
53144,0
82090,0
1490,0
55454,0
14164,0
45332,0
76371,2
98705,0
36437,2
17041,2
42756,0
23732,0
46228,0
13443,3
16201,0
21994,3
39672,0
7390,0
7859,2
28087,0
87040,0
83020,3
82224,3
52355,0
53726,2
28957,2
63817,0
96864,0
66146,0
35574,0
27385,0
1944,0
76608,0
27214,0
63768,0
17472,0
39537,3
78111,3
15660,0
99588,3
58299,0
50897,0
80971,0
34439,3
57498,0
27058,0
83634,0
79295,2
52579,0
47614,0
93052,3
5429,3
20257,0
20018,3
57292,3
46015,0
55134,2
37361,0
81863,0
93429,2
36485,0
51509,2
24348,0
80662,0
72202,0
42195,0
66722,3
78735,0
51371,0
44802,0
78619,3
81619,0
32555,0
3096,0
66081,0
43283,0
43173,0
25871,0
45831,0
39316,0
41756,0
29927,2
35081,0
60723,0
29143,0
22441,0
56714,0
90880,2
20759,0
80311,0
96827,1
1033,0
90035,2
63771,0
19297,0
39039,2
59402,2
47259,0
30346,3
39218,2
31245,0
67125,0
4891,0
19175,0
68536,2
13381,0
17385,0
66542,3
61582,0
59546,2
10810,0
4260,0
67845,0
56035,0
69380,2
50861,0
9058,0
4261,0
77128,0
18845,2
40228,1
54921,0
7924,0
66100,3
26071,2
26582,0
69659,0
46803,1
32021,0
2967,0
93958,0
91234,3
73770,0
19820,3
19202,2
20377,2
17629,0
30572,0
48188,2
9594,1
71391,3
40570,2
89883,0
47074,0
140,2
94236,0
1080,3
55404,0
56407,2
22461,0
27078,0
13776,0
59395,0
18730,0
5845,3
68524,0
98607,0
24809,3
40408,0
32322,0
2920,0
20918,0
60686,0
18560,0
92829,0
66595,3
28821,0
69546,3
77005,0
77091,0
28187,2
63285,3
18192,0
54140,2
63027,0
73963,0
23278,0
77349,3
90864,2
6391,0
22909,0
72010,2
95685,0
86157,3
20337,2
62303,0
9381,0
3391,2
6492,0
38823,0
97060,0
26129,3
81382,0
4997,0
40912,0
90339,2
71150,0
34386,0
8963,0
96841,2
93163,0
59448,0
44099,2
24439,0
99132,1
89297,3
72436,2
54645,2
82481,3
7740,0
55839,2
77873,0
13449,3
42343,0
40963,2
14766,0
7305,3
13551,0
66563,0
57161,0
51647,1
19727,0
32687,3
91869,0
19318,0
7543,0
55287,3
4400,0
41859,0
28137,3
57465,0
79112,1
86797,3
68224,0
82896,2
95251,0
36069,2
18442,0
52380,3
54067,0
25402,0
94031,3
93113,0
31422,0
82216,0
75196,2
4946,0
40073,0
16914,0
18277,2
77072,0
61936,0
36502,0
83185,0
40998,0
59480,3
84748,3
26429,0
74568,0
26971,3
85065,0
57892,0
60826,0
72398,3
63169,2
69718,1
16941,2
76501,3
80445,0
73466,3
10178,3
77654,0
29937,3
33892,0
16737,0
14646,0
61199,0
13891,0
63176,0
19166,0
86843,0
21938,0
17157,0
5987,0
12592,3
12709,3
55739,0
94597,0
18431,0
4340,2
19823,3
7047,0
41265,0
99018,0
3518,0
67623,0
10775,0
62223,0
86450,0
95795,0
56777,3
89225,1
73993,2
13557,0
14849,1
22102,0
78588,0
51885,0
70022,0
60480,0
14300,0
74726,2
96129,1
95022,0
55720,0
99797,0
62778,0
3632,0
15901,0
90251,0
35321,0
85023,0
16009,3
31044,0
82799,2
67699,0
80745,0
18085,3
17178,0
72442,0
42141,2
6957,3
97965,0
30875,0
88008,0
55252,0
14908,3
90969,0
51988,0
79226,2
62594,0
85056,1
92570,0
8330,0
81315,0
66728,0
9898,3
58505,3
79545,0
96788,1
62151,3
70558,0
14988,0
81897,0
31252,0
73273,0
54530,0
91203,0
64351,0
68387,0
25933,0
38857,3
73498,0
31168,0
27457,0
50475,0
2877,2
15498,0
49383,3
37308,1
78856,2
44965,0
71811,3
38924,0
66537,2
80218,0
98016,0
19386,0
33422,2
54387,0
17727,0
57814,0
61409,0
67309,0
41033,0
19385,0
54390,0
60927,0
35175,0
34343,0
85276,2
82292,0
94666,0
37138,2
88920,3
24682,0
63955,3
2648,0
30191,0
84623,0
31336,2
34664,0
43438,2
9083,0
91725,0
52086,0
35628,0
63976,0
39582,0
30703,3
93851,0
79927,0
61821,0
56622,3
30856,0
36681,0
52490,0
28513,0
51882,0
35714,3
42164,0
50627,2
1857,0
51103,2
64578,0
70730,0
81720,0
99983,0
68537,3
28378,0
14093,0
56883,0
54017,2
20483,2
64766,0
77573,0
50008,0
18736,0
39535,0
73913,0
43689,3
77212,0
36112,0
13183,0
12946,0
59545,3
57077,0
97504,3
20792,0
53069,3
81692,0
78933,0
43537,0
14109,0
78309,0
66227,3
57327,0
51143,2
80689,3
91913,2
39980,0
49040,0
2195,0
69383,3
94063,2
37051,0
51442,0
63492,0
53066,0
96566,3
78661,0
76093,3
39257,0
26558,3
78447,0
67414,0
51812,2
69121,0
64765,2
71059,3
11716,3
82508,0
90943,0
86521,0
95566,0
80089,3
17790,0
80904,3
24568,0
63465,3
16871,0
10362,2
88598,0
63625,0
85520,0
42210,2
77939,0
589,2
9077,0
60342,0
33635,0
20664,0
79266,3
62168,2
98978,0
70843,3
39132,0
61414,3
91279,2
260,0
31176,0
64423,3
80652,2
64259,0
5745,1
50703,0
48630,2
44524,2
30009,3
3995,0
88343,0
65565,3
75278,0
75043,3
23201,0
3323,0
82834,2
79966,0
56961,0
56325,0
7263,3
93124,0
14595,0
81084,0
48009,3
50899,0
15526,2
34331,0
96361,0
72976,0
66318,0
32824,0
81124,0
71991,2
98874,3
96049,3
11590,0
86163,0
4557,3
90451,0
7476,3
65133,3
89147,0
74837,3
883,0
82205,2
99522,3
6493,3
49870,3
6671,0
87394,0
68703,0
73002,0
10281,0
43711,0
41410,0
53476,2
67431,0
52009,0
30808,2
78485,2
90657,0
1422,0
75149,2
53011,3
91714,0
77881,0
565,2
89027,2
22631,0
74343,0
95921,0
12071,0
19512,2
4825,3
94949,3
44292,0
29399,0
26824,0
87077,0
52856,3
11377,0
103,0
12182,0
33551,0
88144,0
62110,2
73828,0
76588,3
94222,0
51175,0
20601,3
4992,0
30761,0
76028,0
87748,0
15976,0
29557,0
49206,2
14736,3
41605,2
64139,0
55748,2
13994,3
84728,2
26508,0
97421,0
59170,0
11664,0
66496,0
36744,0
67442,0
36333,0
69507,1
85381,3
67800,0
76590,3
4033,1
34219,2
80867,0
9973,2
76570,0
33692,0
93452,3
89028,3
89164,0
92043,2
86079,0
95793,3
53407,0
62527,3
84245,0
57766,2
18404,2
3770,0
53108,0
63357,2
64712,2
3023,2
1693,0
70391,0
26196,2
81533,0
42651,3
60663,0
28362,3
13750,1
96235,0
63085,0
48479,2
57096,0
53878,0
48314,0
64795,2
94253,0
60094,0
79984,0
93787,0
68096,0
93822,0
27093,0
294,2
10793,0
53003,2
17505,0
72727,0
806,0
1897,0
96962,0
86704,1
6519,0
15514,0
73695,0
29414,0
18913,3
53973,0
87300,0
60014,0
2281,0
15657,0
20249,0
3237,0
9285,3
30933,0
33865,0
75101,2
69849,3
85285,0
32010,0
39813,0
61099,0
71880,1
396,0
21097,0
99657,0
22721,0
58310,3
7868,2
36033,2
41549,3
49408,3
17900,2
72902,0
45607,0
25534,3
54042,0
97800,0
70079,2
77266,2
91215,0
94149,2
73325,0
38464,0
9405,0
26446,0
4223,0
69992,0
54750,2
33228,0
45927,2
10892,0
5655,2
67674,0
27180,2
13631,0
72386,2
16357,0
39989,0
59648,3
3573,0
61868,0
97669,0
20699,0
82945,1
17668,0
96917,0
68484,0
24142,2
99930,0
37651,3
30481,0
33284,0
67573,0
31391,0
99222,0
83322,0
42493,0
59370,0
9623,0
33913,0
8894,0
87193,3
10152,3
35096,3
1638,3
32956,2
54384,0
87235,0
67328,0
10655,0
75392,0
96299,3
83041,0
23435,2
87377,0
93953,0
67914,0
91045,0
10320,3
77818,2
30986,3
26062,3
3527,0
3182,2
57066,0
43713,0
61701,2
81603,0
35673,0
95616,2
60699,3
95603,2
79960,0
17282,0
26827,0
88592,0
74557,0
88549,0
73390,0
22713,2
97118,0
58837,0
53700,0
33983,3
7013,1
33452,3
61405,0
20526,0
7440,0
12833,3
46502,2
40069,0
73420,0
78543,0
50275,0
91034,0
62206,0
10369,2
20294,1
5169,0
93230,0
16470,0
70783,0
20740,3
11869,2
15341,0
99600,0
65791,3
68302,0
53575,0
67346,0
26768,0
78132,2
27437,0
65529,0
80482,0
18808,0
93553,0
74442,0
81492,0
73039,2
37462,2
54289,0
82230,0
35939,3
92677,3
53992,3
10877,3
39997,0
58925,2
12347,0
22148,0
62755,2
2133,0
77697,1
62515,0
83515,0
11565,0
17281,3
5988,2
35215,2
69947,0
64895,0
11227,0
55143,3
65599,0
96198,0
2601,0
61933,0
93590,0
14133,3
17154,0
24549,0
35748,3
51846,0
94598,0
31048,0
85820,0
99228,0
86983,0
4685,0
11256,0
47033,0
48611,0
13156,0
50982,0
29000,0
89671,0
68886,0
92688,0
92850,0
82120,0
76507,0
92394,0
27738,0
48724,0
26518,2
96635,0
22194,0
95127,2
85666,3
20302,0
57897,2
39468,2
28300,0
66865,1
99685,0
86576,0
50757,2
55219,0
22192,0
6849,0
60379,3
72041,0
75316,3
75889,0
16747,1
84654,2
75142,0
27342,3
70727,3
12094,2
23162,2
48559,0
95493,0
11916,0
67976,2
8825,0
81665,0
93665,0
79186,0
66526,0
73018,3
23166,0
97566,0
82930,2
10382,0
55906,0
47660,0
7479,2
74789,3
3666,0
76279,0
17356,0
90813,0
57207,0
95853,0
83654,0
96647,0
54287,0
97095,0
50030,0
82372,3
68746,0
56649,0
35045,0
7074,0
9271,0
95510,0
18220,0
28243,0
43500,0
56485,0
10265,3
31878,3
24673,2
16942,0
41172,0
46028,3
55281,0
9953,2
72666,3
93319,3
26656,0
18385,3
66049,3
63716,3
15340,0
17117,0
18017,3
36530,2
58584,0
19778,3
35661,2
92091,3
40602,0
27958,2
70288,0
9834,0
77492,2
96745,0
44260,2
80644,0
50174,0
75580,0
71986,0
15234,0
55409,3
63725,0
26093,0
47864,0
27448,0
68542,0
55772,0
15651,3
17339,0
14161,1
58374,0
19099,3
84454,0
26896,0
98475,2
49732,0
93021,3
74157,0
75134,0
18871,0
81643,0
5098,3
42875,0
86535,0
65635,0
5459,0
84137,0
7957,2
29827,0
31331,1
84615,0
12457,2
90095,0
66194,0
57832,3
79024,0
74499,3
84900,2
49348,2
68907,3
32899,3
99017,3
362,3
93000,3
92313,3
7368,0
54295,0
96885,3
20335,2
97570,0
79987,0
58632,0
9308,3
92025,3
19224,0
56558,3
42010,2
62905,0
26086,0
92631,0
11926,0
64458,3
71828,2
39359,1
66571,0
9145,0
45505,0
2258,3
15509,0
77259,0
21186,0
77449,0
6851,0
23620,2
53751,0
7943,0
31983,0
39470,2
33156,0
99253,3
85788,3
27638,0
45674,0
41921,0
77446,2
28232,0
64714,0
71610,0
68539,0
36641,3
48492,0
95009,0
12829,2
85476,0
90286,2
13189,2
45130,3
49286,0
33931,0
56654,3
53776,0
58551,0
52112,3
3532,2
30683,0
70314,0
18196,0
94050,0
92611,0
40851,2
50038,2
81707,0
77300,0
1289,0
711,0
43456,0
37034,0
81262,3
98467,3
31835,0
80814,0
44650,0
89344,0
70992,3
96264,0
61895,3
90891,0
69083,0
89139,0
43639,2
32599,3
84369,0
46226,3
88880,0
54757,3
65592,0
22515,2
22973,2
89282,0
2940,0
39872,0
99309,3
91212,0
9290,0
24023,0
36734,0
3459,0
29511,0
48597,0
2113,0
4835,0
44289,0
52730,0
60565,0
4389,2
2127,0
7950,0
69935,0
9159,3
99652,0
43918,0
73371,0
60354,0
65880,0
58410,0
95698,2
82847,1
38677,0
49500,0
40578,0
17645,1
68371,0
17775,2
23552,0
51500,0
84744,0
37292,1
4158,2
66828,0
95286,0
99433,0
91702,3
24406,0
34388,0
44238,2
12362,0
92864,1
28309,0
56536,3
21816,0
81774,3
70912,0
67593,3
65060,0
25340,3
94404,0
55273,0
36645,2
17738,3
5468,0
86428,0
4865,3
78376,2
85329,0
95586,2
98671,0
92424,3
13145,0
33320,2
91716,0
96187,3
26598,2
30708,0
97079,0
68642,0
97239,3
15053,0
2640,0
97517,1
27769,2
93950,1
49911,0
93530,0
60574,3
47829,3
12975,0
50377,0
46273,3
72277,0
28235,0
14295,0
38419,0
45929,3
53436,2
63159,0
79493,0
65164,3
83868,0
59536,2
42125,2
12697,0
55077,0
44278,2
94158,0
5395,3
37200,3
37215,0
73008,0
15015,0
66579,1
3361,0
51617,0
36131,0
51157,0
99761,0
9603,0
65317,0
46077,0
97858,0
43326,0
64543,0
7995,3
88690,0
33846,3
52120,0
31567,3
6126,0
26387,3
3438,2
3318,0
93868,0
41814,0
90821,3
59377,0
893,0
50544,0
73188,3
39939,0
47278,2
69959,0
37839,3
95979,3
35418,0
52276,2
18331,0
51067,0
77765,2
86356,0
24646,0
52572,2
83995,0
67810,0
70032,0
35960,2
24931,2
50406,0
35482,2
61010,3
56734,3
29810,1
88982,3
22121,0
88773,0
71317,0
41447,0
75207,0
48450,0
20808,2
49851,0
61411,2
74627,3
68554,0
62781,0
97768,0
55541,2
62568,0
94526,0
55135,0
652,0
55929,2
53565,0
2955,0
60066,2
15100,0
20831,3
15372,0
47825,0
57566,0
49163,0
98339,0
12746,2
68108,0
5464,0
28366,0
77925,0
20877,0
79777,0
3029,0
7386,2
37674,3
39761,0
94910,0
52287,3
74930,0
2778,0
34351,0
23028,3
45800,0
28294,0
45408,0
47354,3
94482,0
70309,2
78771,0
12106,0
33899,3
15179,0
39539,0
29540,0
14784,0
49831,0
65050,2
88364,0
56971,0
19391,2
27802,1
64366,3
4932,1
19815,0
40308,3
47581,0
97292,0
80944,0
34202,0
60762,0
75867,0
44486,0
81108,0
34552,3
59957,3
16253,3
56428,0
66521,0
28371,3
48580,0
67456,3
83581,0
75640,0
12006,2
76101,2
47069,0
16804,0
23287,0
28818,0
1371,3
67358,0
84848,0
81508,0
65415,0
52703,0
7428,0
14279,0
67993,0
1040,0
58348,0
21689,0
74998,0
85037,0
41683,0
37234,0
94973,0
80244,0
23198,0
55487,0
49061,3
67628,0
36525,0
1756,0
84264,0
19924,0
37867,0
4949,0
31879,0
33242,2
85146,0
94549,3
41401,0
49412,2
72982,0
96436,3
9780,2
64874,0
74783,3
51283,3
73190,3
70594,0
97935,0
48085,0
52148,0
52956,1
72855,3
45755,0
31340,0
35588,0
24733,3
33721,0
31196,0
262,3
90206,0
30758,0
20024,0
12434,0
95320,3
68384,1
60746,0
55886,0
83308,3
33380,0
29286,0
59862,0
68416,0
64693,0
83802,0
75882,0
50872,3
91556,0
37331,0
72385,0
79162,0
53774,3
93127,3
98213,0
66976,0
4344,2
38501,3
20422,0
65347,2
21181,2
8907,0
84689,0
94367,0
39103,0
65838,0
67366,3
48831,2
54490,0
87826,3
8349,0
65963,1
61240,3
74033,0
83904,0
46798,0
85008,3
19725,0
68266,3
27248,3
94134,3
16549,0
20837,0
42485,0
20004,0
86498,0
96835,0
85893,0
18884,0
55236,3
43254,3
64396,3
10884,1
51585,0
72575,0
82711,3
53015,0
67634,3
23440,0
80318,2
93599,0
6093,0
24552,0
32544,3
40718,2
53105,2
57331,0
24828,0
55966,0
4714,0
89555,0
54097,0
82111,0
42336,0
47316,0
18454,0
76723,0
61114,0
67155,0
50213,0
75909,0
84253,0
53829,2
29588,2
11594,0
32216,0
73382,0
95516,0
83735,0
77891,2
53451,2
47958,3
6672,0
63167,2
65874,2
81850,0
19843,0
92958,0
42591,0
87301,0
27207,0
75732,0
93181,0
6425,0
73879,0
76587,0
3868,0
85676,0
13531,0
78290,0
80934,2
95177,0
92388,0
31483,0
19783,1
53517,2
50342,0
52750,0
43512,3
87247,0
72355,0
88893,0
55950,3
11864,0
82142,3
98859,2
56447,0
97124,3
45362,3
98575,1
18033,0
36104,2
49311,0
29583,0
35684,0
36042,0
74737,3
37033,0
17842,2
52507,2
23481,0
52788,0
99563,0
62855,3
5847,3
56057,0
33678,0
1537,0
67546,0
19574,0
44694,3
32433,0
79955,0
60956,3
78803,0
10102,3
63282,0
91807,2
38679,0
67767,0
8335,2
43550,0
34312,0
6176,3
25367,0
97408,0
96302,0
91664,0
40774,2
59640,2
84503,3
86551,3
36466,3
97317,0
18433,0
54087,2
62263,0
23833,3
69394,0
5604,0
58965,0
31142,0
19946,0
75020,0
94872,0
96615,0
36170,0
49779,3
40347,0
38830,3
72189,0
38901,2
81894,3
66991,0
48096,0
10467,3
85507,2
19897,3
14498,2
48196,3
22022,0
5343,3
29125,0
41163,0
93774,0
8975,0
61540,3
46285,3
41564,3
94349,1
21396,0
31626,2
3875,1
57851,2
68764,0
88004,3
22321,0
34425,0
88958,2
79937,0
59568,3
29149,0
24467,3
79816,3
31147,0
81247,0
55577,0
90213,0
70826,0
63981,2
44065,2
95845,0
58993,0
9569,3
17200,0
61819,3
52114,0
16271,3
5917,1
36135,3
42826,0
77606,0
55756,0
70794,0
42413,0
70521,3
28617,0
13927,2
83148,0
12528,0
25351,0
35461,0
70380,0
48369,1
37117,0
20213,1
6887,2
81685,3
60223,0
48254,2
51486,0
90779,0
32093,0
62517,3
3017,0
62581,0
33847,0
73861,0
64743,0
77092,0
17366,0
41049,0
50100,0
35127,3
33097,0
34581,3
16200,3
17314,3
61120,3
63109,0
6153,2
23803,0
39429,0
55913,3
64802,0
66961,0
84066,0
80138,0
76572,2
22812,2
87707,3
88509,0
51301,0
92640,2
68704,1
23813,0
58930,0
16096,0
99878,0
48664,3
49092,0
86691,0
51718,0
37275,3
31946,0
8734,3
98609,0
71349,0
63289,0
68687,0
15741,2
82193,0
14763,3
27198,2
4204,0
30840,0
58141,0
53737,0
55510,0
40161,3
98015,3
59459,2
22094,0
66555,3
76210,0
77424,3
66304,2
60165,0
95434,3
22082,0
69445,0
89260,0
47799,0
41175,1
8273,3
1951,0
28118,3
27561,0
78002,0
4374,0
13714,2
225,0
10458,3
7991,3
25009,3
5713,0
43377,3
20722,1
76126,0
87075,2
50134,2
15661,0
56029,0
23931,0
30628,0
17664,0
84878,0
91160,2
65980,0
1942,3
53037,0
99817,2
75831,3
59399,3
8687,0
30942,0
71693,0
41022,0
11984,0
79735,0
80127,0
97819,0
63466,3
97877,0
18315,0
59262,0
66885,0
34938,2
30172,0
75988,0
97372,3
52981,0
1548,0
91011,0
19194,0
4966,0
47965,0
13844,0
62873,0
30886,0
16782,0
50603,0
79962,0
22887,1
7869,0
64197,3
7451,0
39034,0
87367,3
13465,3
86346,0
46776,1
27727,3
87778,0
9625,0
47808,1
38543,2
76894,3
29084,0
87443,0
32525,3
89578,0
66848,2
91818,0
16446,0
54902,0
19605,3
9755,0
89545,2
15764,3
24094,3
84077,1
76468,0
28850,0
78550,0
26486,0
43738,0
96033,0
71303,0
74001,0
29211,0
29239,0
899,0
38353,0
10264,0
18261,2
72699,3
36000,2
33471,0
84376,0
2868,0
2596,0
50596,0
74826,0
98871,0
44213,0
78334,3
21787,0
25151,0
13742,2
55244,0
8114,0
56871,2
75527,0
95552,0
80578,2
62497,0
14974,0
24202,0
55429,2
64778,3
14294,0
16858,1
96270,0
83316,3
48804,0
16834,0
66414,0
59801,3
45548,0
36743,0
8601,0
4398,2
8570,0
86312,3
1826,2
3717,0
38364,0
55035,0
27927,0
9938,0
83240,0
72501,2
30775,0
53100,0
83183,0
86491,0
88136,2
6479,3
15261,0
68170,3
5573,0
14025,0
28597,0
85448,0
17335,0
35223,0
13232,0
6121,2
37877,0
72635,0
57029,0
10117,0
30241,2
83375,0
94955,0
24519,0
63070,2
57745,1
31602,0
55511,0
93521,0
8142,0
55528,0
18336,0
52273,0
62054,3
12666,2
44839,0
48896,2
33947,0
47695,0
72485,0
38237,0
50055,0
22322,3
33145,0
41969,0
56242,3
12300,0
96433,0
21999,0
43003,0
18829,0
42637,0
86304,2
94443,3
52403,0
46009,0
97166,0
93089,2
46448,0
26430,1
22258,0
64043,0
31020,0
56437,0
7490,3
22746,0
44328,0
97798,2
19943,0
2039,2
47124,0
51317,3
54516,3
49576,0
46626,0
50992,3
32703,0
73265,0
83837,0
32453,3
86651,0
50832,0
37185,2
80641,0
19954,0
65584,3
84881,0
57861,2
97275,3
22957,3
13091,0
94265,3
9484,0
15082,1
51189,0
9648,3
58132,0
88456,0
33915,3
96497,2
30872,3
46664,2
25003,0
82395,0
75023,2
31180,0
52235,1
15855,0
19647,0
78425,0
32701,0
48146,0
39795,3
52986,2
12355,0
98144,0
32716,0
63546,3
45431,0
30361,0
70831,0
26601,3
10596,0
14490,0
1505,3
29996,0
37855,0
92685,2
7816,0
44157,0
945,3
31141,0
44111,3
79517,0
30893,0
99208,2
39970,0
49774,0
19958,0
82496,0
96705,2
2896,0
97297,0
89746,0
23173,0
92753,3
50802,0
64520,2
38519,3
13893,2
47101,3
15840,0
66693,0
44881,3
56346,1
2076,0
56529,2
23895,3
58264,0
54607,0
51737,3
28714,0
75877,0
33812,0
84912,3
72689,0
14257,3
45442,0
31477,2
56066,0
21730,0
34361,2
91265,0
89926,0
73652,0
42057,0
81528,1
97824,0
63527,0
34525,0
40266,3
47803,0
25467,3
57244,0
89816,0
44309,0
24400,0
86170,2
33209,0
22677,0
58116,0
93633,0
16961,0
60032,0
57634,3
71963,0
25857,3
97892,0
85500,0
16412,2
10516,0
47412,0
61647,2
53311,0
93441,0
21879,3
90606,0
31738,0
68050,0
74755,3
65990,0
320,3
39588,0
69211,0
34318,0
56783,3
49631,0
16930,0
69534,1
70281,0
56752,3
47299,3
51893,3
11266,3
16494,3
54959,2
30629,0
99819,3
95335,3
5366,0
67816,3
12768,0
2726,0
78110,0
71032,0
47672,2
25078,2
99647,0
9825,0
73153,3
65891,0
58864,0
80469,3
24212,0
39169,2
87,0
13041,0
18902,0
89919,0
6779,3
71161,3
57599,2
10751,3
61490,0
88170,0
67811,3
16579,0
50332,0
79546,0
11713,3
72692,0
92240,0
35054,0
52134,0
23283,0
66720,0
22110,0
45902,2
48094,0
84672,1
7139,0
86205,0
81703,0
68969,3
87231,0
5982,0
68198,0
91638,0
18118,3
16103,3
54484,3
36255,0
99931,3
59000,0
40205,3
89768,0
66136,0
80408,0
30080,2
61919,0
79726,0
34081,2
77384,0
37493,2
907,0
92455,3
16345,3
37931,2
92380,2
55369,0
41247,3
63877,0
96684,0
53008,0
71675,3
57740,0
14771,0
17228,1
26167,0
85186,0
14750,0
81845,0
21703,0
43281,2
77158,0
31158,2
97311,0
36553,0
10390,2
49542,2
2323,0
33763,2
37183,3
20959,0
12426,3
71447,0
84373,0
68829,2
27426,0
42822,2
19005,0
64335,2
84229,2
74216,0
92815,0
70492,0
45336,3
54966,2
83380,0
94476,0
38635,3
57559,3
58059,0
96776,0
35872,0
59615,0
84927,3
32523,0
37162,0
39251,0
56198,3
11322,0
94144,2
62559,3
7646,0
69583,0
93474,3
46999,1
29737,0
64069,0
10245,0
34374,2
18582,3
95802,0
33099,0
78302,1
8861,0
65005,0
84233,0
35043,0
78413,0
22202,0
12363,0
96912,0
44688,0
29572,2
3345,3
83393,0
79355,3
69434,0
92863,3
53125,3
96204,0
62563,1
31235,0
17447,0
39505,3
39893,0
36060,0
12497,3
74733,3
15664,3
37814,3
32108,2
19790,2
57801,0
39605,3
94399,1
25226,0
43501,0
732,0
64193,3
42174,3
87614,0
28766,0
84840,0
72978,2
11270,0
76088,3
14430,0
98275,0
69,0
61167,0
81189,0
99419,0
46979,0
89090,2
94044,0
27665,0
58474,0
47745,0
14967,2
78719,1
19314,0
54956,0
90771,0
43985,0
73655,0
8333,2
71569,0
13840,0
82636,0
96245,0
11177,0
33071,0
71538,1
42897,2
50047,3
64323,0
11592,2
46499,0
87487,0
30645,0
92456,0
79498,0
20412,3
78186,0
10952,0
22261,2
30498,1
59058,0
69408,0
42423,0
34959,2
13573,0
20934,0
23903,0
13304,0
93517,0
56812,2
41136,0
42145,0
91462,1
34703,3
30116,0
71676,1
14716,0
46698,0
98051,0
86140,0
17445,2
84770,0
61163,0
46667,0
1709,0
99054,0
72234,0
52262,0
39551,0
11546,0
67919,2
31423,0
82441,0
21774,0
58391,0
91180,0
3539,0
74660,2
12668,0
54774,3
13228,0
10636,2
41500,2
43063,0
73241,3
10907,2
58171,2
42777,0
95756,0
141,2
3317,3
89298,0
66898,0
82349,0
59388,0
82747,0
59020,2
83871,0
83819,0
37968,0
50883,0
26463,0
30973,1
69840,0
84002,2
93548,1
57121,0
44618,0
88065,0
91723,0
58484,0
17186,0
76801,1
51068,1
74106,0
53268,0
59465,3
73577,3
35513,0
75085,0
3524,0
7561,3
89850,0
21541,0
43433,0
80249,3
42553,0
94029,0
24362,2
98350,0
87900,2
52487,0
70495,0
2275,2
49274,3
84601,0
91038,0
75778,0
58350,0
23765,3
57005,3
71359,0
79652,0
54625,0
16926,1
59639,0
85509,0
89445,0
51185,0
35421,3
66607,0
27163,0
42431,0
11979,3
11484,1
85249,2
52564,0
66223,0
92454,0
37456,0
94725,0
32167,2
19800,0
34825,1
65122,3
73844,0
18639,0
70396,2
66134,0
61851,1
89898,0
32208,0
27908,0
82132,0
54001,0
65501,2
16696,1
24694,0
88744,0
13415,0
40945,0
88075,2
46492,3
53503,3
38992,0
87409,3
31605,0
83910,2
90667,0
33002,0
81668,2
8270,3
63140,1
44790,3
83583,0
60818,0
82451,0
4883,0
81654,0
76317,0
61131,0
1475,0
90160,3
15426,0
22419,0
43029,1
57440,0
66408,0
17791,0
47134,2
71238,0
78763,2
73122,0
75680,0
56036,0
19151,0
59434,3
56656,0
27171,0
97732,3
8979,0
29801,0
75799,0
64483,0
856,0
87353,0
10489,0
88779,3
89558,0
75186,0
30863,0
48195,1
39674,3
91355,2
40789,0
12016,0
24169,3
33732,0
756,3
12142,0
99177,0
32037,3
19106,3
98776,3
98389,2
41869,3
23837,0
50741,0
27922,3
40678,2
85176,0
92308,3
67329,2
21173,3
13740,0
28096,0
80350,0
86527,0
52031,3
27657,2
4326,0
88878,2
15461,0
53832,0
14372,0
33545,0
47114,0
84495,0
62200,0
27048,0
33869,3
94224,3
52326,3
75483,0
49917,0
78481,2
18333,0
87819,0
66402,0
37902,0
92968,0
19025,0
91876,0
92236,0
84579,3
1227,2
40345,3
18194,2
44169,0
70033,2
70096,0
46861,2
89353,3
9213,0
67613,3
24940,0
72989,0
61186,2
41995,2
61511,2
58999,3
30237,0
55199,3
56533,0
17576,0
87427,3
47882,0
80758,2
17168,2
35742,0
81396,3
13100,0
46026,1
97897,0
58696,0
25768,0
89193,2
63698,0
98561,2
29580,3
45635,0
62489,0
79556,2
29187,0
39567,0
81408,3
55091,3
2111,2
57084,0
88257,0
15204,0
59815,0
54427,3
14629,0
89635,0
54506,0
82039,3
84519,0
98462,3
87498,0
47760,0
22967,3
34381,0
56613,0
4024,2
77372,3
87162,1
37036,0
9933,0
87187,0
59475,0
54856,0
19105,3
98518,0
60867,0
2890,0
99523,0
28354,3
20812,0
20425,3
97971,0
93712,0
28827,0
54906,0
14438,3
50572,3
65114,1
22016,0
39357,0
85961,2
35274,3
79447,0
21615,0
56263,0
60796,0
30780,0
21039,1
84120,2
53964,3
11321,0
59803,0
81521,2
24559,0
86014,3
88073,2
54564,0
65196,0
18532,0
10130,0
37704,0
66642,0
21226,0
26944,0
64385,0
13459,0
1525,3
72339,0
99990,0
12575,1
37883,2
65994,0
544,3
52240,3
15367,0
65851,0
35377,3
2883,2
99728,0
30853,0
81682,2
91118,0
49091,3
47361,2
8311,0
486,2
14314,3
17878,2
60905,2
34366,2
98708,3
51771,0
59090,2
3569,0
12688,2
66880,3
19138,0
43756,3
95424,2
30565,3
17036,2
31390,0
63162,2
21299,3
54724,0
64314,0
67842,3
84716,0
56384,3
20393,0
68565,0
26585,0
74690,2
60301,0
47608,3
6468,3
10977,0
79469,0
36547,0
11145,0
76089,0
92110,0
80739,0
56261,0
88421,0
29977,0
22949,0
32823,2
4464,0
22302,0
37261,0
56237,0
83139,0
17492,0
76047,0
85126,1
79985,0
96568,0
65777,0
25766,0
68709,3
80502,2
70379,0
47493,0
2566,0
1581,0
31372,0
79496,0
54206,0
78772,0
20540,0
73761,0
43449,0
38998,3
8543,0
77154,2
36500,0
94747,2
29314,0
78701,0
77183,3
21144,0
92973,2
17707,0
97448,1
81180,0
2763,0
36094,0
76026,0
30905,3
84902,0
4175,0
31427,0
61564,2
44538,0
6097,0
11616,0
75125,3
22498,2
74745,0
53156,0
34748,0
48110,0
74574,0
12808,0
99256,2
93499,0
4694,0
19287,0
20631,0
29573,2
1495,0
95391,3
13930,0
29788,0
80827,0
86644,0
32138,0
85612,0
79165,0
70051,2
88015,0
35016,2
90829,0
17196,0
21748,0
30652,0
999,0
61439,0
12131,3
80658,2
27274,2
89862,0
86287,0
67802,0
98766,3
1477,3
41496,0
29745,0
18410,0
38762,3
11198,2
6461,2
25035,3
12832,0
67094,0
4247,0
35929,0
78513,0
14807,3
53760,0
48716,0
76428,2
17817,0
61778,0
99525,0
25526,3
58528,0
46017,0
72977,0
47315,0
35678,0
42711,0
11605,2
14634,0
28608,3
75213,0
30654,2
72113,0
45213,0
89207,1
12799,0
84580,3
3083,0
92406,0
33480,0
87135,0
341,0
63984,3
14712,2
18852,0
54589,0
77718,0
48723,0
3952,3
8015,0
5553,3
5337,3
5563,0
60416,0
20196,2
52669,0
1720,0
64732,3
14154,3
80043,2
87714,0
54163,0
56494,0
33419,0
1451,0
12179,0
13080,0
46942,3
40887,0
17915,0
18680,2
63785,0
38968,1
2007,3
31785,0
81764,3
8286,0
67060,0
1346,3
87896,1
84711,2
70748,0
45726,3
48180,0
73041,1
2008,2
41325,2
71082,0
25455,0
94386,3
99682,0
417,3
54660,0
12907,0
53851,2
60397,1
5354,0
85807,2
98631,0
67487,2
52813,0
20158,0
94398,0
60217,0
22131,0
24340,0
83164,0
47736,2
69598,2
95476,0
9241,0
4359,0
54904,2
1816,1
10024,1
44919,0
38959,0
24569,3
26772,0
20555,2
39062,2
40564,1
71994,0
78362,3
3793,0
92064,2
65608,0
101,0
5710,3
8469,0
68989,3
78459,1
51048,2
43268,0
48889,0
71894,0
13575,2
11606,3
28407,0
58924,0
50010,0
32252,0
23413,0
65479,0
77258,0
99799,2
80698,0
1005,0
92209,3
18002,0
76930,0
69159,0
94634,0
67917,2
82444,0
94576,0
46338,0
17439,3
1901,0
97531,0
6274,0
71633,0
57496,0
86284,0
39653,0
19088,2
68462,0
20991,2
45524,0
21901,0
50298,0
38596,0
98942,0
278,0
62654,0
55585,0
69299,0
64685,0
93323,0
38025,3
48617,3
18775,0
68894,0
52972,2
86598,0
5632,0
80015,0
54019,0
13983,0
14835,0
12017,3
70076,0
91755,2
50732,0
64113,0
56605,0
36700,0
24419,0
53317,2
16634,0
9485,0
21821,0
98667,0
78902,0
73788,0
73606,3
15093,0
89069,2
93819,0
54709,0
47451,0
84183,0
23155,2
19075,3
89621,3
40455,0
36965,2
641,0
45273,0
29822,0
89452,1
48209,2
75980,0
45329,0
95799,3
38218,0
57514,0
28140,0
45733,0
38312,2
76766,0
49992,0
85441,0
67375,0
78988,0
82485,3
85387,0
27588,0
45710,0
8677,1
74911,0
38019,0
70395,3
89450,0
15989,0
955,0
94581,0
93796,0
56312,3
70649,0
30970,0
4840,0
78606,0
74204,0
77034,0
49219,0
8337,2
7927,0
17488,0
74658,0
10659,0
41577,0
93882,2
2018,3
78330,0
82057,0
69100,0
96922,2
38695,3
45113,0
39434,3
49349,0
96066,1
8413,3
5833,0
41157,0
29642,0
15867,0
40882,3
62262,0
19599,0
47744,0
60579,0
12663,0
91137,3
83954,0
15860,0
28013,0
92363,2
9403,0
6818,0
48136,3
15173,0
71208,0
26431,0
28286,0
19693,3
61273,3
13625,0
55425,3
44532,3
20279,0
14969,0
27358,2
59009,0
60740,0
29958,2
31511,0
91259,0
10094,0
93015,3
78945,2
76638,3
69014,0
39253,0
62909,0
85903,2
14511,0
1811,0
42595,2
49038,0
31063,0
87416,2
63826,0
81106,0
80513,2
74716,0
897,2
51463,0
25350,0
58953,2
81393,2
63084,3
14912,0
91598,2
45826,3
82698,0
12759,1
18097,0
10962,3
43693,3
32137,0
5075,0
94952,0
98726,0
21932,0
7784,0
16825,0
49540,0
96153,0
73468,0
91796,0
38300,0
83798,0
46635,0
90589,0
45693,0
86542,0
31565,0
19260,0
9489,3
86626,1
77256,2
6539,0
20202,0
77969,3
29070,0
3402,0
74028,0
9460,0
34972,0
28831,0
84103,2
10217,0
92783,0
86595,0
91689,0
63842,3
44744,0
21004,0
36930,2
77226,0
69138,0
48066,2
54828,0
56970,0
72477,3
85724,0
58356,3
75638,2
27929,3
45980,0
85596,0
82846,0
35010,2
57139,0
20753,0
42565,2
63372,0
7611,0
6393,0
90145,0
65495,0
98260,0
99435,3
23989,0
20203,3
25950,0
65881,3
75775,2
8068,2
64619,0
46760,0
56059,3
38320,0
38575,0
94832,0
45581,0
64418,0
72915,3
47055,0
9404,0
65749,3
98975,0
41190,2
39985,0
7193,3
61187,2
23181,0
3651,0
34493,1
41855,0
96979,0
42917,2
71648,3
50787,0
14322,3
57436,0
87988,3
78443,2
36246,0
60876,3
43048,0
17864,3
92041,3
43414,0
15958,0
21605,3
71119,0
99844,0
23687,0
20290,0
97011,0
50202,0
73551,0
91459,0
64005,0
26314,0
7011,0
54376,3
57534,2
40613,0
47220,3
49573,0
87219,0
90112,0
43930,3
38253,2
63876,0
25411,2
86510,0
69271,0
19863,2
26265,3
81856,3
41006,0
85598,3
9660,0
66602,0
20458,0
20516,0
73526,3
17009,3
48092,0
37317,0
41571,0
5087,0
59570,0
8467,3
21875,0
33428,2
52373,0
86821,0
28785,0
33124,0
47602,0
11148,0
90575,2
30390,0
48821,0
9728,0
25040,0
67693,2
25379,0
35675,0
30724,0
63521,0
43633,1
75834,3
81555,2
73827,0
9226,3
43819,0
73225,1
83038,3
97764,0
80664,0
43181,0
17426,0
33185,2
92554,0
30419,1
71135,0
76334,0
3919,0
23939,2
69927,0
34437,3
99111,0
10772,3
12629,3
74854,2
67100,2
26763,2
42081,0
42196,2
51641,0
77067,0
1521,2
61027,0
39906,0
68111,0
31622,3
62590,3
4007,0
82701,0
80606,0
46759,3
42103,2
13341,0
82473,2
22463,3
55885,0
66481,0
54866,2
30046,0
59335,0
92792,2
47683,0
21364,3
9104,3
9322,0
74436,0
63721,0
69642,0
52293,0
34845,0
77579,2
80501,2
10749,3
15754,0
94769,0
46597,0
29298,1
2025,0
5290,0
9821,0
77439,0
77958,0
40793,2
96101,0
88337,2
34717,1
43329,0
75504,0
77497,2
57486,3
99536,0
88240,0
57834,0
11240,2
3175,0
45351,0
82030,0
81602,2
55448,0
32577,0
26961,0
76346,3
64447,1
95378,0
71593,0
38710,3
28218,0
21387,3
90862,2
31032,2
5530,0
42673,2
12119,2
39158,0
91952,0
27571,0
7179,2
61340,0
74965,0
70656,0
71805,0
83228,2
73727,0
39366,0
74969,3
23726,2
93770,0
9769,0
66053,3
63047,0
11482,1
84633,0
65261,3
5999,0
61376,0
25135,0
3062,0
65014,0
54219,3
62461,0
374,3
50032,0
81347,0
14271,0
39613,0
27968,0
67339,0
32646,2
45225,0
64973,3
88177,3
57973,0
32765,3
57453,0
92206,2
21120,0
63446,0
14499,2
16147,0
2731,0
95124,3
67332,0
6912,2
21682,0
8703,3
62029,0
39765,3
39697,1
10228,0
60199,3
87158,0
99907,0
47011,0
18464,0
51722,1
34391,3
46585,0
3272,2
80435,0
33651,2
11279,3
53899,0
63990,0
60975,0
70580,0
24140,0
31690,0
50486,3
87054,3
55026,3
2073,3
71206,3
45091,0
5336,0
12604,0
11632,0
31432,0
80705,0
44749,3
8447,2
50660,0
12210,0
78427,0
30380,0
84431,3
55873,0
57850,0
29856,2
29604,2
88053,1
792,0
42337,0
34837,1
1303,0
1133,3
89436,0
77995,0
113,3
9591,0
87000,2
14694,3
75420,2
27624,0
35353,0
7664,0
81195,0
65149,0
22980,0
64503,0
1057,0
66830,0
69575,0
48562,0
11633,0
20980,0
53079,3
13982,0
62109,3
27835,0
44561,2
5929,0
23796,0
70724,0
85944,2
34640,0
68801,0
57656,2
96573,0
52662,0
27974,0
67896,0
32549,0
44158,0
5658,0
69767,0
51795,0
63557,0
11476,0
29577,0
38726,0
76379,0
66445,0
64727,0
74182,0
13213,0
90565,0
2626,0
54870,2
71655,0
39455,2
11276,0
85262,0
12397,2
45479,0
14592,0
72047,2
93461,0
5503,0
22740,0
18151,3
19296,0
55079,2
46877,1
77141,0
53368,0
55985,2
22182,3
90792,3
94194,3
7052,0
79655,0
61769,0
9771,0
15309,0
56811,0
28161,0
4956,0
4153,0
17229,3
43312,0
17713,0
49594,0
30212,0
88808,0
89096,3
90000,0
67835,0
24535,0
84599,0
33581,0
17139,3
42655,0
94569,0
34311,0
62759,0
83932,0
39323,0
83137,0
33520,3
22907,2
75242,0
21082,3
1363,0
34508,0
60778,0
68540,0
51315,0
14714,3
70364,3
95106,0
64586,0
16156,0
18210,0
11705,3
82543,0
37875,2
87833,1
60263,3
4527,0
44401,0
61695,0
95150,0
3043,1
76396,1
43697,2
35057,3
33037,2
40126,0
89471,0
71875,3
80621,2
44066,0
53114,0
45501,0
40416,0
72271,0
58456,0
9034,3
33831,3
79824,0
91201,3
9469,0
95410,0
26076,0
50240,0
33414,2
3596,0
359,3
14842,0
60100,0
77722,0
18955,0
60537,0
89899,2
17101,0
69305,0
43731,1
84437,0
11768,0
50229,0
49750,0
49116,0
51772,0
5461,0
22478,0
19417,0
33848,0
70984,2
25978,0
82957,3
91802,0
38153,0
50199,0
10658,3
33237,0
82486,0
88626,0
73473,0
94385,0
81782,2
20545,0
5990,0
35698,0
91420,0
8889,0
45762,1
31839,0
67189,0
25593,3
66741,2
28611,0
18924,0
27247,0
78462,2
25437,0
94353,2
73877,0
55065,1
50995,0
22943,2
62870,0
21717,0
705,0
96860,0
60803,0
79360,0
81373,2
95613,0
74893,3
28023,0
69304,0
45834,3
99339,0
30156,0
31492,0
39899,3
89643,3
12926,0
99895,0
45633,0
61435,0
28656,3
98670,0
56496,0
10277,1
55100,0
52108,0
3312,0
80596,0
96488,0
86383,3
75482,0
3341,0
39550,0
20642,1
371,0
1629,0
98396,0
10641,0
26045,3
86684,3
60512,0
74307,0
52001,0
34875,3
4156,0
52767,0
18576,0
29163,0
89133,0
85898,0
36496,0
56406,3
55283,2
23616,2
44893,3
57586,0
61283,3
80473,3
36609,0
40777,2
33300,0
82854,0
1927,0
90696,2
41094,3
54991,0
4284,0
48390,2
90170,0
82042,0
10220,2
18188,0
42197,3
84979,0
19932,3
58461,0
4185,0
97210,0
80770,3
67969,0
84824,3
74529,0
33020,0
4503,0
64143,0
15305,0
80561,3
19160,2
69607,0
33882,0
18951,2
83639,0
11600,0
65488,3
33039,0
48901,3
46606,0
44304,0
1436,0
49102,0
32184,3
32874,0
59248,0
73182,1
99531,2
96697,3
55054,0
17597,0
25232,2
22494,0
79925,0
84446,3
6977,0
97157,0
34294,0
32244,2
77184,0
43907,0
21814,0
65503,0
86849,0
88857,0
12645,0
39003,2
34877,2
49066,0
20857,0
36237,0
97101,0
62582,0
78919,0
14267,2
41281,3
57972,0
55954,0
12848,0
47898,0
62007,0
1327,3
23302,2
97208,0
73726,0
53258,0
2522,0
70145,0
97586,0
69708,0
83488,0
61179,2
80685,2
48876,0
11905,0
60161,0
45077,2
55226,0
20147,0
23178,0
40086,0
85658,3
12450,1
27879,0
76348,0
54396,0
50922,0
57868,0
5076,0
23227,2
39261,0
82004,0
7538,0
85399,0
53985,2
61729,0
8766,1
27332,0
80356,0
41465,0
52105,3
93262,0
84627,0
55387,0
30632,0
9744,2
40004,0
27547,2
83056,3
90963,0
40220,0
15743,0
41845,0
71168,0
62343,0
61858,0
78463,1
51088,0
83,3
48882,2
14052,2
75743,0
1360,0
99313,1
33955,0
96915,0
33451,3
34079,2
72361,0
79854,0
50136,3
91676,2
58697,0
20748,2
96981,2
11348,0
13200,0
41436,0
90261,0
42710,3
96255,3
77135,0
253,0
92589,3
31206,3
83621,0
4683,0
26027,0
30950,0
33210,0
57904,0
73096,3
34412,0
84872,0
47796,0
6011,1
12870,3
19133,0
32346,0
73929,0
43493,2
4601,0
48578,2
2081,0
49248,0
31950,3
13223,0
62721,1
47594,0
54292,2
3226,0
50663,0
74984,0
94481,0
25148,3
21903,3
85617,2
49809,3
75002,2
26135,0
91332,0
30055,0
43617,0
50487,0
22898,2
11628,0
79459,0
91637,0
19889,3
45491,0
25744,3
37682,0
32302,2
74842,0
21029,0
79455,0
74088,2
9643,3
10470,2
45744,0
2657,0
36315,0
49483,0
5587,2
39465,0
7803,3
12342,0
60477,0
30126,0
98322,0
74193,0
15110,3
70541,2
31195,0
49649,0
54478,0
59763,3
27259,0
78221,0
22892,0
14487,0
53537,3
83479,3
7818,3
23216,0
98343,0
64849,0
21766,3
44652,2
97582,0
59315,0
73540,0
73263,0
85296,0
77130,0
62799,1
71821,1
81775,0
48446,0
21831,2
87152,0
13918,0
29617,0
23344,0
18923,0
36235,3
59939,2
38526,0
92150,0
84693,0
89451,0
10875,0
98028,0
15308,3
44607,2
60737,0
27538,3
58689,0
93910,0
46829,2
68883,0
60774,3
8864,2
60829,1
98335,0
73172,2
20669,0
82623,0
77290,3
67221,1
74277,3
77219,0
10717,3
44135,0
24183,2
5430,0
63330,0
60887,0
63479,1
54545,0
85239,0
16895,0
382,3
61030,0
50184,2
90079,3
45187,0
37218,0
20948,2
11504,0
19741,0
95107,0
40318,3
38547,3
26743,0
75900,0
60231,0
98686,0
73931,2
26613,0
91070,2
24767,3
44851,0
52952,0
86874,0
7684,2
63326,0
95068,0
52131,0
16695,0
63059,0
28561,0
51399,3
22100,0
15097,0
89443,0
65455,3
1100,0
55032,2
6359,0
58659,3
21811,3
12269,3
16502,0
13172,2
91364,3
57882,3
11195,0
44154,1
58665,0
76848,3
17193,0
78394,2
5559,3
61959,0
66501,2
65953,0
60328,0
34886,1
38227,3
98409,0
24859,0
94227,2
35102,2
64628,0
18146,0
88572,0
42140,3
39188,3
23911,0
51121,1
41337,0
44624,0
49528,3
77329,0
50481,0
40611,0
54470,0
84664,3
69072,3
88935,3
42347,0
82162,0
25201,0
49444,0
80059,0
14432,3
91648,0
69143,0
18652,3
85918,0
3692,3
99700,2
20298,0
6447,0
18778,0
86981,2
28805,0
79843,2
68810,0
67137,0
28386,0
53854,2
27726,2
67482,0
35642,0
85548,2
17289,0
41235,0
71585,0
49411,0
61912,3
74681,2
37757,2
2365,0
50407,3
87438,3
78981,0
84343,3
54282,0
99159,3
28284,0
45682,0
22235,0
27526,0
4339,0
83848,1
27310,3
51584,0
83622,0
81551,0
53318,0
32321,3
6238,2
19150,0
7389,0
79700,2
17122,0
28970,0
45705,0
81571,0
40501,2
84766,3
54782,2
33862,0
81641,0
44229,0
82167,1
91319,2
40786,3
98047,3
30228,0
96829,0
77047,3
91779,0
19876,0
56101,0
46001,0
60886,2
50796,0
24049,0
74422,2
98141,0
68407,2
70851,2
50498,3
98368,0
24657,3
21462,2
68780,2
4653,0
6237,0
19704,0
71330,3
99603,0
5106,0
53265,0
57833,0
70346,3
5906,0
430,0
87981,0
7914,0
68003,3
26789,0
3135,0
29268,3
41126,0
23210,0
92279,2
3924,0
59477,3
32984,0
42328,2
6870,0
51874,0
41373,2
13222,3
53981,0
95635,0
89998,0
38477,0
40516,0
95232,0
34296,0
25935,0
59665,0
67420,0
32345,0
66688,2
58075,0
73673,0
17968,0
83883,0
69662,3
55426,0
37979,0
89249,0
23161,0
62222,3
20126,0
17084,0
40007,0
33198,2
45801,0
81480,0
60124,0
99400,0
1625,0
28426,3
57213,0
20735,0
87560,3
32342,0
7661,0
41846,3
43040,0
59361,0
92153,3
4857,2
81959,0
99776,0
77739,2
58538,3
34328,0
7174,0
48003,0
97589,3
80242,0
64560,0
68768,0
36311,0
62843,3
99586,0
98025,2
69600,0
398,0
8374,0
41310,1
16020,0
33593,0
56182,0
56150,0
496,0
73308,0
41947,2
25678,3
73464,0
16812,2
29579,0
46674,3
37326,2
62850,0
9398,0
35072,0
62543,2
88538,0
26205,0
14301,0
17644,0
57153,0
68432,1
97282,0
45376,0
95559,0
54146,0
18456,0
43751,3
63389,0
55576,3
80672,2
1055,0
12581,0
75755,0
12674,0
44312,0
5650,0
47157,2
94536,0
68008,3
74712,0
44573,3
59426,0
18121,3
63635,0
59778,3
42055,0
39741,0
35329,2
511,3
61761,0
88720,1
86639,2
91412,0
97313,0
71438,0
6921,0
41904,0
9335,0
15009,0
85664,0
40101,0
93640,0
29533,0
95594,0
30213,0
90938,0
1515,0
60384,0
1845,1
40923,0
63210,2
23419,2
23270,0
22223,0
15503,0
6673,0
71503,2
35682,3
51354,2
70838,0
82376,1
8433,0
23977,0
89625,0
9810,3
45210,0
87893,0
30794,0
61116,0
84494,0
95565,0
71533,2
19573,0
66026,0
77527,0
82790,2
75972,0
88710,0
6015,2
89281,3
26673,0
86998,0
77123,0
6327,0
90203,0
14310,3
42915,0
49077,2
40565,0
55867,0
34732,0
84618,0
63323,0
84422,0
4086,0
19781,0
45552,0
74625,0
4866,3
92787,0
95458,0
56715,2
90593,0
36755,0
34147,0
25848,0
76115,0
16118,0
17345,3
36750,0
44981,0
71057,0
51423,0
55375,3
17454,1
83059,0
2060,0
25283,0
72168,3
59873,0
53684,3
41913,2
68841,0
44569,2
90928,0
17258,2
24691,0
3259,0
18929,1
9823,0
13896,0
54661,3
12237,0
94707,3
63025,1
44698,3
81088,0
5427,0
79807,2
96594,0
86768,3
58731,0
32651,0
54033,2
50733,0
97273,3
62213,0
19267,3
83417,1
52388,0
25174,0
19442,2
21476,0
28701,0
95350,0
42158,3
92118,0
85124,1
99816,3
40725,3
6307,0
89631,0
38785,0
92359,0
47088,2
94193,3
51388,0
90011,3
92071,0
41667,0
71254,1
70684,0
22481,0
18027,0
92703,0
92250,0
18491,3
83752,0
31437,0
400,0
54725,0
92102,0
10783,0
48676,2
23079,0
46157,1
86854,0
44269,3
93954,0
85129,0
19255,3
52263,3
37658,2
14613,2
52087,0
49529,0
29284,3
76564,0
1145,0
37368,2
78358,0
88028,3
8936,0
72576,0
46641,0
36603,0
22944,0
9313,0
38232,0
3932,0
93843,0
68953,3
45242,2
54667,3
23203,0
53541,1
81878,0
88754,0
71282,1
88932,0
49964,0
59609,0
16231,3
21551,3
82767,0
13253,0
66822,3
4092,0
98082,0
57783,0
34798,0
62046,3
95575,0
14183,0
8077,3
40460,0
14334,0
81670,3
53006,1
67343,0
61583,0
31540,0
19978,0
79417,0
68508,0
332,0
10011,0
36048,0
79467,3
6039,3
10075,0
73369,2
53588,3
43688,0
50156,0
30880,0
11772,3
28156,0
2050,0
87150,0
27035,0
47433,0
11963,0
44925,0
59975,0
64534,0
28518,2
14355,0
85080,0
90326,1
68925,3
80879,2
43303,3
54635,0
35391,0
39797,2
11551,0
96795,0
34032,3
52715,0
14125,1
70496,0
56935,0
53176,0
23092,0
20693,0
90783,0
71708,0
49464,0
82332,0
18314,3
67939,0
7331,2
13847,0
52185,0
93994,0
57767,0
16827,0
73342,0
41350,0
92242,0
23237,3
49614,0
10993,0
25742,0
74626,0
58631,3
17522,0
82493,0
54118,0
72672,0
91243,0
30656,3
41878,2
37803,3
88955,0
23899,0
7215,0
29981,0
22305,0
25268,0
42422,3
74296,0
8475,0
57369,2
9068,2
2828,2
25682,0
79890,0
72488,0
67340,0
89867,0
86545,3
49859,0
38250,2
19286,0
14583,0
46512,3
58159,0
82070,0
59714,0
92078,0
88957,0
46189,0
98080,0
13669,3
10342,3
61827,2
2525,2
7586,0
55565,2
14601,2
48801,0
38220,0
1527,0
38075,0
30969,0
6865,3
78502,0
53370,0
89874,0
12004,0
8282,0
32820,0
85855,0
6184,2
61898,0
72184,0
89986,2
9238,2
58142,0
26203,0
53334,2
15489,0
18482,0
48644,3
31402,0
50069,0
39573,0
93862,0
92389,2
27503,1
35904,0
18429,2
52774,3
59953,3
50534,0
73969,2
45805,3
53291,1
32076,0
36123,0
37265,2
58437,3
64114,0
5353,0
67047,0
73900,3
73620,3
93133,0
10531,3
59942,0
62192,0
19254,0
48988,0
23249,0
40191,2
64753,0
79065,3
23675,3
17875,0
89541,3
43262,0
18246,0
68551,2
30491,0
2308,0
53897,0
88102,3
56594,0
78296,3
50011,0
89293,0
5546,0
56273,0
11840,0
60289,0
85055,2
86564,0
44768,0
90973,3
49541,0
42924,0
24511,0
53184,0
47276,3
5783,0
43938,3
2738,0
31097,0
60470,0
16791,0
35125,0
79444,2
23960,3
66228,2
15092,2
21563,3
61607,1
73246,0
56021,0
38865,2
94307,3
76659,0
13975,1
20633,2
16838,1
7032,2
26281,0
11407,0
18112,3
13018,0
46497,0
76518,0
31589,3
10784,0
10173,3
55339,0
39887,2
93487,3
72376,0
40163,0
63386,0
32262,1
38438,0
86115,0
68595,0
31730,0
59410,0
30148,0
49004,0
78157,3
33125,0
77248,0
54669,2
67566,0
52922,3
20926,3
51698,0
90942,0
29484,0
5795,0
34557,0
55438,0
80479,2
3713,3
67746,0
46352,2
95108,0
96394,3
20695,0
2289,2
21281,0
87589,3
95994,0
84279,0
70861,0
20778,3
1691,2
92164,0
67222,3
75946,3
85093,3
57607,0
14162,3
50616,0
59786,0
7445,0
16885,0
71803,0
29776,0
21836,0
80145,0
69732,0
56931,2
29895,0
40395,0
92367,2
68324,0
39383,2
85870,0
86604,0
30793,2
23591,3
78259,0
39851,0
83304,0
82295,2
81470,3
62631,3
82449,3
21276,0
41245,2
68382,0
95576,2
68773,3
95200,0
81144,0
26299,0
60549,3
58728,0
79284,2
52934,1
65391,2
4441,2
28270,0
61086,0
96016,0
6506,0
3861,2
34658,0
28870,0
68949,3
67791,3
63275,0
15581,0
12171,3
48957,0
68314,0
46989,2
32090,3
9907,0
67864,2
24530,0
5298,0
56061,3
22869,0
46548,0
82867,0
14357,0
67751,0
4162,0
53809,0
63318,0
75007,0
92175,2
75786,0
45008,0
99584,0
26313,3
56618,0
66333,0
97189,0
65288,3
10091,0
9136,0
63253,2
93183,0
50618,0
23613,2
23773,3
14467,0
50716,0
96910,1
55276,0
34271,0
6456,0
76596,0
64759,3
82145,0
46297,0
84518,0
32020,0
75015,0
89417,0
89042,3
72669,0
19949,0
34841,2
3098,2
56330,0
82850,0
95382,0
53343,2
86613,0
85518,0
53083,0
28242,3
34448,3
59263,0
46079,3
58107,2
25189,0
38579,2
52406,3
2167,0
42991,3
63079,0
76687,3
875,0
11773,2
66043,0
91105,0
6591,1
10699,0
20398,0
14342,0
22496,0
60977,3
34990,3
77282,0
32811,3
54302,3
33281,0
29101,0
84885,3
55620,2
77440,2
39276,0
25513,0
94229,3
83886,0
33662,0
52785,0
94083,0
7352,0
73022,2
48768,0
84261,0
15696,0
59012,3
31579,2
81261,0
8504,0
61322,0
27433,2
47180,2
21107,0
81186,2
73318,0
98802,0
54414,0
23075,0
29799,0
50260,2
73915,3
59794,0
23640,0
32528,2
83662,0
33727,0
30817,0
73489,0
93609,0
48004,1
4485,2
4976,0
60276,2
35367,3
75300,2
12994,1
44808,0
35147,0
70974,0
2526,1
86590,0
35037,3
423,0
45604,0
3451,0
46390,0
61203,0
80301,0
79235,3
4430,0
98125,0
68353,0
98988,3
26934,0
21431,2
79408,2
65252,0
7453,3
88676,0
19397,0
61108,0
2177,0
35938,0
46392,3
91627,2
44461,0
98688,0
35951,0
64971,0
40715,0
55947,2
84456,0
85723,0
92695,0
93701,1
84690,0
5330,0
5081,2
40750,0
88104,0
76913,0
37127,1
93401,2
25412,2
50216,0
24455,0
40951,3
73567,0
34605,2
65163,3
65312,3
10502,0
62203,0
39273,0
66477,2
49756,1
30924,0
37272,2
53505,2
9445,1
42871,0
35796,3
48912,0
32602,3
62621,0
42130,0
30309,2
34228,2
95606,0
27857,0
70223,0
88106,0
61420,0
43665,0
63550,0
71592,0
55574,0
54704,0
23126,0
67562,2
48545,0
2117,0
68218,0
94138,0
12339,0
88156,0
74478,3
45088,2
89485,2
97414,0
59109,3
86538,0
75602,2
45560,3
22672,0
19822,2
66332,2
18761,0
40322,2
67207,3
63695,3
25257,0
79434,2
31164,2
23414,0
5608,0
87784,0
65827,0
89917,0
81583,0
79806,0
67071,3
66420,0
75346,0
96902,0
89489,0
89336,0
34694,3
36539,0
713,0
89856,0
74720,0
45617,0
1229,0
1077,0
7410,0
41115,0
50067,0
54397,3
70311,0
34418,0
93435,0
23592,0
53805,0
30734,1
94127,0
85619,0
17358,0
52884,0
93811,3
24158,1
17701,2
85005,0
69835,0
33410,0
98369,0
69065,0
84549,0
95790,2
13603,0
73975,2
17035,1
64991,3
95487,0
35617,3
69444,0
17785,0
51954,0
5784,0
8927,0
36117,0
83777,2
25635,3
38893,3
36938,3
3910,3
18847,0
50860,0
57611,0
86641,0
41013,3
8043,0
92617,3
86968,0
56647,0
21629,0
15023,3
55561,0
5435,0
1241,0
99234,0
33043,0
12982,0
74544,0
48503,0
42831,0
42772,0
71605,0
93838,0
75301,3
80498,3
19489,0
87333,0
21644,0
17329,0
64262,2
3621,0
61128,0
70902,0
24976,0
7972,0
89056,0
60901,0
70247,1
85886,3
92255,0
35201,0
55982,0
54081,0
50702,0
87983,2
66125,3
59019,0
29525,0
49913,2
43044,2
54826,2
62363,0
62998,0
27103,2
96893,0
50182,3
78596,0
73712,3
1520,1
43816,2
39427,0
71157,0
89518,0
79537,0
34067,0
3898,3
67147,0
43947,2
35503,3
66300,0
42339,0
53696,1
51287,2
89585,0
97880,0
47177,2
24631,3
18751,0
47046,0
69034,2
7029,0
43160,3
43982,0
39604,0
61068,0
39137,0
81119,0
40662,0
37198,0
39313,0
14420,2
76095,0
92174,0
8154,0
26015,0
7095,0
19279,3
96113,0
76290,0
95772,0
1110,2
82894,0
39437,0
82232,0
98896,0
4164,3
30342,0
66516,0
70519,0
85604,0
52731,1
31796,0
98591,0
54687,3
67197,0
91683,0
59254,0
24824,0
46959,0
6780,0
26334,3
75965,3
33963,0
93018,0
72414,0
36446,0
19012,0
43675,3
25537,0
6470,0
53288,1
35567,0
54007,0
46205,0
23138,0
61587,2
79359,3
89453,2
73377,0
78284,3
7117,0
13718,2
58828,2
76593,0
17244,2
96591,3
79216,2
47714,0
47621,0
75769,0
16861,3
21534,0
87171,0
22216,0
73952,0
68228,0
29813,0
55890,0
22637,0
30103,0
86057,3
39151,0
72798,0
4554,0
18465,0
55263,0
84965,0
30016,0
25929,0
11259,0
59391,2
85190,0
15399,0
50578,3
84758,3
1437,3
22298,0
87649,0
33506,0
22539,0
82729,0
36266,3
53296,2
36719,0
9185,2
86596,3
70632,3
22761,3
25704,0
3222,3
99323,0
82009,0
41748,0
70948,0
11690,0
66229,3
85252,1
89322,2
41042,3
56306,3
44156,0
11967,0
97911,2
62415,0
64437,0
96023,0
83036,3
81639,2
75248,2
32491,0
91924,2
57191,0
73807,0
49498,0
61263,0
73289,0
50693,2
24040,3
42836,3
82546,0
92994,0
72697,0
249,0
91277,0
9456,3
56939,0
9712,0
79607,0
43484,3
8237,0
19596,0
79203,3
49922,0
96246,3
90755,0
77687,3
42169,0
3709,3
93103,0
25737,3
39690,0
98294,1
32596,0
32861,3
56296,0
22400,0
16372,0
11099,0
26581,3
34275,0
94651,0
61262,1
93876,3
76112,0
58859,0
23658,0
25793,0
14521,3
50270,0
23647,0
97873,3
94917,0
36518,0
39418,2
31524,2
51813,0
13842,0
65450,0
98068,0
59247,2
99255,0
80811,2
58780,0
25598,0
36012,3
2633,0
33098,0
49871,0
53364,3
64177,3
15171,2
28002,0
3058,0
83675,3
91635,3
51236,0
38144,2
43305,0
15909,0
75032,0
44173,0
12419,3
39638,3
82474,0
2655,3
31687,2
72929,0
8451,0
93197,0
86873,0
43310,0
6003,0
64093,2
1010,0
34216,1
11437,2
33324,0
80860,0
6167,0
19270,2
64327,3
40470,0
75578,2
1975,3
65378,0
50888,0
43894,0
71301,0
72562,3
41586,2
35792,0
24758,2
31763,1
67676,1
1675,0
10106,0
78335,3
99407,0
75475,0
90442,0
2292,0
88088,3
55205,0
44095,0
53043,1
14070,0
69721,0
71069,0
2385,0
92159,0
92809,2
13398,0
49807,0
96976,3
70055,0
76303,0
98325,0
77598,0
83358,0
89684,2
76164,1
22385,0
7577,3
83295,1
5832,3
38702,0
79025,3
46195,2
83885,0
88722,0
14857,0
76488,0
61633,0
56586,3
71253,3
3340,2
25221,3
60616,3
89660,0
34684,0
89612,0
52727,0
310,3
5927,0
68548,0
92352,3
78354,3
29716,0
69233,0
25061,0
60316,0
44722,3
58392,2
99484,3
67163,3
66161,0
73299,0
57663,3
70942,0
8886,0
19002,0
12812,0
13344,0
98268,0
84415,2
43737,3
9948,0
72734,0
53387,0
41011,0
92322,0
86957,0
18841,0
89349,1
72630,0
77588,0
31726,0
18993,0
60010,3
34704,0
5327,2
8902,1
22231,0
87790,2
3301,1
91307,3
61101,3
2011,0
86404,2
17928,0
42863,3
5212,3
33595,0
54537,0
71832,0
24651,0
9373,3
4498,0
48751,0
49953,0
29202,0
41515,3
9775,3
28279,3
46768,0
16922,0
31009,3
85746,0
17549,3
38098,0
74621,0
52797,0
48021,3
46854,3
68517,0
12318,0
79957,0
31156,0
14724,3
23332,0
18235,0
77996,2
93067,3
11934,0
86805,3
25821,3
67411,0
38689,0
90848,0
70164,0
96792,2
41933,1
59741,0
76385,0
78456,0
67187,3
98162,2
32983,3
75736,0
83422,0
78732,0
45914,0
60874,0
46531,0
97956,0
22325,0
92435,0
2103,0
49536,0
87134,0
35697,2
54009,0
70090,0
90225,3
23545,0
14086,3
1781,2
72708,0
46824,0
14747,2
71883,0
28527,2
81518,0
38091,0
5184,0
43397,1
88077,0
96650,0
73636,3
60795,0
19986,0
17091,0
16139,0
72331,2
92687,0
42926,2
27537,0
44123,0
60979,0
89897,0
97400,0
9738,0
99280,0
41888,0
58417,2
57876,0
41482,2
92921,0
36277,0
57004,0
50426,0
65399,1
11154,0
65811,0
65218,2
17183,2
45955,0
93617,0
4744,2
25611,0
56041,0
43851,0
27357,1
87995,0
46588,0
76437,0
5460,2
53365,0
30317,3
82321,0
39226,0
14658,0
79237,0
45933,0
61629,3
83971,0
42779,0
97549,0
97559,3
39512,3
5860,0
43086,2
53439,0
26995,0
19293,0
62134,0
84611,3
6587,0
16639,0
59978,0
66919,0
15342,0
20849,0
35768,1
26202,3
94836,0
54357,3
79159,0
54778,0
68184,0
6998,3
28502,0
21343,0
75486,0
91549,3
21857,2
86328,3
60619,3
62335,3
68217,0
46982,0
37770,3
56905,3
52461,3
92887,0
8879,0
37741,3
4706,0
21378,0
57215,0
69538,0
11411,0
43454,0
89896,2
1578,0
93629,3
40014,0
32880,0
64216,0
89557,1
63659,2
36951,0
62136,2
6419,0
33115,0
23889,0
2551,2
77898,0
36222,1
3300,3
60523,0
49356,0
16090,3
74477,3
79765,0
13892,0
21521,2
53509,0
39523,1
47263,0
48857,2
62938,0
16438,2
61947,3
76272,2
69266,1
29082,0
41411,0
19220,3
30110,2
34127,3
10206,0
52738,0
12546,3
55459,0
36192,0
46148,0
99483,0
20119,0
4456,2
95705,0
53205,0
85661,0
8338,0
37438,3
24607,0
94550,0
89179,0
1396,3
73856,0
67656,0
23881,1
82187,0
29825,0
56661,0
60540,3
72936,0
18593,2
21466,0
34600,1
74492,0
8304,0
25796,3
74519,3
65475,0
31243,0
53152,0
65530,0
30197,3
93732,0
21089,0
12719,0
66715,0
59899,0
68179,2
81534,3
16683,0
59412,0
32583,0
95995,0
74243,3
34771,3
83529,0
3392,0
65001,0
86988,3
31619,3
8916,0
57831,0
83978,0
97312,0
47273,2
52529,0
42107,1
98170,0
97781,0
18600,2
75263,0
91907,0
68016,0
49088,3
3202,0
45218,0
71531,2
3707,3
82871,0
11652,0
71397,3
44756,2
57064,3
75103,0
67561,0
69794,2
17720,2
20396,0
95344,0
30371,0
4786,0
37752,0
38578,2
7945,0
48678,0
71307,0
72634,0
46154,0
32846,0
70786,0
53502,3
33133,2
67691,0
52341,2
55752,0
38693,3
56285,2
597,0
29189,1
45782,2
168,3
78718,0
10392,2
53212,2
83152,0
19093,0
37301,2
68461,0
2417,0
99727,0
29746,3
70002,0
79489,2
24731,3
4682,2
57234,3
63349,0
42212,0
42974,1
20153,3
86118,0
59652,0
17097,3
84214,2
2607,2
93919,0
4371,0
89622,2
49404,0
19882,0
77335,0
95322,0
36465,3
75467,2
55745,0
9409,2
27380,1
60280,0
30971,0
37214,0
96317,0
7251,3
2932,2
83746,0
24399,2
31742,0
39700,0
5602,3
20970,0
14692,0
83442,3
10957,3
75547,0
4672,2
68072,0
3646,0
59984,0
81358,1
40805,0
81027,0
12388,2
85072,0
23643,0
56294,0
73720,0
83140,0
52064,0
93591,2
50547,0
26791,0
55837,0
19033,0
39309,0
65842,0
4310,2
27371,0
75314,0
62748,0
88039,3
60791,0
65816,0
21441,3
39236,2
7641,1
1233,0
44141,1
74117,0
58,0
25056,3
26501,0
76651,3
45895,0
23417,0
19359,2
15731,0
2971,0
90019,0
8730,0
21718,2
90050,0
13957,0
60790,0
84327,0
2800,0
51609,3
73961,0
34230,3
62937,0
64918,3
12627,2
72930,1
85569,0
3946,3
58725,3
22801,0
80008,2
33359,2
57136,0
58743,2
31780,3
83519,0
5589,0
58085,0
6583,0
55466,1
92267,2
45305,2
19620,0
4289,0
11669,0
33949,1
77982,0
86432,0
71053,0
4777,2
92816,2
94409,3
42550,0
37608,3
75864,0
38281,0
70944,0
22872,3
51976,0
1657,2
67869,3
96541,3
89021,2
81019,0
93696,0
1214,0
33333,0
32044,0
23073,0
99123,0
34709,3
84658,0
71553,0
26878,3
34203,3
21449,2
14494,2
74303,0
68429,0
63181,3
62232,0
88424,3
54419,0
86666,0
56845,0
8194,2
50210,0
32604,0
36050,3
95134,3
60749,0
22215,0
50942,2
92089,0
19813,3
33450,0
50577,3
13758,3
1468,2
81214,2
69899,0
1455,3
37742,0
15323,3
6745,3
3433,1
76823,2
70987,2
66626,0
86618,0
52988,0
28961,2
21313,0
29248,0
88636,0
19205,0
84108,0
41830,2
43225,2
20155,0
42120,0
99861,0
99814,0
2848,0
21489,1
21945,1
89508,0
78423,0
51623,0
92178,0
41546,0
59345,0
42105,0
2927,0
69343,0
71007,3
43504,0
693,0
84515,3
64175,3
3444,0
38201,0
596,0
66953,0
50990,3
14685,1
79697,0
36195,0
43928,0
8036,0
22460,0
95771,3
49590,0
97300,0
72554,0
14206,0
13788,0
44864,2
61473,2
64464,2
9389,0
4222,3
14488,0
3580,0
18473,3
46083,0
46231,0
48625,0
32205,2
39377,0
67093,3
47835,0
28687,0
91116,0
32935,3
18123,2
39612,0
73408,0
51805,0
54152,2
58650,2
36905,3
52372,2
60814,0
54476,3
51090,0
4748,2
70386,1
18320,3
69587,0
56148,0
4470,2
48475,0
19482,0
18745,0
21514,0
46719,0
28989,0
95543,0
93611,3
66663,0
94,3
40430,0
63720,0
4767,0
69454,0
80493,0
45092,0
21849,0
70318,0
21331,3
39785,2
21866,2
44568,0
76378,0
67680,0
96274,0
72256,2
68572,3
9694,0
57644,3
70828,0
44602,2
49620,0
51180,0
43565,0
84180,3
65804,3
34172,2
70647,0
27959,0
94329,1
26049,2
56289,0
75662,2
7905,0
5347,0
48169,0
19059,2
36593,0
79544,3
44795,1
86424,0
52079,2
47237,2
15303,0
13497,2
95435,3
70117,0
31151,3
36307,0
18398,0
55632,0
37999,3
82550,0
52909,1
15433,0
81636,0
36728,0
59125,0
74547,3
83491,0
22709,0
2653,3
17387,0
63222,2
8390,3
34523,3
51460,3
72529,0
98950,0
26529,0
94232,0
92585,2
8921,0
9951,0
45012,1
23898,0
23632,0
40409,0
72957,0
2765,0
61952,3
3776,0
66287,0
64612,0
70570,2
60650,2
83742,0
36349,0
20779,2
18659,0
6367,3
91522,3
29245,2
27100,0
4307,0
61650,0
25792,0
1920,3
21633,2
7406,0
31902,3
7768,1
49071,0
80881,0
79841,3
17788,0
28911,0
66385,0
12944,0
1685,3
9490,3
71909,0
79031,0
40605,0
10067,0
96957,3
89278,3
24943,0
33738,0
79349,2
27228,0
10439,2
63101,0
213,0
43380,3
41980,0
13438,3
86156,0
77309,0
99097,3
74759,3
95804,2
84389,0
90423,3
62802,1
19893,0
33541,0
25256,0
77109,0
77257,2
74575,0
24226,0
36156,0
39081,2
50075,0
966,0
68452,0
37571,2
27894,0
78205,3
24355,3
97555,0
73784,2
87828,3
86003,0
26254,0
59286,0
63551,2
48426,0
28672,0
52426,0
39987,3
97754,2
85111,0
82511,0
56186,3
77347,0
63259,0
94249,0
55220,3
68105,0
80308,0
68413,0
22769,0
78235,3
82879,2
90929,0
24145,1
95416,0
36331,0
84355,3
27196,0
29673,3
57622,0
20564,0
41499,1
62530,0
78202,3
43963,2
7890,0
93579,0
4973,0
41729,3
53310,2
71951,0
90383,0
75261,2
45643,0
27971,2
55678,2
43645,1
23653,3
970,3
62278,0
69768,0
94076,0
58380,0
59154,0
19344,0
21051,2
79977,2
6422,3
79475,0
1173,3
71120,3
35544,1
33166,0
41251,0
33466,0
23611,2
68714,0
73267,0
58009,3
40335,0
14381,0
84536,3
81043,0
28654,0
67723,0
74158,0
45197,0
29968,0
2770,2
55590,0
75491,2
49231,0
26761,0
81341,0
17587,0
62606,2
81082,0
38746,0
42334,2
77237,2
74520,2
25096,0
38633,0
8972,0
33190,0
86481,2
58155,0
19829,2
55030,0
1553,2
5916,3
31629,0
64872,0
71442,2
93120,2
28436,3
70881,1
957,0
48253,0
64493,0
22259,0
92734,3
52344,0
67249,0
67428,0
84463,0
26854,0
21484,0
75450,0
88430,3
18712,2
94678,0
32274,3
62966,0
72373,0
39622,0
51040,2
21981,0
27294,2
66270,0
66109,0
46879,0
55196,0
65569,0
81210,0
88792,0
21509,2
70061,0
78593,0
73171,0
74444,0
36032,3
87287,2
75368,0
4766,2
94972,2
70728,3
82814,0
15541,0
61130,3
33287,0
88112,3
12521,0
23578,0
63461,3
30881,0
34575,3
12609,0
4955,0
11074,0
61870,2
1677,3
16177,0
35857,0
54998,3
32561,0
40244,2
16732,2
96159,0
83823,3
68686,0
89036,0
53463,0
21544,0
51674,0
76110,0
35788,0
28090,0
54388,0
85134,0
86099,0
46747,3
41102,0
9844,0
57083,3
41503,0
42076,0
54591,0
36136,0
53606,1
33559,1
42321,2
15879,3
42263,0
44982,0
7064,0
63759,0
39900,0
4133,3
2259,0
43730,0
66959,0
79717,0
55618,0
52192,0
58047,0
22171,2
19153,0
41754,3
15207,0
62700,3
5315,0
49635,0
37600,0
38595,0
90987,1
64869,0
87037,3
18228,0
84498,0
94351,0
86201,2
70863,0
39945,0
46841,0
1798,0
68315,0
51079,3
54345,0
29781,0
22020,0
27216,0
11383,0
86503,0
59956,0
19196,3
41714,0
6777,3
30721,0
30278,0
54648,0
6576,0
28675,0
12828,2
43515,0
82168,3
94582,3
95753,2
22476,0
6798,0
63143,0
70913,0
66368,2
62488,0
87034,0
46619,0
11845,0
54471,2
62277,0
16867,3
28238,0
30941,0
70467,3
96648,0
47436,0
75906,0
80344,3
95360,0
57574,2
65962,0
36358,0
22123,1
9646,3
34235,0
30698,3
1337,0
11254,0
41010,2
76854,0
36147,0
30687,3
29097,3
87529,0
73911,0
99502,0
78700,0
95169,3
62765,0
41944,0
72758,2
7085,0
54268,0
96913,0
62437,0
89375,0
55887,2
61832,0
45893,0
91447,0
90823,0
52330,0
20547,2
2897,0
51943,0
887,3
54459,1
4465,3
65547,3
46928,0
69673,2
96683,2
34974,0
3503,0
64158,0
84838,0
44632,3
82748,0
4702,0
97150,0
46008,3
70698,0
41716,0
78057,3
9419,0
21885,0
94640,0
75575,1
50508,3
21486,0
71132,2
87039,0
97169,0
38314,0
1983,0
63015,0
40467,0
95201,3
54841,0
58389,0
98762,2
98493,0
71950,2
90105,0
78821,0
22108,3
98958,0
82312,2
66536,1
46777,0
74862,0
27583,3
18279,1
41150,1
74674,0
45956,0
55441,2
20258,0
89400,0
94266,0
15250,0
64661,2
22747,0
77643,0
70461,0
28113,2
5564,0
1924,0
60965,2
76367,3
51779,0
7310,0
21654,2
38952,2
70642,0
89892,3
54245,0
61153,1
46091,0
25602,0
14817,1
72093,0
72578,0
43102,0
68047,0
77517,0
64768,0
11418,0
28377,2
63148,0
14364,1
39183,0
72876,0
956,3
53287,0
66317,1
89022,0
94559,0
91599,2
5852,2
42874,0
61888,0
76372,0
12793,0
70710,2
16762,3
38457,2
39946,0
74091,2
75546,0
87798,2
31931,3
54582,0
41690,0
28819,3
32265,2
78401,2
39199,0
32886,0
86352,3
73210,2
14546,0
83858,0
91557,3
14642,0
65363,0
20913,0
97587,0
10299,0
16432,0
64214,3
79163,2
31354,0
55781,0
6048,0
43607,2
37446,0
73757,0
66036,0
69056,0
59339,0
96229,0
76145,1
10592,0
52701,0
80451,3
31985,2
96376,0
24991,2
12246,2
1146,0
89368,3
88590,0
6478,0
2069,3
11481,2
21580,0
20214,3
57001,0
3554,0
12978,0
61022,0
99511,1
2009,0
74905,3
97010,0
79815,2
34008,1
25934,2
55713,0
13764,2
84996,0
76565,0
21594,2
67173,3
75622,1
64859,0
18633,0
98866,0
74094,0
13128,0
33560,0
45882,0
27535,0
89623,0
11906,3
57947,0
72716,0
7968,3
84811,0
46353,0
91728,0
36993,3
8047,3
8152,0
75463,2
76978,0
49161,0
7511,0
44179,3
79586,2
25385,0
46328,1
55604,0
63335,0
45236,0
8967,0
75764,0
70604,0
89794,0
25157,0
6430,3
26346,2
94054,0
49995,0
45226,0
97967,3
33404,1
64405,0
33033,0
3867,2
73759,0
87994,3
21707,2
83157,0
23486,0
65852,3
97720,2
78108,0
34065,0
81008,0
45910,0
66013,0
60705,0
90072,3
83051,0
46890,3
77780,3
21263,0
10419,0
85646,0
50211,3
6451,0
53920,0
17495,2
9723,3
40511,0
25224,0
26374,0
57645,0
80246,3
37464,1
34140,0
88042,0
59080,0
7993,0
34657,0
16538,2
80006,0
69238,0
78234,2
11156,0
58847,0
84322,0
56993,0
23925,0
48900,0
88270,0
59112,3
67266,0
94162,0
78092,0
95096,0
63249,0
72768,0
28554,0
87167,0
45748,0
53469,0
88766,3
59776,0
1737,1
31411,2
74738,3
40286,3
45720,0
62036,0
51529,0
55721,1
81811,0
62973,0
37396,2
96706,0
53293,3
92274,0
52606,0
7844,0
85649,1
16436,3
96158,0
13623,3
80126,0
68340,0
2537,0
63658,0
98678,3
71297,2
57251,0
73123,0
10948,0
32085,0
62452,3
68038,0
80976,0
29623,2
46580,0
80455,1
30160,3
77601,0
59628,0
24981,0
99914,0
71507,2
17315,0
6889,0
8011,2
47345,0
15087,0
39908,0
32902,0
85379,0
88967,0
85872,0
87970,3
43292,3
23958,0
4492,0
15756,0
15930,0
31279,0
23402,0
92609,0
37703,1
62279,3
27570,0
60718,0
46286,0
17455,0
54105,0
35752,0
11903,0
43904,0
1622,0
73564,0
44511,0
71735,0
91481,0
3529,0
1188,0
35515,0
24989,0
4609,3
2096,0
59299,0
93755,0
99260,0
84808,0
56291,2
21049,0
8689,0
95534,0
35663,0
65872,1
88155,0
33925,2
82293,0
8662,2
97428,0
93268,0
93087,3
46494,3
98191,0
93946,0
48933,1
59814,0
71574,0
21592,0
30494,2
31778,0
74039,2
48099,3
86255,2
44147,0
8207,0
71926,0
58905,3
57800,0
98750,0
4916,2
29649,0
66719,2
51431,0
82195,2
49912,2
19748,0
52020,0
14840,0
30306,0
19382,0
64282,0
27808,0
202,0
974,2
40900,0
49652,2
22502,1
2576,2
867,2
92451,0
33164,0
66875,2
90743,0
27042,0
75729,0
79982,0
18280,2
23363,0
98416,2
74253,0
96145,0
63564,2
53361,0
9650,0
82271,2
44403,3
76742,0
87433,3
38749,0
52626,3
40752,0
96201,3
96393,0
96219,1
94791,2
203,3
75404,0
48976,0
17550,0
67964,0
1499,0
34088,0
99188,3
95667,2
19446,3
1315,0
25987,0
89446,2
65187,0
13725,3
32275,0
55509,0
45995,3
91163,0
8591,0
54047,0
46333,0
81181,3
90014,3
20758,3
66879,0
52528,3
68472,0
70977,0
89819,0
99170,0
83239,0
36785,3
48411,0
88834,0
98130,3
54933,0
85271,3
67091,2
7680,0
2333,0
4303,0
67679,3
60789,0
10445,0
78834,0
18725,0
55583,0
61571,2
38840,0
78926,0
68104,0
12608,0
80725,3
15032,3
54395,0
54996,0
8736,0
66069,3
87759,0
6955,0
631,3
69144,0
43692,0
43047,0
30908,2
86552,0
67752,0
83705,0
43559,0
60552,0
86917,0
40829,0
56707,3
49187,0
82863,0
3419,0
3892,0
2000,0
94847,2
24291,0
91730,0
15752,0
7857,0
24639,0
59999,3
29528,2
46955,0
90492,0
2199,0
12276,0
68510,0
7579,3
19769,0
86933,3
98524,0
69713,0
80014,0
94197,0
80287,1
81903,0
15289,0
72104,0
6239,2
46564,1
33540,0
42639,3
68553,2
2904,2
50819,0
74993,0
8800,0
10107,0
91794,3
74653,3
68244,0
52998,3
14419,0
27023,2
38787,0
46324,3
85651,0
23712,0
98299,3
78971,3
85707,0
36726,0
59538,0
8580,0
4040,0
49129,3
73802,0
56113,0
94588,3
67168,0
26545,0
93976,0
24829,3
14188,3
42995,0
34884,1
50420,0
41728,0
60376,0
18369,0
63849,0
1228,0
16902,0
71084,0
418,0
12003,0
6800,0
30802,3
78753,3
76880,0
99245,2
6251,0
75449,0
30738,0
62190,3
97978,2
96621,0
16690,0
64364,0
10621,0
97863,0
82965,0
72850,0
65371,0
70520,1
72017,0
47984,0
51683,0
88931,0
98338,0
77432,0
86015,0
68447,1
40410,0
35122,0
62977,3
24454,0
51945,0
4493,1
2296,0
13678,1
63813,2
82866,0
47756,0
64711,0
22499,0
72897,0
54670,0
86373,0
43068,0
56550,0
76201,0
38841,0
86776,3
4615,3
47739,0
86920,3
48393,0
56065,2
46225,0
22961,0
57798,0
10244,0
89619,0
18631,2
42061,2
52219,3
38592,0
42899,0
17985,3
29456,0
30049,2
72631,0
24654,0
74725,1
64272,0
2169,3
54130,3
85220,0
87503,0
78657,0
52631,0
83516,0
69099,0
82503,2
82273,3
69160,0
92525,0
16778,0
70485,3
51069,0
45985,0
64407,0
31007,2
86372,2
8657,0
5801,2
4217,0
85989,3
84130,0
44426,0
78665,1
25280,0
66252,2
99976,0
43923,0
90440,3
25511,2
5825,3
23475,0
26786,3
76218,0
55921,0
51133,0
90774,0
83849,3
23305,0
67633,0
79264,0
88940,0
79069,0
88820,3
65295,0
17578,0
31199,3
15064,2
65179,2
95638,0
31576,0
13094,0
69576,1
8410,2
48404,0
71972,0
51492,3
47432,3
56519,0
97092,0
51375,0
35578,0
91860,0
94319,0
81074,0
54355,3
25138,0
48741,0
32576,3
97493,0
44247,0
4047,0
67734,0
27187,3
51736,0
36910,0
38937,3
66920,2
59272,0
94506,0
73429,0
3126,0
76738,2
3253,0
51685,0
42712,0
97359,2
35756,0
37942,0
36128,0
13795,1
89040,2
99710,0
93659,0
10193,0
40760,0
20591,2
43613,0
28310,3
89011,3
17436,0
16124,3
73706,3
19126,1
43016,1
81877,0
16594,0
26988,0
33095,0
77280,3
4067,0
53657,3
86406,0
96801,0
33811,2
6789,0
11314,0
69002,0
47250,0
94646,2
16793,1
42211,0
18461,2
58785,0
21346,0
78048,0
11993,0
45697,0
54177,1
69069,0
17635,0
19390,3
3289,0
37246,3
88000,0
31426,0
54074,0
52817,0
43079,3
224,0
16694,3
74517,0
89626,0
41455,2
94859,0
72886,3
37123,2
66782,0
10978,0
77239,2
267,0
77558,3
14001,0
84281,0
57470,2
5991,0
14632,0
20716,0
39876,0
47096,3
72547,0
26787,0
10143,0
54562,0
77161,2
7946,3
81454,0
3630,0
55453,0
70144,0
56681,2
94895,0
81812,0
76950,0
55808,3
76369,0
30224,3
3302,0
87390,3
55433,0
75655,0
51224,0
12461,0
69941,3
33649,3
19101,0
70091,0
23379,0
9318,0
46405,0
62720,0
8846,0
85492,2
13316,0
86967,0
77817,3
8787,0
41627,1
22329,3
76980,0
42399,0
45365,0
62239,0
61154,0
94378,3
68530,0
38478,0
27690,0
62615,1
94572,0
46331,0
10356,0
89111,0
11889,0
69013,3
81656,0
78051,2
2356,3
85519,0
64673,0
6149,0
81451,0
13934,2
87822,0
43108,1
54903,0
14491,0
19905,0
76129,0
61025,0
25562,3
20872,2
88745,3
16923,2
60674,0
90671,0
84830,0
83970,0
59598,2
82581,0
89009,0
22116,0
83501,0
10082,0
68543,0
37002,0
3466,0
15190,0
42311,3
17399,0
64333,3
63049,0
20351,2
6584,0
34096,0
90742,0
15883,0
31553,0
13343,3
60957,2
49544,0
48986,3
75826,0
9817,3
63796,0
92668,2
23130,0
19529,3
28591,3
88130,0
64127,1
80332,0
3377,2
50971,0
48047,0
71234,2
27953,0
41757,3
45394,0
75197,0
88989,0
43653,0
38778,0
20985,0
64313,2
83754,2
16146,0
22412,0
11511,2
97164,0
40560,0
1159,0
1026,0
71451,0
44784,0
17224,2
17742,0
6600,0
28273,0
2798,3
81231,0
9340,0
75803,3
45567,0
94547,3
97533,0
10858,0
65466,0
20381,0
17554,0
48201,0
89766,0
3773,3
94433,0
45372,0
82950,3
48283,3
72791,0
18451,0
46210,2
62891,0
6997,2
83928,0
29877,0
28465,0
58097,0
46510,0
66190,3
10317,2
12888,0
58774,0
36190,0
14433,2
68597,3
68494,0
38580,3
36989,1
80258,3
92221,1
71635,0
80467,0
15552,3
1680,0
3494,0
99826,0
1832,2
81009,0
1483,2
39275,3
32916,3
87339,3
19073,3
87018,3
87551,0
85562,2
53047,2
64491,0
83990,3
59215,2
4118,3
36002,2
98036,0
89995,0
52762,2
35649,2
2826,3
57060,1
22437,0
32719,0
42426,3
47375,3
17389,0
35361,0
54596,0
45136,0
92256,0
51237,0
32358,0
3704,0
71461,0
40966,0
72905,0
76390,0
44874,0
10789,0
95882,3
63906,3
737,0
65776,0
42686,0
67330,2
5721,3
29911,0
89256,0
526,0
1603,0
71941,0
4803,0
74735,1
60698,0
65355,3
71749,2
50719,0
55716,0
8306,3
26261,0
71072,3
5248,3
43980,0
99737,2
43422,0
49543,0
72965,0
40157,0
93394,0
84605,3
8541,0
73291,0
93921,0
76933,2
39521,2
68124,0
4161,0
22059,0
24125,0
35335,0
38761,0
85110,0
25468,2
19811,3
64695,3
21395,0
52834,0
3184,0
60311,2
11968,3
93920,3
70569,0
85310,0
65715,0
76792,0
98428,0
61678,0
34848,1
82083,0
85347,2
29208,3
7495,1
42962,0
48769,3
29812,0
22734,0
44503,0
96982,0
30004,0
82683,0
9232,0
38807,3
45299,0
33706,2
90986,0
23039,0
6215,0
58321,2
39176,0
58381,0
47222,0
10581,0
18727,0
57948,0
38711,0
24609,2
15125,0
58913,0
17172,0
74912,0
76235,1
18572,0
53618,3
71378,0
37908,0
16402,0
59190,0
1664,0
86422,3
78642,0
65145,0
26921,3
62318,2
23708,1
15148,0
49041,0
70597,0
63300,1
66117,3
72569,0
90117,0
64564,0
19930,0
59131,1
16119,2
95243,0
41687,0
14907,3
97540,2
64815,3
78689,0
10941,2
94315,2
40561,0
42267,0
14034,3
26120,0
11684,0
60758,0
58276,0
81151,2
76756,2
54885,0
80023,0
51055,0
89421,0
2489,0
23121,3
72755,0
97078,0
9513,2
99187,0
95258,0
38276,3
80909,3
94815,0
52694,2
57279,0
56760,2
14758,0
85773,2
29412,0
45266,0
62083,0
52506,0
4363,0
6603,0
33585,2
75230,0
15036,0
85493,0
12967,0
8406,0
36760,2
18382,0
16143,0
7821,0
52568,0
12742,3
43803,2
70672,0
65389,0
55144,0
5287,0
55673,0
41274,0
7800,0
75514,3
22678,0
94008,0
60895,0
64955,0
69981,0
99406,3
44541,0
67001,0
28356,0
78337,0
46299,0
45934,3
36202,3
46092,2
54815,0
52822,0
47198,0
60670,3
53181,3
90441,3
18779,0
25170,3
64172,2
24670,0
72246,0
9807,2
52398,3
36405,0
89786,0
48007,3
38170,2
69584,0
37661,1
84723,0
31670,0
9627,3
26523,0
91571,0
90067,0
45137,0
49338,2
37106,3
50111,0
66376,0
62445,3
43049,2
54016,2
63788,0
61050,0
53272,3
19933,0
71571,0
77791,0
43810,0
65914,0
86623,3
91301,3
27405,0
15031,0
5317,0
22646,0
94745,2
44497,3
39791,2
1561,0
40542,0
13220,3
50631,2
91396,0
10060,0
62964,0
6736,0
5668,0
5766,2
37347,0
83728,0
29645,0
31253,0
81538,0
2751,0
70001,0
21438,3
38908,3
34916,0
33130,3
1617,0
14953,0
24107,0
65563,0
75109,0
50040,3
44081,0
34143,0
5581,0
92794,0
42317,2
27812,0
13628,0
41464,3
24474,2
99283,0
49350,0
72089,3
18041,0
26588,0
13822,0
68130,0
87488,0
11459,0
72519,0
74532,0
70670,2
38570,0
9997,1
9236,0
67087,0
47626,0
90798,0
73368,1
7919,3
25677,0
97269,0
31488,0
30685,2
54286,0
61177,0
45364,0
42454,2
63367,0
14474,2
88896,0
37470,0
39086,2
16291,1
18530,0
79518,0
11368,0
72283,0
99046,0
92902,2
71262,0
80375,2
66237,0
84216,0
10669,0
66263,0
34690,0
90998,0
3746,3
79835,0
29221,2
41786,0
25325,0
95339,2
58888,3
67259,0
82347,0
79460,0
34324,0
3307,3
6982,0
63823,0
3598,0
39254,0
71280,1
39194,1
25287,3
36020,0
98588,2
63193,3
97330,0
26408,2
95922,0
69317,0
2300,3
39393,0
24155,3
81102,0
67673,0
67070,3
42702,3
52607,3
15886,0
60893,0
84370,2
59365,0
43614,2
80371,3
29054,2
86317,0
67872,0
26779,0
75699,2
17736,0
94676,0
26837,2
99179,0
76078,3
10890,3
86308,0
14057,0
2261,0
81580,3
81493,0
95670,0
42119,0
66767,0
90316,2
20457,0
92187,2
85778,3
32720,2
68976,0
10575,0
64090,0
54568,3
24949,0
49225,0
78441,0
76795,2
11446,0
76568,0
53377,3
55416,1
28417,0
97773,3
14568,0
26132,0
6035,2
27854,1
94380,3
3321,0
30127,2
75929,3
5499,0
33781,0
84835,0
38582,0
49127,3
23257,0
5105,0
41257,0
47182,0
11193,3
26159,0
66916,0
49946,2
90531,3
84642,0
35870,0
26550,0
49073,0
11541,3
82153,3
52661,0
37538,0
80453,0
37351,0
5925,0
71205,0
93666,0
55827,0
24054,3
55512,0
64665,2
80335,3
11699,0
22366,0
96927,0
83551,3
76555,1
55444,2
42240,3
42717,3
85066,0
20304,0
47702,0
36639,0
93682,0
42014,0
37603,0
23124,0
63982,0
78760,0
22904,0
8240,0
51628,0
22513,0
80986,0
69705,0
5981,0
21180,0
43575,0
91889,0
64152,2
33806,2
50403,2
2201,0
89342,0
32772,0
29659,0
3324,2
79694,0
83531,0
41100,0
12111,1
42499,0
66502,3
80440,3
84129,0
62492,0
94958,0
92656,0
70437,3
247,1
90979,0
81708,0
31542,3
27871,1
72537,0
43184,3
59787,0
45482,0
8812,3
82875,2
82634,0
72025,0
69606,0
73821,2
1916,0
55200,0
50183,1
69180,0
97640,0
26821,0
28438,0
829,0
82531,0
32625,2
96037,3
69356,3
26423,0
10276,3
56183,2
94748,0
15170,0
90509,3
46479,0
12417,3
89938,1
40222,0
97689,0
646,0
87572,0
59038,3
24102,2
12731,0
32222,2
33580,2
75430,0
47494,0
19603,0
73837,0
9162,0
49153,0
97098,3
21067,0
76421,0
32176,0
30185,0
94908,0
87769,2
31139,0
31355,0
56270,0
71891,3
59353,3
92716,0
34345,0
1782,0
80420,0
10447,0
70829,0
102,0
40451,0
94849,0
54542,0
78,0
23260,2
22002,0
64334,0
30273,0
86956,3
13910,0
64779,3
69784,3
34035,0
62853,0
7188,0
10190,0
76996,3
69966,0
24500,0
26648,0
14466,0
1772,0
26631,0
66511,2
38665,0
90428,0
85568,3
53264,0
27692,0
98399,3
16589,3
77341,3
32834,3
95387,0
90972,2
18003,0
93336,3
600,0
39684,2
7274,0
21921,0
23467,0
31833,2
65739,3
39263,3
23674,0
1118,0
26156,3
3526,1
532,0
92447,0
96090,0
23870,0
65170,1
26036,0
75841,3
98035,0
92080,0
67223,0
81428,0
85952,0
35902,3
79210,3
27501,0
92772,3
74286,0
1256,0
17843,2
65382,0
31311,2
61920,0
97565,3
56673,0
84460,0
55357,0
34778,0
73458,0
47404,0
7333,2
69085,2
93959,0
65368,3
88454,3
21391,3
5147,0
84493,2
37463,0
55803,0
95401,2
32573,0
54265,0
1978,0
54680,3
26924,0
73980,0
63789,0
65087,3
3447,0
86018,0
222,0
64290,0
64064,0
5471,2
25948,0
83399,0
37860,3
71277,3
62076,0
73643,2
41491,0
2108,0
99856,3
51632,0
89372,0
44798,2
21245,0
57811,0
3238,0
49527,2
94283,2
73477,0
50116,0
86708,3
99006,3
42421,0
53637,0
52381,2
80294,0
93139,0
81025,0
92561,0
44119,0
45935,1
63997,0
93326,0
39837,0
58654,0
43719,0
3774,0
93334,3
37459,2
43844,0
64907,0
14770,0
2005,3
41215,1
57352,0
77247,3
52865,0
58431,3
68814,0
13593,0
38122,0
91834,0
10002,3
65325,0
6854,3
49520,0
82033,0
98797,0
78645,2
37643,3
32352,0
4,2
60222,0
12736,0
19200,0
75571,0
65406,0
50925,3
91751,0
53087,0
85036,3
50118,0
85428,3
71144,0
34163,0
22245,0
27990,0
92582,2
63598,0
14009,0
12908,0
57087,0
69869,0
51454,3
30806,3
37952,0
60068,0
18278,0
23355,1
71935,0
81139,0
98616,0
95879,0
67739,0
19838,0
77731,0
82175,2
7521,0
51466,0
62152,0
11111,2
95271,1
99197,0
22174,2
61220,3
55471,0
65434,0
5851,0
97591,0
88682,3
56488,0
39117,3
35559,3
9487,0
10667,0
76481,0
72369,1
14217,0
48249,0
51604,0
14287,0
15501,0
46852,2
9154,3
37399,0
18749,0
83381,0
18564,2
15648,3
69307,3
26618,1
69815,0
23036,0
78654,2
91141,0
4842,0
36536,0
15029,2
47930,0
30931,3
77131,3
66454,0
53610,2
40359,3
62997,0
37449,0
50419,0
63496,0
31023,2
97867,0
79745,3
58752,0
97288,0
21413,0
23737,3
7291,0
75708,3
68297,0
11265,1
31113,0
50677,0
59881,3
31832,2
69506,0
66363,0
72967,0
69605,0
52174,0
21771,2
85810,0
41794,0
72869,0
41306,3
78922,0
70726,2
758,0
48513,2
29465,0
22511,3
3384,0
99974,0
88696,3
49801,0
35750,0
12618,0
63853,0
40548,0
63587,3
7335,3
18519,0
80865,0
46263,0
98392,0
85917,3
74176,0
91772,0
42748,0
10601,0
11872,2
6632,0
28158,3
49812,0
48101,0
80828,0
90878,0
22852,0
31273,0
7556,3
68763,0
8636,1
83292,0
77310,0
30754,3
11467,0
55792,0
35265,3
90789,2
21513,0
7921,0
27745,0
57968,3
74550,0
37439,0
69386,0
10838,0
91622,0
79598,2
60167,1
87543,0
44326,0
65358,2
36489,0
86033,0
6160,0
89769,3
25944,0
57381,0
60752,2
94897,2
19201,2
26466,3
40576,1
79110,1
52107,2
25752,3
33289,0
30566,0
84855,3
80820,0
86572,0
37598,2
79953,0
4897,3
44872,3
29503,0
29676,2
73398,0
60392,3
2509,3
24239,1
28321,3
13909,2
48707,2
14315,3
84020,0
60359,0
99748,0
6609,0
74833,0
98060,1
548,2
16361,0
94225,3
95140,2
36953,0
37667,0
83994,0
6412,2
53159,0
31673,0
7881,2
80757,0
32892,3
75940,0
8552,0
35472,0
50147,0
11868,3
4526,0
68966,1
50497,0
10791,3
7770,0
69323,0
64365,0
53665,0
85539,0
89190,0
30267,0
31901,3
23830,2
36604,3
67858,0
80086,0
83242,3
75872,0
73079,0
98553,0
28227,3
91466,0
85338,0
41202,0
86213,0
52663,3
62928,0
44695,0
86574,0
69337,0
56439,0
85540,0
12904,3
90822,0
95641,2
24523,3
8779,2
22989,0
45990,1
13823,0
34302,0
68431,0
84779,2
34174,0
62591,0
40315,0
53906,3
85393,0
42333,1
98913,0
18754,0
25177,0
30688,0
16282,0
83555,0
7104,3
74685,0
79990,2
75476,0
17762,3
56822,3
6065,3
34356,0
91697,0
80121,0
47211,3
99269,0
8542,0
1630,2
50557,0
15279,0
52711,0
28652,0
91484,0
17114,0
91883,0
30183,0
7883,3
90582,2
77547,0
39487,0
19001,0
31572,0
83633,0
67994,0
52620,0
1316,0
95397,0
44640,0
6976,0
41958,0
31375,2
2750,0
17546,0
66007,0
6966,3
2355,0
7953,0
68362,0
53874,0
71944,0
13098,0
92426,0
80283,0
68215,0
60156,0
71942,0
30681,0
14889,0
65926,0
41934,0
63958,0
97201,0
11391,2
41031,3
99955,0
96461,0
99967,0
95587,2
72441,3
84750,0
15283,0
18901,2
23134,0
66796,0
6482,3
15603,0
68366,0
31601,0
69422,0
5986,0
44719,0
369,0
72307,0
38511,0
91846,0
39843,3
64027,0
74434,0
93081,2
67076,0
24712,3
59454,0
95904,2
57100,3
17725,0
25956,0
42538,0
47907,3
50680,0
4804,1
83966,3
63835,0
81226,1
39288,0
8289,0
65832,0
97919,0
84359,2
22069,0
79912,0
20184,0
29144,0
67540,0
4568,2
860,0
52261,0
64679,0
70808,0
38240,0
41664,0
95419,0
11394,0
57828,3
63755,0
77122,0
30106,0
38613,0
18271,0
70384,0
18489,0
2554,0
13202,0
62839,0
39488,0
88383,0
79714,0
76383,3
93288,0
3306,0
542,0
76204,2
25668,2
13104,0
44004,0
20840,0
33499,0
14290,2
48257,0
78693,3
84764,0
91857,0
11233,2
88919,0
85980,0
25917,3
40199,2
63938,3
87978,0
84984,0
66772,1
34173,3
51307,2
80797,3
32175,1
28651,2
77179,0
89054,0
55204,0
76666,0
10938,2
94998,2
39058,0
21149,0
10886,2
16814,0
72728,0
91975,0
53415,0
71304,2
19437,2
55366,0
43728,0
19042,0
5030,2
20647,0
42194,0
55241,0
19521,2
74388,0
90174,0
93204,0
54838,3
14944,0
63022,0
80383,0
4831,0
7471,0
21477,0
66538,0
49437,0
11229,0
11721,0
36294,0
56114,1
19752,0
77963,0
12537,2
43970,0
13509,0
51966,0
6267,0
79593,0
12456,0
52294,0
79037,0
94784,2
54044,0
39476,3
92541,0
94687,0
51667,0
16185,3
66361,0
78558,2
79783,3
51139,0
81567,0
86737,0
21196,3
73885,0
49062,0
45596,1
49255,0
2582,3
96905,0
668,0
90061,0
47790,0
22497,0
47156,0
14362,0
8655,3
38073,0
52253,0
63864,0
45857,0
90369,0
88816,0
80570,0
93382,0
67079,0
18586,3
74411,0
71028,0
6527,2
38981,3
4395,3
8403,0
17037,0
63881,2
75647,0
66529,0
80199,0
37202,3
75594,0
55139,0
47397,0
32932,2
10372,3
80640,2
43265,0
10257,0
85967,0
13824,0
98004,3
78440,0
20947,0
89460,1
27007,0
3457,0
44456,0
33573,0
83502,0
10798,0
44258,0
20534,2
61339,2
95025,0
19525,0
84099,0
44960,0
98179,0
98148,0
16042,3
34221,0
69020,0
24560,0
64527,0
41650,2
27634,0
18156,0
23449,3
31397,1
13356,0
6501,0
12259,0
15435,0
30785,2
61499,3
9608,3
6394,3
68285,0
90234,0
67857,2
82258,0
79543,3
47188,3
39277,1
35314,0
20983,0
4239,0
70331,0
20824,0
52394,0
82290,0
37821,0
42132,0
5848,3
34645,2
9980,0
46462,0
3822,0
46336,0
77383,0
99023,0
65307,0
34137,0
54439,2
39984,0
6824,0
37303,0
98979,3
47862,3
48428,0
81385,0
24820,3
35467,0
14269,0
1998,0
13559,2
30205,2
79437,0
34107,2
82887,0
20994,2
24538,0
86105,0
4747,0
88805,0
57428,0
13030,0
13450,0
75187,0
12781,0
55662,0
92970,0
83246,0
62637,3
61823,0
80154,0
23093,0
78403,2
74468,2
25770,0
82793,0
47815,2
39147,2
25495,0
6965,0
4242,0
36740,0
8743,0
48102,2
12872,3
45023,3
53581,2
92549,1
74796,0
96241,3
42819,0
17223,1
579,0
57529,0
73016,0
53130,0
45149,0
43297,3
99494,0
53382,0
63455,0
10375,0
89513,2
17420,0
54768,0
82948,0
96733,3
21142,0
96097,2
59518,3
4910,0
57330,0
94059,0
78755,0
64092,0
86402,2
85033,3
10285,2
42178,0
21839,2
65345,2
45235,0
1550,2
86228,2
84904,0
26730,0
37046,3
88584,0
85321,0
52053,0
1759,2
25111,3
37018,0
92077,3
75771,0
4169,3
76545,0
24934,3
8364,0
13673,2
90209,0
3352,2
25065,0
79389,0
6087,0
57675,2
22856,3
64006,0
25671,0
94401,2
68776,3
55589,0
26473,0
43886,0
892,3
35573,0
32883,2
77173,0
37713,1
87044,2
65999,1
64925,0
40816,0
67380,0
35859,0
61140,0
58005,0
71298,0
82856,3
828,1
80602,2
98387,0
43451,1
26384,2
71221,2
67043,0
94898,0
21217,2
20615,0
95489,0
59901,0
98680,3
30496,0
43158,0
10365,0
52282,0
4811,0
48373,2
87021,0
38905,2
21442,0
62913,1
85637,0
30098,0
38055,0
22598,3
83706,0
86260,0
93589,0
85270,3
20371,2
12027,0
92340,0
19749,2
5111,3
17072,0
78848,0
34842,3
38555,2
88163,3
41117,1
43671,0
7735,0
1586,3
17977,0
24821,0
43520,2
15550,0
16783,2
50041,0
12369,0
85303,0
14918,0
8971,3
67289,0
30771,0
99351,3
66646,3
25011,0
1683,0
93638,0
53410,0
31714,3
19225,0
40279,0
36983,0
36079,3
85729,3
37893,2
41523,0
69107,2
52771,3
41737,0
73450,3
56563,2
96826,0
23360,0
61211,0
67169,0
13134,2
38875,0
55807,0
75959,0
72190,0
58698,0
82830,0
97036,0
6114,0
79541,3
20437,3
76197,0
28104,3
78058,0
31664,1
63647,3
39864,0
17804,0
10149,0
59066,0
46591,0
49929,0
63623,0
69846,0
12590,0
13052,2
34662,0
87089,3
6594,0
20773,0
58975,0
1112,0
47655,0
60007,3
71295,0
44022,2
77278,3
29643,0
49888,3
9850,0
93711,2
89620,0
48541,0
14628,0
65769,2
77552,0
56204,0
2507,2
90475,0
33507,3
46344,0
67439,0
76809,3
56816,2
53617,3
84644,0
32335,3
59320,0
31173,0
67145,2
39687,3
97964,0
91461,3
99530,0
34800,0
94331,3
72447,0
80219,3
15338,0
3439,0
87281,2
52973,0
97486,3
51864,2
74782,0
41486,3
68719,0
56427,2
95880,3
21522,3
12112,0
10706,0
30240,3
62994,0
7987,3
28398,3
66723,0
76589,0
92390,3
49140,0
15314,0
48711,3
6666,0
31268,0
98672,2
49698,0
63811,0
9082,0
58338,2
50331,1
7958,0
74048,2
79656,2
45557,0
1344,0
31711,2
18716,0
4796,0
75473,0
43822,0
55731,0
6731,0
91149,0
87999,2
18096,2
82839,1
19594,0
24026,0
39056,0
5170,0
40942,0
68401,0
20244,2
71770,0
40521,2
63226,1
23177,0
46899,3
86223,1
29059,0
45425,0
96969,2
67664,3
2012,2
89080,0
51298,3
47772,0
96439,0
55223,2
53871,0
18644,3
11533,0
41609,0
20557,1
82826,2
60114,0
82941,0
77807,0
35273,3
67305,0
4037,0
38978,3
54443,2
37614,3
89543,3
38988,0
79377,0
23534,3
88574,3
61191,0
57683,0
10836,1
29074,3
84782,0
62715,0
18239,2
14576,0
23061,2
12998,0
30511,2
16229,1
55869,0
31034,2
61685,1
77108,0
29479,0
50873,0
51087,0
72356,3
92075,0
14389,0
47515,0
69615,3
21478,0
86930,0
36921,0
94477,0
72486,0
66418,0
15572,3
57907,0
52608,0
48959,2
70267,0
12495,3
67236,3
45341,2
7370,0
54665,0
55779,1
638,1
27790,1
46544,3
6964,2
66768,0
53933,0
79133,2
85326,0
62737,0
81818,0
33015,3
88554,0
51420,0
5866,2
10287,3
11158,0
15431,0
85521,0
63568,0
64463,3
78819,0
89614,0
25990,3
60087,2
77714,0
76401,0
6725,0
41462,0
83748,0
61620,0
13612,0
47062,3
21336,3
68335,0
30024,3
92036,0
98554,0
35819,3
21176,2
59928,0
4876,0
54099,2
79848,3
87043,0
10083,0
15638,0
90349,0
14983,3
13314,0
15440,3
37167,0
70352,2
34348,1
60306,0
26229,0
78174,1
84346,0
48568,3
71851,0
80406,0
90296,0
96342,0
51361,3
90759,0
61894,2
38092,0
10068,0
46973,0
70106,0
89026,1
49222,0
40865,0
46295,0
93420,0
96850,0
38646,2
77481,3
85378,0
16687,3
38458,0
56794,3
97680,0
96294,3
40434,0
61764,3
6533,0
42773,2
66256,2
93969,2
97630,2
2091,2
84797,0
10016,2
18245,0
65681,0
4203,2
13147,0
84619,2
8882,3
72211,2
59859,3
86777,0
42411,0
38205,2
44886,0
42292,0
29210,0
40001,0
62640,0
12685,0
35290,0
90334,3
12147,1
48412,3
18810,0
14444,0
21587,0
56510,0
66440,2
10129,0
68369,0
27107,0
32626,0
80253,0
46296,0
97039,0
71283,0
33047,0
13219,0
37062,0
42916,3
42213,0
53274,0
99142,3
44076,0
68834,3
30581,0
78567,0
18191,3
12135,2
52227,0
64974,0
97822,3
45788,0
16832,3
7944,0
16280,0
62532,3
24071,3
44523,3
181,0
33609,0
75683,3
7339,2
94724,0
35767,0
30506,3
45010,0
62008,0
63640,0
51672,0
67861,0
66234,0
67971,0
40164,3
44496,2
26845,3
51505,0
21479,3
54291,1
26060,0
47708,0
60435,0
38284,0
34860,1
3986,3
93496,0
26439,0
40458,0
20862,3
56854,2
73760,0
38405,2
62967,2
1780,0
31933,0
90260,0
67080,0
88488,0
13004,0
19399,0
79038,0
88280,1
26287,0
65871,2
69585,3
11323,0
62473,3
78497,1
55061,0
85582,0
28773,0
944,0
21177,2
44658,0
62727,0
19222,0
9492,3
95283,1
25326,3
44873,0
25594,0
72344,3
155,0
95137,0
53457,0
83043,3
83099,0
26532,2
60535,0
91453,3
49766,0
60578,0
65567,0
73374,0
60350,0
90208,2
34997,2
72038,0
4577,0
60777,0
8076,0
96986,0
65134,0
12173,0
96995,0
94303,0
71823,0
3410,0
95172,0
52297,0
27028,0
73978,0
99594,0
96232,3
70556,2
15018,2
64421,3
89925,0
97955,2
35202,0
3143,3
21075,3
11796,2
51247,0
50734,2
82220,0
62887,0
85420,2
30556,1
51833,3
86054,0
52277,1
20123,0
23428,2
79000,0
80161,0
2608,2
34125,0
85128,2
27858,0
65000,2
35688,0
79571,0
82280,0
49096,0
72484,2
79168,3
94069,0
63333,3
81078,0
74002,2
82692,0
76156,3
48091,3
94990,0
83114,0
53413,0
34074,0
59011,3
83366,0
95819,0
45692,0
61597,2
3830,0
71954,0
49935,0
37425,1
73679,0
78608,0
11414,0
65941,3
71271,0
87533,0
79092,0
73808,0
22680,2
98310,0
38532,3
72238,0
24540,0
57070,0
24153,0
72291,3
70700,2
70392,0
60366,0
55432,3
63671,0
55572,0
27686,0
60613,0
48400,3
24388,0
22787,0
9942,0
75563,3
16274,0
61956,0
96989,0
96652,1
70889,0
81346,0
41730,0
65619,0
18665,0
9805,0
8695,0
21909,1
32578,0
68914,3
76338,0
7622,1
15524,0
20288,0
59661,2
27158,0
83984,3
99105,0
97551,3
82462,0
48923,3
62329,3
48231,0
97996,0
95977,0
34519,2
98533,3
32858,0
20873,3
64939,0
88634,0
87423,2
89524,0
36636,3
45120,3
86894,0
75145,0
55814,2
859,0
24056,1
99160,3
85745,0
52654,2
18028,0
9653,0
89044,2
85199,3
98212,0
56655,0
88274,3
95954,1
90452,0
97577,2
13675,0
38853,0
29246,0
60688,0
54712,0
71628,0
2899,3
41327,0
604,0
41402,0
18773,0
8751,0
19283,0
36948,1
75465,0
84301,0
40953,2
62738,3
20880,0
97155,3
38401,0
15715,0
56467,0
36262,0
838,3
80900,0
70936,2
26304,0
65835,0
33844,3
94583,2
87226,3
45544,0
53461,0
10047,3
68766,0
83144,0
99395,0
57526,3
74043,0
35737,0
13639,3
76451,3
46236,3
71162,3
10319,0
1566,3
93981,0
64480,3
58848,3
89846,3
56958,0
18077,0
71919,0
15066,3
89971,0
84072,2
31693,0
93983,2
6173,0
40272,0
27381,0
16003,2
66,0
14082,0
97752,0
64350,2
44077,0
13980,1
68346,3
55231,0
62518,0
39090,0
29272,0
328,0
86788,1
83688,0
80401,2
54964,1
36890,0
37313,3
85783,0
95248,0
13700,0
57088,0
7783,3
89461,0
31517,1
50684,0
50438,0
91493,0
49428,0
6066,0
49978,0
73494,0
11200,1
99702,2
79724,0
23426,0
15848,0
14316,3
18910,0
98831,0
19938,0
69426,0
86271,0
5492,3
53761,0
40668,0
71658,0
60775,0
57156,0
55009,2
22997,0
42069,2
22871,0
62817,3
56645,3
10021,2
56042,3
6022,0
8038,0
53763,0
27442,0
50820,0
31989,0
17170,0
43666,3
4495,0
21126,1
13243,0
17840,2
70476,2
29080,0
99977,0
70779,3
52872,0
31101,1
86901,0
84610,3
55249,0
35598,2
5588,0
97457,0
4713,3
91719,3
21311,2
15799,3
26493,3
72469,0
71893,0
44930,2
13472,0
65030,0
61459,0
16887,0
13308,0
39516,0
34936,1
94123,3
96810,0
90607,3
75226,2
83314,2
99573,0
26484,1
18966,0
15184,0
42579,2
91691,0
68920,0
9121,3
82620,2
28393,3
70169,0
98482,2
29598,2
41822,0
67441,0
61547,0
90345,0
35868,2
29653,0
59914,0
60624,3
11225,0
53045,0
25653,0
7522,0
67733,0
63624,0
43966,2
67534,3
21267,3
60356,0
35896,0
43037,3
52782,0
93957,3
76464,0
79395,3
53174,0
75649,0
58303,0
13106,0
19280,0
35847,0
33107,0
78904,2
17268,0
9624,0
7723,0
97237,0
88361,0
64583,3
74914,0
64436,3
6540,0
97323,2
48016,2
65889,0
67788,0
40144,0
75133,2
36986,2
94966,2
47160,0
22004,0
28497,0
27718,0
85963,0
12587,0
33574,0
61759,0
31586,0
71521,0
14510,0
48878,0
73530,0
32421,0
95191,0
50044,0
39627,0
49205,0
71165,0
14673,2
18946,0
52946,0
59806,0
12558,0
20707,3
83891,0
35369,0
51708,0
70165,0
57821,0
82709,0
67719,0
99016,0
84186,0
72269,0
68661,3
75185,0
68573,2
75424,0
4763,0
33900,2
40421,0
32512,2
70399,3
17463,0
53531,2
37143,0
32266,0
18919,0
65096,0
25118,3
13406,0
23297,0
60017,0
24152,3
89916,2
14239,0
1270,0
85019,3
48303,3
26747,0
90338,2
31628,0
1126,2
47927,2
44682,3
71026,0
35281,2
9908,0
63709,0
99942,0
27816,3
27836,0
73071,0
57277,0
43999,2
94238,0
35921,3
65126,2
34218,3
23713,0
50814,0
37668,3
42187,2
54720,2
73207,0
31569,0
40799,0
21798,1
39271,0
63865,3
85618,0
68022,0
82668,0
17999,3
37489,3
51021,0
57318,0
82229,0
8373,0
77491,0
41332,0
79174,0
80737,0
92082,0
79173,1
73223,0
84915,0
65650,3
69791,0
33360,2
14529,2
16405,0
22915,0
53026,3
36132,0
82761,0
64531,0
10361,3
41429,0
51377,0
53350,0
93989,0
78556,0
86841,3
72330,0
54298,1
93205,0
31806,3
36028,0
89169,2
52456,0
51747,0
32825,3
5403,0
38847,3
29520,0
41973,0
37696,0
92251,0
43343,0
57164,3
29411,3
70194,3
3801,0
46283,3
1914,0
23834,3
67934,0
69351,0
89441,0
16837,0
8796,0
55492,0
98425,3
44745,0
19831,0
46307,3
57033,2
4382,0
64876,0
86700,0
79366,0
46562,0
65611,0
91900,0
8530,0
85282,0
90380,0
39696,0
78331,0
84198,0
21704,2
299,2
56026,3
77742,0
60850,0
31413,2
34289,2
50172,1
36782,0
3481,0
99060,0
86601,0
19590,0
59657,3
9882,0
2987,2
67,0
33854,0
14955,3
53305,0
78765,2
76108,0
98006,0
61480,0
74053,0
59874,0
2934,2
30202,0
84401,0
77972,0
91256,0
17298,0
36976,0
63184,0
49582,0
18889,0
54911,0
52374,2
88400,3
57990,0
20113,0
56432,0
71872,3
92889,0
7938,0
60919,3
89551,1
93754,0
81476,2
73335,2
89497,0
27338,0
75234,2
26955,0
92971,0
50711,0
12714,0
81642,0
61205,0
42641,0
72274,3
40616,0
5269,0
48474,2
35783,0
5730,0
17718,0
50721,0
54609,3
39002,0
75099,0
97943,1
32460,0
60521,0
55850,0
53286,0
77674,0
34955,2
43935,3
26267,0
30946,0
8960,0
85698,2
24806,3
59788,0
64263,3
50239,3
93043,0
87505,3
4391,0
98305,0
82021,0
78983,0
3086,0
26528,0
37563,2
8307,0
21334,0
10724,2
83374,0
54787,0
6001,1
29004,3
4757,0
64336,2
15239,0
67510,0
63277,1
42461,0
58113,1
50595,0
95437,0
98997,3
20746,0
87178,0
66051,0
24188,0
58323,0
14229,0
33666,3
80584,0
2602,0
47709,0
40433,0
2875,0
76802,0
19659,3
54949,0
80629,0
83323,0
37186,0
22391,0
15478,3
4367,3
97209,0
60532,3
74702,0
49829,3
3211,2
33108,0
3114,2
54322,2
57542,0
70000,0
42351,0
59729,3
50805,0
26759,0
95236,0
2318,0
20103,2
14004,2
3037,0
57977,3
30285,0
25531,1
84193,2
25417,0
77988,0
93213,0
24562,0
34372,0
55726,0
58564,0
17750,0
88475,0
84701,0
37466,3
78519,0
1049,2
31750,3
5945,0
29556,2
71731,0
43130,2
17510,3
42004,0
69225,2
34797,0
23021,3
81791,0
37721,3
58024,0
24408,0
30834,0
76909,0
12146,0
77679,3
48837,0
69783,2
88703,0
90293,3
46468,0
80251,0
24734,3
72056,2
22095,0
16675,1
78946,0
19604,1
4474,3
77554,3
71016,0
56592,0
91402,0
95813,3
90054,0
34952,3
9929,0
88282,0
41633,3
85690,0
39814,0
7062,2
65474,0
29453,0
49384,0
56218,0
29243,0
24336,0
14481,0
91445,0
26746,0
60139,3
11881,0
51152,3
25765,1
27509,0
52069,0
62122,3
44842,0
62171,0
39940,0
80660,3
90464,0
31335,3
365,3
48193,3
94759,0
24337,0
92835,0
9872,0
63320,0
28344,0
88726,0
67210,3
25139,0
2191,0
1817,3
69618,3
20641,2
95207,1
43912,1
85984,2
84587,3
14820,0
16307,0
57264,0
37289,0
96464,0
46021,0
57370,0
35414,0
85457,2
27125,0
77813,0
51807,0
26802,0
24941,3
68655,0
69202,0
98014,0
19632,0
97115,2
69921,1
7190,0
92244,3
45412,2
97338,0
48658,0
15778,0
64187,0
19855,2
71382,0
88033,0
61979,0
46125,0
84963,0
281,1
1571,0
23404,1
25052,3
97236,0
25149,0
89928,0
35326,0
60892,2
48040,0
53669,2
54913,3
6354,2
60215,2
59147,3
93112,3
97461,2
87788,0
51248,0
12862,2
78131,0
58280,0
50728,0
89480,3
54022,0
93126,0
10158,0
13305,0
5198,0
62306,0
86783,3
53313,0
52327,1
39347,3
54456,0
35309,0
89829,0
7685,0
89963,0
78968,0
19415,0
31700,0
87722,2
12943,0
83267,2
46071,3
21553,2
52563,2
99639,0
89890,0
26461,1
27938,2
78034,0
76885,0
78191,0
77725,0
13801,0
90806,3
71929,0
28862,0
2304,3
21161,0
1647,0
17063,3
76070,3
27293,0
93630,2
74723,0
40590,0
50917,0
72776,2
2730,0
92263,3
27184,0
96285,0
17700,3
74873,3
8361,0
43062,3
16833,0
5511,2
6353,0
15732,0
49966,2
77315,0
11821,2
10035,0
42544,0
32532,2
77417,0
55705,0
22434,0
65057,0
57672,0
91377,0
77569,0
51106,1
18521,3
63480,0
4750,3
98898,0
97499,2
32723,0
87787,2
15006,2
90912,0
74476,0
41882,2
32894,2
86842,2
96119,2
58560,0
52056,3
93861,3
15233,0
61505,0
36388,3
2638,0
35055,3
74205,0
82791,0
55533,2
40088,2
28382,0
53301,3
71179,3
12357,3
62260,0
99604,0
3763,0
91566,3
47297,0
29621,0
84628,0
76189,0
97963,3
94403,0
6760,0
36295,0
4958,0
83822,0
19353,0
69645,0
23571,1
78223,0
86759,3
46793,3
8510,0
35218,3
7625,3
60422,0
11644,0
40698,0
13441,0
97123,2
36074,0
62786,0
77916,0
58434,0
240,3
44923,2
90547,3
8612,0
49675,1
11593,0
27494,0
37686,0
46177,2
40314,0
68345,0
60184,0
8044,2
70970,0
38769,3
99282,0
91145,0
90814,0
90163,0
55089,0
40274,0
36767,0
40640,2
37746,0
5543,3
41875,0
72503,3
64485,0
58205,0
57310,0
20942,0
33637,0
67396,0
98897,0
14622,0
96454,0
52289,0
3239,0
73417,0
61274,0
46186,0
19436,2
36260,0
23987,0
24261,0
84027,0
69048,0
28900,2
12473,3
40212,0
77293,0
14968,0
77011,0
72944,0
9395,0
82751,0
52600,3
70546,0
5838,2
67850,0
41796,3
58810,0
22596,3
47462,0
71482,0
38308,1
47752,1
80962,0
85874,3
41721,0
34284,0
72702,0
91442,0
9383,2
44313,0
57523,0
83437,0
52775,0
21710,0
54606,0
86669,0
90586,1
58173,3
52681,0
47487,0
65158,0
68898,0
8824,0
64387,0
46305,0
87213,0
32656,2
46703,3
6429,0
27796,3
73418,0
21017,0
93963,0
97520,0
8074,2
58015,2
35699,3
60591,1
28146,2
9803,2
69410,0
20108,0
1913,0
43276,2
17501,0
29304,0
48252,0
60299,0
52532,3
61252,0
86689,0
71961,0
20651,0
18574,0
91006,2
49045,0
81545,0
13505,3
87310,0
69635,0
48978,0
95038,3
57997,2
98516,0
38874,0
72169,2
31363,0
20549,3
60294,3
22744,0
8763,0
55110,0
31545,3
4373,2
3014,3
39092,0
29555,0
80197,2
96192,0
96866,3
63903,3
34118,0
36322,1
51879,0
90694,1
17679,2
51555,1
9774,0
91574,2
57447,0
53966,2
7438,0
10559,0
83407,2
44940,0
53103,0
55515,0
94540,0
60101,3
75971,0
69000,3
78007,0
63110,0
59504,0
96552,1
5246,0
66074,2
42590,0
43157,2
48363,0
72201,0
91446,0
77421,3
24422,0
83946,0
81805,1
7420,0
88697,0
16787,3
60220,3
70365,0
15276,0
94340,0
17986,0
98952,3
44274,2
16420,0
21220,0
34369,3
81000,0
45231,2
11653,0
2152,0
83127,3
2422,0
38748,0
18414,0
57419,2
70532,0
63501,0
13550,0
19447,0
94165,3
53137,0
22993,2
54083,3
25703,0
37196,0
14987,0
56127,0
33758,3
15931,0
49637,0
70203,0
83914,0
43836,0
29831,1
96426,0
79941,3
14664,3
71545,0
6642,0
74761,0
7593,3
93668,0
94449,0
49030,2
38365,2
50226,1
63820,0
34597,0
43712,0
37994,0
81890,0
93766,0
44344,2
5640,0
87435,0
95166,2
82562,0
12398,0
99512,3
31017,0
16519,3
45784,1
45814,3
57710,0
7875,0
66019,0
97663,0
47866,0
90242,0
21222,0
30122,0
48774,3
98172,3
24342,0
84555,0
69214,0
61488,3
35137,3
90693,0
26318,3
41558,0
27221,2
69878,3
3052,3
1876,0
35402,0
26016,3
90617,3
84168,3
60067,0
86281,0
51025,1
8966,0
77275,3
67410,0
99935,0
42327,0
30031,0
60197,0
89824,0
61991,0
29751,0
716,2
83673,0
28396,0
52442,0
18043,0
60080,0
37675,0
17835,0
74397,3
17497,0
56756,1
45125,0
43641,0
98646,0
41894,0
56612,0
81267,1
65487,0
57859,1
91666,0
86569,0
70136,0
49724,0
59221,0
85710,3
66992,2
28658,0
51640,0
55727,0
72379,0
49354,3
45627,0
53307,0
59093,2
8831,0
21251,3
25029,0
50451,0
595,0
77468,0
30139,3
63748,0
86227,2
80045,0
99911,3
97234,2
37222,0
20047,0
84395,0
68312,0
31485,0
94649,0
67034,1
9244,0
34123,0
58772,3
67320,0
96686,3
94546,0
54168,0
31137,0
68276,0
73560,0
96390,0
56203,3
25279,3
22534,0
7523,1
91488,0
85770,0
34872,3
14019,0
46395,3
30870,0
30119,0
34419,0
46917,0
14757,0
44636,0
30536,2
82883,0
40913,3
98307,3
78249,1
84162,0
81229,3
50173,0
3034,0
46848,2
16064,1
4188,0
92497,0
65993,3
90882,0
298,0
20400,0
36881,0
5345,0
43858,0
74273,3
38157,0
57142,3
82780,0
64904,0
13259,0
3828,0
18622,0
24862,2
64569,0
68035,0
98175,2
24297,1
10057,3
30621,0
98104,0
29946,0
40939,2
90670,3
3314,0
57388,0
8964,2
3679,2
90016,3
85064,0
17093,3
78008,3
72217,0
64459,0
94603,0
33110,0
33442,0
59036,0
46182,0
63256,0
87622,2
74756,0
45711,3
14210,0
41232,0
32738,0
1151,1
71043,0
42198,3
8029,0
61532,2
243,0
31896,0
46538,0
26506,1
92106,0
29570,3
90773,3
70857,3
50902,2
50880,1
49052,0
26750,0
30899,0
11638,3
43416,2
37969,0
21812,3
49135,0
47347,0
36853,0
75356,1
28451,2
58936,0
59136,0
73834,0
42082,0
56031,2
7443,0
32039,0
40507,2
24865,0
82114,0
37841,3
31330,0
79301,0
40356,0
36168,0
25415,2
25410,3
81661,0
75156,0
24635,0
52154,0
26381,0
90098,0
36816,0
13629,0
35156,0
21799,0
95331,3
78955,2
52869,3
86948,0
12476,0
55504,2
48523,0
43104,0
73348,0
65862,0
18127,0
41641,2
90504,3
75967,0
39321,2
32955,0
21772,0
61343,0
20408,0
23791,3
95182,0
14584,0
56418,0
11331,1
23624,0
40628,3
67467,2
52298,0
83431,0
14191,0
4832,2
1688,2
43427,0
75523,1
72608,2
76504,0
38788,3
9956,0
13121,2
84544,0
41554,0
66801,0
82434,3
57423,2
42072,0
77743,0
53034,2
61983,0
92303,0
38027,0
68274,0
39343,3
96431,0
18587,3
17316,0
9914,0
44979,0
41725,2
36984,3
3794,2
96904,0
56489,0
90367,0
39660,0
70859,0
55348,3
44545,0
26900,3
90354,3
29178,2
4834,1
26447,0
190,0
38446,0
7227,0
61644,2
9473,2
15612,0
69018,0
58791,3
94727,0
73471,3
55318,2
84833,3
4462,3
37785,0
4912,0
83967,0
81729,3
74143,0
1988,0
26525,0
16708,3
11812,0
92727,0
92550,0
34610,0
42142,2
65079,0
9877,3
54310,1
31471,3
15277,0
68809,0
51959,0
93245,0
99308,1
96126,3
10394,0
45011,0
1101,2
31897,0
89802,0
41103,0
55854,2
81388,2
57284,3
79107,3
12105,3
44232,2
9692,2
60870,3
48015,0
59292,0
4345,3
48173,0
34417,3
23167,0
73019,3
40444,0
361,3
49522,1
56927,3
75211,0
30270,0
41842,0
50730,0
50180,0
42275,0
31230,2
69023,0
97664,0
13396,0
58603,2
86176,3
86080,1
57942,0
10720,3
26123,0
18350,2
14649,0
2336,0
29384,0
41604,3
97406,0
64666,0
58812,2
44974,0
47620,0
84195,0
91024,0
8871,0
10441,2
76459,3
10912,0
41108,3
28220,0
95183,0
62302,0
41525,2
7656,2
24194,0
60974,2
46821,3
92977,2
24658,0
56671,2
52827,0
1282,3
29154,1
24979,1
80030,0
48991,0
61982,2
19857,0
29140,0
24628,0
38974,2
95754,0
74906,3
52760,0
78183,1
10742,3
47072,0
45829,0
92160,0
51366,0
82244,3
50143,0
25395,0
75561,0
36477,0
52621,0
11915,0
67152,2
60084,3
12656,0
80012,1
13364,0
83799,2
43176,2
1307,0
90836,0
65986,0
56699,0
47961,3
53523,0
88612,0
8257,0
47512,0
31891,0
48850,3
46539,0
89168,0
58204,3
32008,0
17663,0
31518,0
12964,0
72346,1
25691,0
11376,0
45500,0
88045,0
20592,0
60721,0
13182,0
56159,0
39698,0
56790,0
2389,0
56492,3
85001,0
26914,0
95122,0
83226,0
56400,0
26904,0
20021,0
14626,0
20646,0
46259,0
35693,0
21429,0
74666,0
99274,2
61006,0
71093,0
78798,0
74651,3
4571,2
69215,2
62510,0
45860,0
67599,0
67215,1
32540,0
12176,0
5505,0
28007,0
79822,0
943,3
67595,3
79999,3
17918,0
71252,0
73044,0
53193,0
61378,0
62919,0
65577,0
20226,0
50998,0
63029,0
58705,0
30696,0
86480,0
47928,3
79430,2
43100,2
44543,0
66378,2
18589,2
35790,0
67321,0
26937,2
88544,3
28172,0
12421,0
52855,0
67851,1
33807,0
97221,2
95935,0
23629,1
75220,0
4003,0
35610,0
10456,0
71572,0
13546,0
14190,0
39190,3
12439,0
30295,0
7802,0
59021,0
87757,0
53925,3
49825,2
92418,0
57750,0
53923,0
55168,0
29844,3
12830,0
84817,0
69284,2
67307,0
5941,0
89514,0
52126,0
30133,2
59155,0
70448,0
75376,0
35011,3
81376,0
74051,3
55008,0
72992,3
2610,0
79734,0
1017,0
99919,3
95161,0
90902,0
61235,3
53577,2
60973,3
7429,0
44951,0
78963,0
56949,0
80519,2
12044,0
7605,0
20002,0
72802,0
30444,2
28236,0
47547,0
29957,2
54655,0
98784,0
62954,0
49968,2
48807,0
79810,0
33704,3
83175,3
13237,2
78231,0
59279,0
13153,2
78924,2
15736,0
14554,0
13455,3
85767,0
67727,0
25187,2
11929,0
76620,0
38856,0
36729,2
21221,0
88367,0
51891,2
8069,0
64806,0
54094,3
71402,0
81065,0
44905,0
63424,0
34449,0
19809,0
44883,0
7759,2
56839,0
38207,0
14254,2
17017,3
77375,0
21083,2
5997,0
66296,2
58345,0
12284,2
1161,0
3472,0
30242,0
1249,0
91458,0
94504,0
23011,3
12370,2
17911,0
20802,3
4892,0
39863,0
20993,0
36544,0
95601,0
35047,3
59484,0
72670,0
45439,0
42388,0
37187,0
53058,0
6610,2
8642,0
61456,0
97307,2
30678,0
77931,0
1686,0
30411,0
87665,3
86986,3
64117,0
32135,0
15673,0
46023,2
96588,3
3540,0
38669,3
18692,0
33169,3
67290,0
21708,0
60361,0
43939,2
5822,0
81168,3
5761,0
70415,0
59060,3
16541,3
33372,3
7672,0
8646,3
21663,3
99701,3
60119,2
1635,0
25873,0
91399,3
69861,0
21335,0
50921,0
42726,0
3716,0
41908,0
12160,0
70664,0
85933,2
95838,0
75987,2
55820,0
94090,0
46214,0
81121,3
83619,0
29960,1
25696,1
28684,2
32432,0
75348,3
4809,0
27636,0
86701,2
6837,0
4818,0
72219,3
72841,0
89517,2
17516,2
18950,0
36316,0
18653,0
44431,0
64504,2
80374,0
57477,2
21920,0
2569,0
62039,3
55490,0
13715,0
76055,0
77241,2
15551,0
49409,0
15900,0
65123,0
53489,0
56815,0
1665,2
81540,0
43392,0
37085,0
68456,2
39501,1
59832,2
33855,0
51078,2
62779,0
27646,0
19902,3
91519,0
34501,0
30742,2
7003,0
34406,0
65744,0
52718,2
65936,0
64173,0
88324,3
98789,0
27160,0
84098,3
9013,2
19729,3
5183,3
1615,3
92440,2
33467,0
27329,0
74443,3
26925,0
92836,0
49617,0
60993,0
8261,2
59456,0
48494,0
24811,0
84432,3
86075,0
4078,0
98650,3
96124,0
89891,0
97326,0
50155,0
92146,3
51762,0
21585,3
86311,0
50671,1
13696,3
71063,3
78795,0
3106,2
73790,0
335,2
6123,0
39518,0
31091,0
98134,1
66096,2
58432,0
84593,0
10964,0
86863,2
88122,0
34617,3
82804,0
13552,2
95345,0
21520,0
8644,2
62828,2
47643,1
89017,0
63362,0
9311,0
26933,3
26992,0
90454,0
67776,1
41153,0
7348,0
63230,0
44513,3
18163,0
77672,0
85082,0
83947,0
1526,0
51020,0
90284,0
42340,0
33122,0
37068,0
22960,0
16441,3
73478,0
74572,3
83052,0
27359,0
31116,0
43488,3
20481,0
13698,3
36788,0
68499,0
27729,0
77976,0
70121,0
98963,3
18646,2
20462,3
4603,0
30142,2
22899,0
89242,3
90310,0
55392,2
91370,2
72151,0
88687,0
66561,2
52493,3
49121,0
3398,0
71440,3
61209,3
33427,0
60046,0
61863,0
5560,0
83018,0
94042,3
10606,2
97515,0
72748,0
77566,0
5514,3
6396,0
57630,3
70802,3
66960,0
3749,0
35667,0
27623,0
32374,0
45371,0
19032,0
30883,0
45170,0
20231,0
85787,2
7036,0
75854,0
21925,1
14010,3
43748,0
80953,0
76917,3
25909,2
17981,2
80740,3
9944,2
13380,0
50561,0
15700,0
14158,3
25919,0
40185,2
43120,0
63476,2
99893,3
37409,3
10221,0
12257,0
95381,0
70234,2
15790,3
26460,2
53197,3
78419,0
63061,0
39180,2
83288,2
33613,3
30860,1
25366,0
79964,3
49538,0
23725,2
45006,0
79582,0
7349,0
83897,0
8672,3
63360,1
9470,3
29419,3
78646,0
86351,0
49893,2
98565,0
18312,0
45665,0
79056,1
33866,3
34899,0
35547,1
79369,2
72909,1
6404,0
87887,0
78639,0
13544,0
13043,0
10462,2
28644,0
69330,0
77018,0
19311,0
52776,2
62501,0
14329,0
65414,0
19077,0
50283,3
4263,0
27374,0
14899,3
44288,0
61427,0
29714,0
7716,0
93615,0
18486,0
74952,0
42184,3
33945,0
31012,0
33249,2
35614,2
4021,0
59485,0
36472,0
79577,3
90201,3
68943,0
89448,3
8232,0
47793,0
84201,0
63157,2
40630,3
21495,0
14130,0
35539,0
9282,3
70245,0
78557,3
10259,1
85517,0
5056,0
31936,2
72553,0
21427,0
42750,0
44898,0
35664,1
46278,2
21606,2
61224,0
12090,2
46034,2
90781,2
8803,0
40877,3
21702,0
39118,0
44256,0
56627,0
74433,0
49193,0
59977,3
92337,0
60236,3
97024,0
99678,0
29086,0
74892,3
5113,3
56175,0
3389,0
76363,0
20198,0
77633,0
675,0
9541,0
97455,0
59936,2
73095,0
64877,3
64347,0
80484,1
25223,0
27354,0
74908,2
25352,0
86002,2
15722,0
80470,1
3243,3
96562,0
39694,0
72995,0
86571,0
13363,0
99963,0
48675,0
51750,0
19964,2
43742,0
69110,0
50128,0
80903,0
92182,0
9626,3
35136,0
8164,3
61079,0
88723,0
64248,0
39215,3
89681,0
32940,1
38398,0
66737,0
76624,3
13058,3
68284,2
97770,1
42207,0
76069,2
98547,0
51013,0
47919,3
80462,0
65313,0
75720,0
65146,0
22340,3
7145,0
10710,1
28114,1
21729,0
21207,3
61997,2
79560,0
13907,0
7714,0
88145,0
12810,0
76878,0
89262,0
92736,0
90883,2
77405,0
76336,0
55652,0
22540,2
26560,3
72163,0
53466,2
33830,0
78813,0
43682,2
38241,1
49729,0
32372,0
25454,2
65985,0
98052,2
51273,0
21632,0
55362,3
54851,0
28745,0
44741,0
98177,0
85572,0
77769,0
76012,0
78984,2
77442,0
60099,0
5223,0
11217,0
15853,0
73700,0
67265,0
56852,0
58683,0
44101,2
77138,0
53668,0
19666,3
73753,2
32631,0
46774,0
83227,0
11724,3
33598,3
26230,0
64339,0
51862,0
70427,3
43321,0
37343,0
95944,0
72067,2
60694,0
90282,0
57499,0
73479,3
57076,0
1938,0
93805,0
19121,2
78511,3
14665,2
67982,2
22408,0
91303,0
33286,2
63347,2
5669,1
19396,0
87593,0
62443,2
73936,0
71578,2
74400,3
74145,0
27578,2
80936,0
33620,0
73020,3
37884,3
89837,0
29317,0
16859,0
47108,1
49939,0
75568,0
28679,0
40902,0
67120,3
63917,0
66386,0
12850,3
6047,0
5247,0
54188,0
3979,0
80627,3
78594,0
18599,0
44493,0
85561,0
67667,1
30171,0
15996,0
7643,2
37100,3
84942,3
48466,0
47980,3
52414,0
48057,0
41344,0
9418,0
62212,0
26148,0
37956,0
12756,2
83889,3
68899,0
96277,0
27884,0
85717,0
90652,0
73257,3
52135,2
56122,3
31721,2
15073,3
11747,0
63063,2
10142,0
29951,2
22931,0
19507,3
88433,0
80355,0
58376,0
18169,0
41452,2
4633,0
82116,0
94514,1
55188,3
92116,0
36586,2
201,0
67126,0
26757,0
88440,0
17927,0
87222,3
71399,2
89424,2
779,2
57404,0
48178,1
4318,0
41228,0
48726,0
54855,0
37607,2
41872,0
80436,0
12040,0
96365,0
69387,2
74597,0
65448,0
96828,3
77423,0
58547,0
84488,0
59666,0
88275,2
52836,0
11680,2
86943,0
62857,0
23561,0
90038,0
40147,2
91649,0
29029,2
79130,2
26936,0
95155,0
70967,3
15858,0
98124,0
78789,0
76709,3
79788,3
11804,0
34405,0
68438,0
7252,0
73585,3
60877,0
82811,0
71368,0
26749,3
58711,0
5410,0
70414,0
98481,1
88425,0
16008,0
20317,0
16115,0
34383,0
2083,0
73637,3
89522,0
57855,0
80894,3
3012,0
57908,2
2540,0
22057,0
7214,0
93671,2
52155,2
94110,0
75444,0
83450,0
99463,0
14630,0
37824,0
26448,0
63407,0
94543,2
69270,0
4252,0
56718,0
34689,0
1619,0
9989,0
4257,3
4149,0
32733,0
26494,0
98013,0
30620,0
15159,2
38372,0
7481,3
41077,1
76918,3
35862,3
89878,2
64481,0
42398,3
51645,3
69459,0
1244,3
41449,3
17401,0
72200,0
951,0
23477,0
16459,3
14245,0
16799,1
87273,0
24812,0
45553,0
9497,0
74254,0
44906,0
68869,0
11072,0
82833,0
93343,3
4800,0
62018,0
17665,0
50276,3
77274,0
65137,0
66107,3
80767,3
72668,0
80659,0
57120,1
99649,2
31831,0
19842,0
36198,0
58644,2
10432,0
45623,2
49329,3
48337,0
63563,0
40876,0
6872,3
26883,2
62698,0
32109,0
35198,0
18234,0
33086,0
14496,3
29174,0
74071,2
65042,3
54350,0
96263,3
3228,0
31466,0
80677,3
87331,3
94448,3
59940,0
94627,2
37124,0
27861,0
46766,3
27235,2
44606,3
48721,0
47640,3
34897,0
88750,0
35483,0
78522,0
63678,0
85444,3
81322,0
72101,2
60780,1
29170,2
10123,0
55587,0
67552,0
22160,0
51199,0
88271,0
50951,0
98643,3
9486,0
50057,1
28731,0
20789,3
90024,0
30409,2
61460,0
65928,0
69624,0
34711,0
30613,0
80139,2
59141,0
47582,0
88317,0
59792,3
68736,2
861,0
60724,2
68422,2
10428,0
9532,0
84924,3
36038,3
4442,0
40540,2
69487,0
22382,0
17706,0
26596,0
54120,0
71940,0
68074,1
46120,0
48442,0
78583,3
83035,3
96888,1
18113,0
26702,3
17085,0
38152,0
80886,3
96334,0
34473,0
79918,3
66968,0
60162,2
92933,0
17692,2
59850,0
22657,3
14834,0
85373,2
60346,0
51166,3
55860,0
80489,0
58139,0
98102,0
69898,2
15641,0
64595,0
36552,0
87861,2
7294,0
48955,0
49786,0
39960,0
3531,0
38324,0
92104,0
50976,2
5955,0
11671,3
60716,2
25538,1
70186,2
68974,0
93072,0
84856,2
45314,2
13747,0
63478,0
37729,0
61512,0
48806,0
23706,0
68951,0
7591,0
93184,0
86370,0
48143,0
46905,3
96619,2
91043,0
14760,3
24382,0
81351,0
26458,3
67721,3
76395,0
58436,0
12267,0
63044,0
31533,3
80423,0
36879,2
57873,2
3521,0
77894,0
64014,0
93446,1
35565,0
42244,0
25786,0
26282,0
50977,3
21948,0
40328,1
11681,0
72140,3
48566,0
19839,3
16801,3
24889,0
16384,3
42302,3
97845,0
57976,0
18058,0
76117,0
6721,0
82786,0
41694,2
13417,0
43356,2
27840,0
98057,0
23122,2
20305,0
89931,0
7362,0
72866,0
2745,0
87028,3
68018,0
42452,0
79426,0
65949,0
97204,0
72389,0
35916,2
35393,0
36353,0
30805,0
87284,0
44310,0
51948,0
43116,3
37723,0
28363,0
1471,0
1628,3
74644,0
95900,0
40649,0
6136,0
5675,2
28260,3
80874,0
18134,3
93943,3
48909,0
45660,0
20793,2
53708,0
5946,0
17407,3
34560,0
75401,3
78392,0
51275,2
59338,0
330,0
13701,0
86680,3
77045,3
32761,0
55323,1
32036,0
94780,0
74180,0
95426,0
73604,0
59802,0
80966,0
69208,1
81286,0
52613,0
42070,0
48144,0
89136,0
21150,0
48093,3
76036,3
53511,2
72846,2
21680,0
53031,0
93327,0
89102,0
11173,0
94139,2
76579,0
39527,2
68190,0
97917,2
12374,0
30661,0
71790,0
96959,0
91188,1
34395,3
16751,0
80721,0
62344,0
81264,0
76502,0
59091,3
63119,0
16391,0
40352,0
31745,3
62450,0
14972,0
68583,0
60836,3
93178,0
46049,0
24803,0
16499,2
14178,0
72951,0
64029,0
64566,0
28089,0
26305,0
65346,0
76075,0
26106,0
89385,0
97399,0
98176,2
88340,0
66752,2
32178,0
36383,0
81280,3
80707,0
31255,0
91422,0
89579,0
78277,2
71699,0
14446,2
96638,0
44659,0
20550,2
6726,3
13945,0
22196,0
87380,1
24299,0
91587,2
9802,0
36955,0
34816,3
90805,0
42271,2
11997,0
89718,2
35806,0
16769,3
44685,2
97427,0
75925,2
35289,1
11853,0
40145,2
987,0
71318,0
58797,0
25489,3
10679,0
15045,0
60782,2
2938,3
23850,0
76037,0
12124,0
3583,0
2903,3
45666,3
52285,0
4660,2
69316,0
92552,0
62138,2
68855,0
88194,0
42133,0
81060,0
78669,0
23357,3
17451,2
86826,3
68478,0
37478,1
60682,2
93744,0
33350,0
97900,0
18266,1
30573,3
79362,2
15727,0
8259,0
82591,0
50947,0
21572,2
91434,0
17613,0
96044,3
11317,3
44766,2
76868,3
58012,0
53999,3
46311,0
4556,0
30570,2
59595,0
16568,0
43091,0
90824,3
56554,0
86963,0
39285,2
28732,2
37986,0
32654,0
14818,0
74337,0
18070,3
38528,0
59244,0
98092,0
54694,2
85897,0
45861,0
26692,0
14165,0
30615,0
76003,0
4184,2
25001,0
65964,2
57830,0
52947,2
18267,0
26177,3
68278,0
81355,0
3310,0
63243,0
79169,0
64299,0
96043,0
61953,1
50369,0
62126,3
3820,3
30861,3
78244,3
80150,3
67583,3
2184,0
48759,2
88875,1
88211,0
39635,0
30594,0
78553,2
82694,0
36811,0
42948,0
15247,0
30345,0
90204,0
66128,0
78970,2
45869,0
95791,0
74079,2
62940,2
3121,0
51981,0
6070,3
83232,0
79515,3
87084,0
46417,0
45102,0
4900,0
55584,3
11679,0
81629,0
2578,1
56972,0
76921,0
90465,0
12766,3
45093,2
13016,0
28647,3
63824,0
10308,0
7550,0
24000,0
26038,1
68134,0
13028,3
91035,0
53768,0
69866,3
71022,0
339,0
47283,0
52722,0
17850,0
65505,0
18967,3
7086,2
73005,0
51525,0
47067,0
66147,0
50890,3
62959,3
69516,0
25974,3
55747,0
7111,0
57565,0
42814,0
62001,0
74920,3
76986,0
28787,0
6017,0
72624,3
79814,0
45809,3
91278,2
58286,2
31074,0
13408,2
98826,0
75894,0
68237,0
9746,3
55128,2
22858,3
91157,0
68796,0
72602,0
97047,0
87370,0
9293,3
34415,1
35789,0
30784,0
81053,0
24728,0
64264,0
34390,0
61479,0
29100,0
57916,1
19818,0
20528,2
81604,0
37663,1
77466,0
86004,0
98925,0
79006,3
58610,0
90276,3
62118,0
782,0
62471,0
40804,0
73219,0
12313,0
29684,0
27772,0
11622,3
46044,3
61327,0
68048,0
16288,0
50028,0
81667,0
31803,0
69702,0
98628,0
59277,3
71342,0
83178,3
7415,0
57439,0
64354,0
17327,2
45255,0
58841,0
15618,3
17070,3
32928,0
65224,2
43255,0
87524,0
50549,0
86408,0
77419,0
5635,2
55464,0
72563,2
24525,0
37678,0
34267,3
50828,2
52029,0
14566,0
46911,0
29605,3
2503,0
11328,0
667,1
8608,3
39432,2
83197,0
20673,0
36978,0
57781,0
91744,0
65420,2
87305,2
79198,0
70052,0
23339,0
27956,0
29667,0
4269,3
67701,0
11062,2
43452,1
35745,3
94946,0
68232,0
3088,2
69467,2
6848,2
68605,0
37017,3
55499,0
68972,3
46522,0
43291,0
18984,0
40407,0
8663,1
4476,3
31555,0
90474,0
92444,0
97001,0
64596,0
3886,0
13075,0
14151,3
82724,0
38470,0
80682,0
28902,0
63453,2
47880,0
55667,0
47166,0
76244,0
1097,3
10786,3
26238,0
88659,0
91421,0
17889,0
97735,3
93192,2
32791,0
49405,0
59453,3
50997,2
76649,0
72178,0
78332,0
25327,0
35844,0
46040,0
59318,0
21872,2
78742,3
41004,2
24326,0
81746,0
75549,3
58032,0
84647,0
28350,0
75022,0
72239,0
12378,0
68901,2
51517,0
97407,0
64764,0
36703,0
18533,2
23504,3
74361,3
6381,2
39260,2
75471,0
25074,0
62583,0
81963,2
78179,0
33393,0
15707,0
50384,0
6838,0
50212,3
77040,0
74571,0
85686,0
92558,0
60508,0
1640,2
43563,0
18396,0
59572,0
21612,0
91607,0
79202,0
12472,2
82892,0
95588,0
11445,0
36406,0
15116,0
77200,0
29791,0
64717,0
49513,0
30634,0
99630,0
51390,3
19094,1
38969,2
82338,0
27063,0
23284,0
61654,3
66448,0
54356,0
27166,2
94235,0
4368,0
86896,3
25885,0
30631,1
77596,0
84074,0
33760,2
66259,0
34931,0
34859,0
71496,0
42585,0
25018,0
95466,3
62962,0
69117,0
46107,2
98157,3
66905,2
33035,0
97636,0
89252,0
9376,0
76377,0
8331,0
70917,0
39031,0
25777,3
42315,0
17636,3
18218,2
83173,0
35213,0
35600,0
5868,3
99251,0
62198,0
89648,3
87934,2
64213,0
37747,2
76144,0
40107,0
37886,0
79312,0
15349,0
9160,0
58504,3
15398,0
40391,3
35204,2
91919,0
17526,0
23741,0
17761,0
22222,0
82430,3
62484,0
77790,1
39860,0
37389,2
14317,1
29349,0
62411,0
76182,3
18386,3
86696,0
46045,2
6119,0
96975,0
79225,0
95365,0
74036,0
45270,0
40049,0
89063,2
59255,0
64174,0
38255,0
28121,0
13136,0
63749,0
47529,2
50292,1
80712,0
27092,0
13000,0
45771,3
23900,0
42692,0
34979,0
5251,0
27030,0
49025,0
78730,2
91403,2
31463,3
87122,0
86862,0
7824,0
13567,3
55238,0
50901,2
22751,0
92751,0
60832,2
68900,0
89039,0
96900,0
88603,0
63112,0
82872,0
5420,0
81204,0
54532,3
15920,2
5533,0
76561,2
3734,0
41771,2
61730,0
38987,0
8862,2
89065,0
50681,2
47663,0
8162,3
60155,2
5091,3
37541,2
10525,0
58823,0
25045,0
65879,0
95774,2
61667,3
47466,3
93812,0
3231,0
84146,3
58983,0
54585,0
40104,0
31417,3
16040,0
27940,0
62630,3
73102,0
15888,0
77365,2
88134,0
55036,1
6901,3
94140,0
95153,0
91183,0
78702,0
23076,3
42254,0
63885,2
28032,0
46724,0
62892,2
35919,0
91217,0
69903,0
41828,0
26687,0
4551,0
22612,2
99380,0
65521,2
33445,3
22739,0
70344,0
53335,3
74222,0
66813,0
57061,1
52970,0
42225,3
37365,0
22413,0
51850,0
70617,0
93203,2
12020,0
26125,2
26554,0
29352,0
37505,0
7877,2
85751,0
65095,3
54653,3
9475,0
2090,3
45198,2
20610,0
35365,0
81902,3
53482,0
28994,0
15804,0
75927,3
25914,1
98787,2
80701,3
85932,2
6568,0
39091,0
78658,1
46303,3
77255,0
94718,0
7679,1
6025,0
63910,3
41197,2
24410,3
66349,0
55305,0
48191,3
93581,0
84873,0
18591,0
21358,0
53431,2
79794,3
25439,0
50135,1
60452,0
61503,0
62696,0
40538,3
32397,0
27552,0
26369,0
1558,0
52593,3
19554,3
23446,0
79660,0
73282,1
55113,3
5865,2
4986,3
60534,2
56723,3
86955,3
9119,0
16749,0
88218,0
98691,3
37546,3
65121,0
74589,0
66966,3
40972,0
924,0
58148,1
77169,0
12432,2
61958,3
66215,0
47336,0
36114,0
14722,0
13885,0
98885,3
26137,0
70981,3
25153,0
23722,3
74092,0
96722,0
79311,3
41162,0
67046,3
47267,0
6959,3
15843,0
14504,3
68825,0
68294,0
68639,3
66095,0
41269,0
90796,0
54479,0
37112,0
45582,0
97797,3
16857,0
37104,2
67738,0
96087,2
16709,0
64958,0
23607,2
14390,0
37422,0
61111,0
80844,2
75195,0
16734,0
37454,0
15590,0
88624,0
88630,1
64880,0
56765,0
13950,0
79531,0
63128,2
25202,0
50114,0
87428,2
99293,3
48487,0
82412,0
7819,0
7023,0
83758,2
44848,0
95094,0
71269,1
71830,0
8204,0
30533,0
58418,0
73537,0
19054,3
53834,3
52655,0
98506,3
71074,0
26851,0
84743,0
82979,0
24876,0
22722,0
1070,0
99388,0
87783,0
76351,0
94826,2
32218,0
1239,3
11018,0
14898,0
26208,3
75011,0
91848,0
99263,0
35382,0
77075,0
75901,0
72530,0
33413,0
14571,0
73066,3
59490,0
97074,2
83650,0
587,0
52928,1
89907,0
89290,0
79182,0
63893,3
12683,0
45867,0
53004,0
26926,3
87615,0
47425,0
56894,2
10691,0
58519,3
76932,0
86916,0
50969,0
65233,3
97108,0
20725,2
45150,0
72880,0
61500,2
67999,0
74773,2
81819,0
29464,1
95871,3
63428,2
51691,0
38883,0
43620,0
36253,3
87238,0
94625,3
66895,0
11160,0
62743,0
68515,2
74598,0
36438,2
25499,0
49063,0
97419,0
68644,0
70487,0
32991,0
25573,0
76127,0
51935,0
86464,0
69750,2
11941,3
80155,0
14781,0
59761,3
73290,3
90799,2
66618,3
6306,0
82693,0
598,2
82105,0
27617,0
39774,0
74656,0
93709,0
16816,0
42752,0
43600,0
5148,0
60239,0
18812,0
47359,0
55780,0
36436,3
44533,0
65210,0
73715,3
2160,0
53471,0
84356,0
2819,0
22536,0
74381,3
99103,2
9542,0
96766,2
9531,0
97020,0
40582,1
18664,0
26072,0
39661,0
10476,0
44424,2
16657,3
10389,3
769,0
40961,0
38682,0
19505,0
49967,1
87583,3
6768,2
19623,0
53421,0
85802,0
41711,3
29274,3
3595,3
84062,3
9925,2
40319,3
22585,3
9139,0
61617,0
12632,0
20765,0
17479,0
78377,2
83571,3
1965,2
55485,2
55736,3
16289,2
11112,0
71248,0
98959,0
51622,0
46476,0
39364,2
7030,0
67475,0
9812,0
89930,2
50978,0
8058,0
26907,3
47842,0
32735,2
84109,0
95451,3
57556,0
82685,2
405,0
56246,3
73906,3
92125,2
79665,3
60633,0
47393,2
180,2
56704,0
6254,3
59941,3
12733,0
14069,0
21340,0
80101,0
36345,2
14703,2
3484,0
42572,0
2833,0
20388,2
59943,2
80157,0
5687,0
53793,0
18397,3
34947,0
31247,3
19785,2
52780,0
31964,0
29478,0
45931,0
90861,0
82868,3
21744,0
62754,2
48345,0
46046,2
60443,2
29096,2
3781,0
61524,3
17672,3
21837,0
63776,3
58472,2
37945,0
38504,0
39589,0
3145,0
90417,0
64644,1
92842,0
20607,0
81574,0
6713,3
57536,3
39,0
29795,0
31862,0
9291,0
5729,3
28143,0
40216,3
56414,3
60374,0
38397,0
31564,0
51841,0
94520,0
57589,0
83929,0
42780,2
49647,0
8798,0
99724,0
96533,0
47170,0
74897,0
18814,0
90816,0
91761,0
59684,0
67022,0
59050,3
78881,0
62650,0
53723,3
27366,1
97608,2
82682,1
57628,3
97518,2
96934,0
33498,0
35415,3
29664,3
56394,0
23634,0
48787,0
94658,3
22367,0
22546,0
96952,3
84714,1
37520,2
68054,2
19696,0
22553,0
39078,0
33157,2
86718,0
56105,0
56043,0
87082,0
67780,3
97495,2
93267,2
87417,1
40618,2
49793,0
52168,0
44800,2
57551,3
83880,0
69158,0
40831,0
11759,0
70060,0
5993,0
31911,0
6945,0
1672,0
23541,3
12452,2
16602,3
63010,0
45549,0
88796,0
98782,2
92632,0
8439,0
92730,0
27685,0
9994,2
81395,3
69728,0
14551,0
84988,0
791,0
53355,0
81537,0
66409,0
56736,0
24992,3
54086,2
1041,3
99989,0
84893,0
81852,0
36214,2
5273,0
97832,0
25413,0
19474,0
18324,0
76512,0
32741,0
26638,0
79059,3
91050,0
41225,0
51191,0
84844,3
85291,0
60952,0
19607,3
22823,0
1240,2
5242,1
81611,2
27445,0
19358,1
36084,0
74347,2
87434,0
19759,3
38530,3
13995,0
77413,0
47650,1
29417,0
39016,0
91310,0
23668,3
9992,3
28060,0
13680,3
79823,0
16840,2
21118,2
43842,3
1908,0
58691,3
37781,3
90438,2
46711,0
30261,0
51811,0
55016,3
80554,0
98289,0
93131,0
35380,0
23077,2
85403,0
59441,3
33316,3
20039,0
74883,2
43381,1
54150,0
75674,3
62158,3
96237,2
82536,2
56561,2
52622,0
30773,0
38394,3
88387,0
84458,0
31376,0
71925,0
68159,0
14332,1
75163,3
13234,3
99064,0
53467,0
65481,3
97632,0
22955,0
4736,0
60629,0
79896,0
54754,0
68076,0
40893,0
82163,3
22458,3
85436,0
24494,0
53995,0
80649,0
28796,0
62128,0
167,0
81372,0
7613,3
58554,0
57478,0
96007,0
17021,3
24611,2
82106,0
86735,0
82382,3
67490,0
76214,3
5861,0
78159,3
98253,0
47004,0
33243,0
63215,0
64932,0
52110,0
70855,0
69042,0
91192,3
22665,3
15548,2
45180,0
40083,0
16299,0
15104,0
31256,3
11235,2
50552,0
87499,0
37262,0
7836,0
12415,2
122,0
77796,0
46556,3
6817,3
49315,0
16788,3
13922,0
9084,3
12786,0
69636,0
73707,0
85224,0
99880,3
92581,0
3201,0
51849,0
11210,0
4360,0
57541,0
49237,3
43185,0
34949,0
83670,3
16473,0
27755,3
90918,0
24416,3
82148,0
27095,0
68938,2
17210,0
55617,0
54544,3
54080,0
2839,0
7575,0
18520,2
919,0
75684,2
11545,0
48542,0
66092,0
2309,0
54234,2
36293,0
49300,0
21015,0
81833,0
4667,0
70442,3
17334,2
11427,0
73469,0
85779,0
73610,3
47369,0
69640,0
29106,3
2245,2
1142,0
51773,0
89057,0
23625,0
65925,3
95246,0
93307,0
25041,3
51506,0
22611,2
82758,0
58559,3
99049,0
81922,0
19203,0
58487,0
71,0
12959,0
37277,3
60369,0
77716,0
25726,0
53396,1
8986,3
7615,1
99627,3
80412,0
13421,0
62894,2
8093,3
67128,3
85025,0
50539,0
76886,0
4468,2
85806,0
5445,3
93057,0
17770,0
50798,0
95444,0
23043,0
70272,3
47016,0
46069,0
48291,0
83979,0
60344,3
54742,0
88496,0
77593,0
93058,3
79402,0
2166,0
18403,3
45745,0
29702,3
55066,3
99012,0
66488,3
79463,0
73598,3
11725,0
70373,0
35419,0
27229,0
73224,2
73664,0
97498,3
78540,0
22710,0
15817,0
71484,3
18788,0
97107,0
62157,0
43979,2
35431,0
29115,2
57979,0
40010,0
68699,3
32856,0
7357,0
88858,0
49235,0
69087,2
50493,0
57520,0
86599,0
52141,3
8146,1
9161,2
49962,0
46433,0
34070,0
50587,0
37102,0
20426,3
92226,0
28727,0
15486,0
78630,0
79066,3
35163,0
69612,0
82900,3
26065,0
65535,3
83541,3
91350,2
37733,0
72019,0
25714,2
83756,0
66891,0
60077,0
6105,0
79959,0
37971,0
97568,0
79986,2
1094,0
49684,0
67708,3
51117,0
62725,0
49656,0
77286,0
74880,3
67385,0
94382,0
25163,3
19081,2
7319,2
47598,0
41005,0
74610,0
30508,0
90594,0
75326,0
80439,3
90697,0
91659,0
30291,0
52953,3
31725,0
41394,2
97353,0
71583,0
37574,3
27490,0
18994,0
59827,2
86625,0
96367,2
79035,3
16019,0
73792,0
8818,0
44294,0
68821,2
64371,0
48823,0
88479,0
47390,3
72815,0
1556,0
86426,0
60935,3
54511,3
17310,2
65232,0
34820,3
3368,2
39810,3
33014,3
9962,0
17482,2
28571,0
83528,0
20688,0
22017,3
26930,0
58373,0
5932,0
53986,0
74866,2
46340,0
75677,0
64676,0
35150,3
80368,3
63471,0
10410,3
32203,0
40657,0
52980,3
71337,1
68183,0
477,0
18344,0
30671,0
76602,1
62113,2
87780,3
5475,0
65701,0
90749,0
4044,3
91306,0
85750,0
85765,0
99056,0
57072,0
26864,0
63089,2
90639,3
60006,0
28486,0
38219,0
91101,0
56416,0
9343,0
87030,2
52485,2
21146,3
63042,0
64844,3
53080,0
30170,2
95633,0
87393,2
14639,0
95052,0
79342,0
20683,0
57071,2
93781,2
65794,2
23207,0
36809,0
52208,0
12108,2
20295,2
63803,0
34927,2
4272,3
53260,0
15720,3
14676,1
73656,0
8372,2
16341,0
57967,0
28573,3
66860,0
77540,0
46987,3
30865,0
35982,0
63783,2
44857,2
39252,1
50623,3
39721,0
94863,0
86026,0
34992,0
36805,0
66148,0
44287,0
96123,0
20357,0
12616,0
82415,3
62990,2
42867,0
39490,0
96727,0
57082,0
4227,0
1348,2
68694,0
50945,0
18081,2
90226,0
54133,0
7532,0
7235,0
31490,0
7006,0
69029,2
3855,3
11182,0
62275,2
23240,0
75621,3
67837,0
89607,0
96261,3
53327,3
18556,0
63418,0
18649,3
22143,3
52809,0
45512,0
65593,3
28379,3
88248,2
55497,0
12843,0
50915,0
38990,0
98269,0
29912,2
94703,0
14864,0
4266,0
54360,0
56392,0
92713,0
38039,0
77711,2
85267,0
82100,0
39250,2
29030,0
2438,0
34776,0
46109,0
47300,3
92439,0
2052,2
42688,0
72908,0
71768,3
7692,0
78020,0
91831,0
21577,2
90879,0
89259,3
15121,0
18059,3
87561,0
88420,0
13763,0
51146,0
30820,3
77362,2
43226,0
78387,0
18091,0
48790,0
73506,2
7969,0
74430,0
85451,0
51656,0
70695,0
54907,0
58197,0
78774,0
85021,1
97532,0
81916,2
55381,2
13120,0
12072,1
19768,0
1427,0
3730,3
68411,0
71435,0
81216,0
81167,0
32882,0
10966,0
89857,3
31987,2
33501,1
8925,0
27141,2
96593,2
11448,0
5702,0
27014,0
43057,0
81118,0
16211,0
811,1
89085,3
66341,2
22729,0
4332,0
48984,2
76150,2
13985,0
1449,0
59503,0
49068,2
84228,0
61990,2
40809,0
39228,0
84224,3
15705,0
85600,1
94600,1
54710,0
58102,0
84751,0
93231,2
79336,0
53182,0
93363,1
53604,1
73058,3
19901,0
1480,3
39495,0
22753,2
94774,0
70622,3
12937,0
26503,1
83092,0
91878,0
1846,2
90654,2
59796,2
62950,0
58874,0
67758,0
32800,3
7180,0
21214,0
42643,0
4422,3
6884,0
71641,0
50053,0
95780,0
29493,0
49947,0
88050,3
7769,0
63469,2
76787,0
65684,0
99863,2
8393,0
27819,0
25961,0
22193,0
32459,0
10434,0
71441,0
20676,0
39724,0
16877,0
95452,3
35252,0
92805,3
85281,0
58951,0
69975,2
20653,3
29281,0
11268,1
47458,0
15197,3
27452,2
68255,0
55210,0
41271,2
74170,3
5117,0
10510,0
51450,0
38584,0
59101,0
10161,0
52385,0
2203,0
52314,0
28544,0
42441,3
86111,0
1206,3
96676,1
32408,3
46553,0
63932,0
6075,0
52508,2
11224,0
89530,0
67219,0
37341,2
50674,0
25077,0
53223,2
96789,0
58531,0
853,1
13821,0
42674,0
65901,0
44210,2
97460,0
79338,0
68693,0
37359,1
41171,0
47647,0
28073,0
39196,3
27661,0
22712,0
23530,0
71459,0
37175,0
38598,0
80159,0
53694,0
90137,2
31513,0
67641,3
92509,0
34763,0
46576,0
35996,0
61146,0
28802,2
81832,0
84232,0
49244,0
89339,0
52054,0
2961,2
14286,0
61304,0
20054,3
1584,2
57670,2
30857,1
50352,3
10492,3
92270,0
60570,0
11800,0
16321,0
60207,0
23764,0
74806,0
31643,0
44792,0
95868,3
27928,2
67106,0
75916,0
23285,0
8436,0
74128,2
78777,0
19533,0
74306,0
60415,3
67732,0
62753,1
28954,0
96460,0
89738,3
79080,3
42895,0
94417,0
29331,0
44006,0
20966,0
5547,0
29396,0
80991,0
75274,0
93025,2
88594,3
61847,3
68769,3
64409,0
44327,0
60929,0
58889,0
95752,0
13774,2
72914,2
20836,0
65403,2
46651,0
32112,0
83280,0
77151,3
80831,0
2941,0
45631,1
40122,3
85871,0
84573,0
21801,2
22314,0
36304,0
2821,2
94807,0
65482,0
33402,0
94362,0
53000,0
18762,0
64575,0
98603,2
6810,2
46246,0
4839,2
60996,2
5487,0
35722,2
57476,0
43656,3
92393,0
42168,2
45928,0
91533,0
41661,1
3137,3
17955,0
18798,0
46967,2
69104,0
4095,0
48527,0
45203,3
89729,3
48932,0
16648,0
52841,0
54652,0
6099,2
35983,3
30187,1
23536,1
7278,0
80601,1
24796,2
47821,0
31329,0
42562,0
73730,3
150,3
24835,3
84126,0
68835,0
70402,0
79983,0
90951,1
39142,0
52447,3
2929,0
12166,0
29263,0
34639,0
29686,0
39784,0
82937,2
80274,0
88123,0
72819,0
52347,3
64625,0
51986,2
37406,3
26800,1
54600,3
70099,2
80681,2
32783,2
87022,0
47219,0
97113,0
77356,0
41608,0
62982,3
72603,0
67231,3
50473,3
83671,0
44854,3
50410,2
63141,0
49070,3
24759,3
59228,1
5359,0
61158,1
55595,0
66805,3
46713,0
6830,0
11489,0
39269,0
58207,0
90256,1
10779,0
92304,0
17705,2
65682,2
40243,0
79471,2
16174,0
63939,1
51789,0
23060,2
99014,0
73953,0
98512,2
91426,0
87509,0
24008,0
9860,0
88888,0
11316,0
85243,0
90525,1
64499,2
45036,0
57485,0
75423,0
62026,0
6473,0
56538,3
38639,0
22634,0
86703,0
4543,2
14029,0
61122,0
68358,0
83825,0
87458,0
21195,0
11412,0
12761,0
61386,0
78133,0
48551,0
5535,0
83839,0
84235,0
89254,2
2860,3
67697,1
46371,0
56893,3
7165,0
74675,3
43014,0
26884,0
17561,0
8731,3
11201,3
45930,3
72516,0
13096,0
58563,0
64852,0
65714,0
94679,0
48645,3
76882,0
32912,0
56587,2
26514,0
1084,0
95147,0
69379,3
48297,0
41335,2
95442,3
11501,3
87566,0
40106,0
80430,0
21523,0
23231,3
6004,0
7246,2
80846,3
36064,0
38768,3
72249,0
80312,3
9894,0
9791,0
83740,0
89500,0
45247,0
38641,1
60152,0
10315,0
88374,0
7628,0
70933,0
50723,0
91374,0
78402,0
45787,2
25058,0
69877,0
67427,3
6663,0
3075,3
11675,3
90031,0
15115,0
12477,0
56740,3
6615,0
69179,0
21291,0
84378,0
30709,2
88850,3
40061,0
29016,2
12637,0
77206,3
53938,2
37219,0
92724,2
5875,2
58481,0
6252,0
92202,0
8955,0
53853,0
50875,0
80232,0
31551,0
72325,2
74017,0
48674,0
89097,0
20720,3
64995,0
99596,0
5970,0
22817,0
53728,0
71218,0
23816,2
2413,3
58890,0
50293,2
96768,0
58952,0
57315,0
79087,0
2151,2
66159,0
68486,0
41023,3
30407,0
57906,0
99039,0
22629,0
90157,0
78242,0
14790,0
23683,3
4761,3
49032,0
1461,0
75589,0
952,0
12000,0
9853,0
76897,3
18316,2
67759,1
19744,0
26654,0
581,0
45306,3
4890,0
80697,3
94960,2
90021,2
91971,2
57252,0
49759,0
73609,0
38722,2
6502,0
94806,0
90467,2
27456,3
25707,0
33405,0
94410,3
254,3
38538,0
52003,0
12387,0
74654,0
34242,0
63000,0
81201,0
68168,3
54814,0
20128,0
3107,0
62811,0
99918,3
64618,0
91238,0
38553,0
39020,0
78452,3
60937,3
6621,0
70112,0
34188,1
97412,0
7742,0
22568,3
47546,3
37985,0
64562,3
10503,0
54758,0
50274,0
22444,0
90563,0
28691,0
2606,0
33134,3
689,0
31380,0
66478,0
16891,3
80676,0
99908,0
22186,3
71166,2
63916,0
1503,3
94702,0
22468,3
45429,3
50359,3
44405,2
72267,0
78792,0
91711,0
36185,2
87939,0
97205,0
58879,3
8417,3
96462,0
99906,3
82915,0
69734,0
14980,3
25991,0
79394,0
69639,0
45625,0
12233,3
41200,0
4116,0
39274,2
79585,3
33670,0
18836,0
50357,0
88529,2
69395,3
86755,0
14911,0
9715,0
83952,0
82572,3
89038,0
2350,3
28132,2
58900,0
56751,0
64138,0
82267,3
37618,0
27830,2
13292,0
45827,3
55990,3
60676,0
94579,0
33638,3
64721,0
11656,3
71911,3
13761,3
93039,0
13846,3
80983,0
78164,2
77227,0
28062,2
35124,3
39425,0
77632,0
26189,0
71086,0
57235,0
78063,3
94317,0
61664,1
45039,2
37698,2
80426,0
60329,0
66165,1
67783,0
36249,0
72688,0
13354,3
13309,0
28368,0
16086,0
83873,0
8283,2
63105,0
53044,0
20909,0
25423,0
77599,0
68630,0
85028,0
37304,1
46052,0
72736,0
58861,2
54039,0
83550,0
53320,2
62983,0
42764,0
23827,0
31617,3
26639,1
87109,0
15409,0
55894,3
67342,0
99782,0
80954,0
3356,0
42265,0
84383,0
59417,0
47685,0
64964,0
94320,0
65442,2
8640,0
81433,0
35726,0
64990,1
53886,2
46614,0
42282,3
69589,3
73795,0
31495,2
45983,0
78720,0
97381,0
77127,0
1545,3
37717,0
29355,0
45391,0
28990,0
72145,0
60649,0
96346,0
50939,0
32804,0
34259,0
62985,0
17942,2
1930,0
28403,0
29215,0
14126,0
10533,0
29134,0
71609,0
65409,0
22604,3
88889,0
4996,0
4985,2
74365,0
77021,3
76192,0
30562,2
35648,0
31760,0
37568,0
96817,0
81310,3
76695,0
37570,0
89886,0
91427,0
28777,0
47566,0
82615,3
87142,0
48043,0
3327,3
29622,3
24267,0
27893,0
91750,0
20662,0
71268,0
42848,0
93663,2
35813,0
21581,0
20835,3
81171,3
51229,0
7540,0
91523,0
19952,2
84788,0
71981,0
46817,0
87482,1
63741,3
29552,0
60401,0
39230,3
82578,2
56581,0
18968,0
9998,0
14007,0
29201,3
31801,3
23814,1
35328,0
64487,2
53074,0
82545,0
42391,2
34686,3
6599,0
35041,0
56876,0
2616,3
54844,3
99191,3
95383,0
57955,0
32732,2
8179,0
93975,0
81429,0
30066,0
84009,0
34530,0
43976,3
25064,0
13230,0
59319,0
92184,2
28626,3
95000,0
91639,0
24360,2
94325,3
43733,0
75696,0
8739,0
32225,0
66577,0
12136,2
83664,0
55222,0
38257,0
42416,0
75653,0
61835,2
26495,0
40647,0
74446,2
2002,0
57149,3
74843,0
59212,2
61606,3
63851,0
67953,0
20962,0
91335,0
67955,0
14012,0
9974,0
53789,3
59743,2
8720,0
25521,0
32801,0
98510,3
56316,0
57219,0
45622,0
68208,3
46043,0
20118,0
66628,2
843,0
37451,0
6702,0
28975,0
86293,0
19316,2
47470,2
98880,0
34276,3
58489,3
61123,0
82703,0
17507,0
29725,0
5952,0
68178,2
64540,0
65125,1
1678,0
85818,0
53060,3
90363,0
22438,0
20410,0
76968,2
50666,3
49029,1
76627,0
61137,3
84342,0
97803,0
75581,1
65412,0
51662,0
33565,0
25088,3
81931,3
17974,0
72899,0
12771,0
24302,0
4754,0
52255,1
89521,0
65522,2
2748,0
89942,0
64585,0
78150,0
82248,0
46180,2
52249,0
54143,3
49246,0
65585,0
71794,0
95044,0
86773,0
95595,3
85012,0
99185,0
13812,0
35995,0
72252,0
4228,0
23071,0
46450,0
63890,0
89381,0
34464,3
55641,0
57411,0
73728,0
77636,0
50033,3
32055,0
12854,2
43006,0
26816,2
78897,2
37950,0
47282,0
39636,2
93064,0
36003,0
16792,3
47264,0
85960,3
90949,0
25053,0
74596,0
32046,0
67230,0
29973,2
8234,0
56614,3
48263,0
81161,3
81410,0
84014,0
82952,0
28963,2
50878,0
65426,0
12157,3
54800,0
51912,0
94921,0
1322,0
43850,3
95939,1
51285,1
7533,2
15270,0
94442,3
83022,2
60502,0
37348,0
19485,3
62842,0
97183,0
82967,0
85013,0
1963,0
8660,0
59707,0
8923,0
93140,0
29757,0
5565,3
15295,0
66508,0
93049,3
90886,0
37377,0
66078,2
80855,0
96451,0
48372,0
54993,3
61152,0
35333,0
38675,0
75080,3
49707,0
77410,0
71415,0
36139,0
72338,0
48351,3
57058,0
84206,2
22227,0
52672,2
31859,0
53216,0
96243,0
30804,3
746,0
2031,2
81626,0
93146,0
55443,0
14738,0
11910,0
82689,3
21019,0
14024,3
3169,3
76551,3
2068,0
89105,0
66844,0
76141,0
71613,0
33701,0
22821,0
12022,3
76559,3
82379,0
19742,0
1632,0
33119,0
11805,0
51230,0
75659,0
96629,3
20499,2
96481,0
26154,0
90450,1
24852,0
91378,0
49697,0
32247,0
45542,2
99312,0
44657,3
36570,3
52316,0
90870,0
4420,0
93306,0
11496,0
80192,0
31528,0
2264,0
26483,0
81314,0
41354,0
76157,3
22833,2
85432,3
24738,0
67636,0
56304,0
30075,0
91625,0
57342,0
93956,0
76694,0
28280,3
24007,0
53389,0
92290,0
70440,3
34602,0
93799,2
50349,2
85221,2
92540,0
3280,3
87419,0
43019,0
97553,1
8177,0
55166,0
28345,3
1122,0
98949,3
3851,0
32821,0
96974,3
52014,0
76298,2
72405,0
71988,0
53568,0
62760,0
87391,0
43513,2
51956,0
4256,0
33625,0
14127,3
93845,0
14005,0
40705,0
15785,3
33363,0
97617,3
62043,3
65969,0
8268,3
72987,0
83548,0
22676,1
49818,0
90577,0
85736,1
66528,3
1837,0
10830,2
61044,2
91671,0
26592,2
66904,0
50981,2
31876,2
42983,0
49667,0
58039,0
44856,0
43119,0
80861,0
45409,3
10396,0
52268,0
38361,0
45483,0
76445,0
26409,0
36355,0
50428,2
85131,0
88830,0
16497,0
91732,0
6490,3
95211,0
11408,3
60363,1
72505,3
48313,3
43974,0
52540,0
32069,2
58960,0
10831,0
58261,0
63673,2
66166,3
11136,0
62389,2
33376,0
94665,0
47586,0
93036,0
47036,0
19497,0
86012,0
8078,0
56047,3
88051,3
49261,3
82461,0
21314,0
82960,3
24459,0
24813,0
33922,2
17033,0
87810,2
31666,0
17333,2
95235,0
25044,0
4928,0
86219,0
20963,3
69264,0
35399,0
44116,2
97909,0
15602,3
1032,1
48671,1
90392,0
44277,0
22588,0
59486,0
9887,0
75588,0
66401,0
41213,3
24415,0
88017,3
68771,2
38197,0
48858,0
86143,0
246,0
460,0
1448,0
21060,0
45248,0
16972,0
93971,2
38292,3
56926,3
51044,2
81290,0
26567,0
49361,3
45844,1
47431,0
49294,3
25858,2
14597,0
62422,1
39630,3
65151,0
6637,0
96897,0
35095,0
88331,0
38050,0
92427,2
4179,3
38980,0
89904,0
92306,0
71047,0
51052,3
84312,0
61841,0
40855,2
87782,0
54432,0
33528,2
55544,0
45399,0
50425,2
51122,3
66062,0
92680,0
5025,0
2360,1
88623,0
76861,3
51886,3
75199,0
43881,0
77430,2
11911,0
64053,0
79141,0
49811,3
55380,0
41669,3
23843,2
63458,0
51444,0
86460,3
67962,0
91765,2
53866,1
54303,0
80353,2
14307,3
7789,0
2418,3
56011,1
47912,0
61337,0
25022,3
46701,0
70423,0
9818,0
58642,2
98777,0
19303,0
55626,2
67353,0
41696,2
11912,0
9654,0
59727,2
86609,0
3268,0
35119,0
36858,0
40943,0
23324,2
26032,3
49323,0
75919,0
58355,1
94338,0
49055,0
92725,0
28359,0
84163,3
4642,0
99994,0
5321,0
84185,1
377,2
39948,0
14837,3
29407,0
77666,0
72627,0
375,0
95483,0
10126,1
18057,3
9690,0
48117,3
391,0
47328,0
17236,0
55734,0
47886,0
3162,1
77458,2
83261,0
38791,0
16160,0
43039,3
31187,3
56210,0
40278,0
4378,0
73187,0
58961,0
68679,0
52648,2
46495,0
71124,0
38947,0
66112,0
63536,1
76926,0
63228,0
39449,0
55274,0
92479,0
61207,3
26249,3
21460,3
41194,0
69347,0
39235,3
77463,0
27486,0
99575,0
59128,0
60808,0
71121,1
92132,0
16938,0
54881,2
95805,3
97844,0
66873,0
44846,1
56399,1
19743,3
56711,0
70214,0
57017,0
86868,0
60550,0
9930,0
20282,0
68961,0
49660,3
26421,3
78260,2
22945,0
29136,0
53351,0
4338,0
18366,0
55762,0
22243,0
59775,2
66714,0
99192,0
60050,0
32508,0
29736,3
5937,2
58985,2
73502,2
57282,0
29966,0
81882,0
84635,0
48270,0
40281,0
3740,0
89556,3
79769,0
70605,0
40814,0
7344,2
93225,0
16818,0
64122,0
37103,0
60793,3
39817,0
19847,0
88252,3
36183,0
3747,3
7244,0
90348,3
60734,2
63854,2
37848,2
57220,0
41616,0
9181,0
424,0
8414,1
14015,0
20818,2
35723,2
75243,3
59425,2
33367,0
69219,3
35123,0
12565,0
59566,0
97320,3
50816,0
83537,0
45318,0
67889,0
51081,0
64563,0
27520,0
20071,0
34179,0
46249,2
39456,0
77675,0
53036,0
45531,0
41655,0
54994,0
26659,0
43455,0
21505,0
87636,2
92583,3
56094,0
49997,0
23002,0
33493,3
10435,3
82922,0
74309,0
36301,0
98489,0
66261,2
10015,0
81015,2
10121,0
13211,0
9510,1
36619,0
35676,2
88111,0
89159,0
85965,0
55773,3
58878,3
90264,2
9811,0
46840,0
77194,0
68826,0
33592,0
46277,2
44962,0
81714,2
88662,0
14023,0
73640,2
75455,0
7762,0
33168,0
60918,0
85162,3
17499,3
26311,0
98040,0
91322,0
50650,2
69303,2
33008,0
57772,2
56365,0
96236,0
16770,0
12809,2
79486,2
4901,0
86557,0
13466,0
2299,0
14742,0
66001,0
6284,1
73926,2
98893,0
67471,0
87997,0
7378,2
9710,0
59858,0
22132,0
14776,3
46397,0
81680,3
93419,0
89503,2
73239,2
71820,3
32011,0
58521,0
27631,0
23651,0
89757,0
65732,0
64362,0
73357,0
87709,0
42134,0
13470,0
63911,0
83037,0
24721,0
42841,0
17565,0
64591,3
25656,3
29992,0
6265,0
52378,0
46859,0
85288,0
48648,3
43707,0
73261,2
50712,3
56142,0
2969,2
33364,3
98757,3
42603,0
68812,0
96093,0
51380,0
69430,0
98285,0
31509,0
3059,0
1474,1
16026,0
99606,0
42419,0
23660,0
48758,3
3670,3
93622,3
98008,0
46475,0
80236,0
9108,3
46600,0
53213,0
69243,3
93807,0
98201,0
91558,3
99949,2
83255,0
17532,0
21348,0
88181,0
97687,0
1162,3
56469,0
40231,0
7660,0
67863,0
96275,2
1783,0
68942,0
46885,0
37795,1
61348,0
62163,0
29252,0
9168,3
13928,0
68253,0
36589,2
81505,0
70325,2
83317,0
55960,0
63524,0
84707,3
61019,0
78066,2
61290,0
92172,0
88789,2
6759,0
13964,0
42992,2
3523,3
40633,0
39011,0
70982,0
57984,3
95849,0
72090,3
72241,0
91104,0
85100,0
93094,1
21160,3
88658,0
67900,2
74206,0
50362,2
19413,2
56590,0
87139,3
59843,0
12507,0
20552,0
23746,0
47774,3
86650,3
15475,0
19372,3
92141,0
79646,0
18311,1
29392,0
87234,0
88342,0
80782,0
25620,2
81943,0
24756,0
69456,0
94343,3
54182,2
88332,0
21502,0
43333,0
29522,0
34486,0
1946,3
62409,2
6542,0
37775,0
22632,0
58792,2
83496,0
55804,0
78009,0
14819,3
63255,0
96980,0
17393,3
31791,0
11534,2
46692,3
86388,0
44457,3
57377,0
20904,0
99047,3
16383,0
52960,0
22211,3
56761,2
18603,0
30801,0
75379,3
18253,0
26685,2
96025,0
91920,0
12599,0
87011,0
86455,0
31592,0
6346,0
6185,3
10229,0
6271,0
80773,0
7947,3
89117,2
61591,3
24313,0
56000,0
60021,0
82154,0
40206,0
73406,0
11252,0
5695,0
99634,0
64359,3
88887,0
39637,0
25404,0
43678,2
77692,0
99948,3
74480,0
20465,2
88220,0
63442,0
30878,0
38941,3
475,0
5079,0
36172,0
93578,0
19329,0
83296,0
12857,0
42049,1
73158,2
62730,3
78616,2
81496,1
66427,0
23364,0
75932,1
80924,0
48457,0
19503,0
79615,0
75902,0
76227,0
80247,1
16711,1
72282,0
11836,0
48199,0
90018,0
11729,1
5478,0
76505,2
32560,1
37423,2
60388,0
88385,0
45783,0
26682,0
68116,0
38557,2
57372,0
99154,0
89667,0
52768,0
39409,2
80564,2
83901,3
23852,0
39854,3
86887,0
5352,3
69093,3
25845,3
39609,0
96991,2
88197,0
77975,2
77734,0
87194,0
51868,0
85284,2
8265,3
59608,3
70988,0
89126,0
82797,2
27256,3
1996,2
41276,3
19921,0
8805,1
5014,3
74551,2
56444,3
22940,0
45790,2
40330,0
40306,0
39093,0
67025,0
57769,0
31769,0
68673,0
97025,2
14979,0
38562,0
37894,0
92747,0
78849,3
48059,3
76308,3
47448,0
28723,3
68155,0
78170,3
22891,0
27016,0
42936,0
27155,0
54411,3
55216,2
57337,0
12075,3
49333,2
67004,0
16414,0
91472,3
24847,0
70547,0
29488,2
56895,0
3396,2
78695,2
51160,0
47639,0
12486,0
48381,2
35076,0
1025,0
81196,0
13736,2
35793,0
90787,0
97395,3
97425,2
45656,0
68717,0
92732,0
10437,3
31854,0
75062,0
63949,0
9518,3
72212,2
34568,2
30192,0
91861,1
36655,1
53957,2
92484,1
63517,0
89463,0
88463,0
13125,0
18328,0
68761,0
24887,0
68042,0
46288,0
93982,0
85594,0
80358,0
36289,0
35126,0
38782,0
85577,0
46590,3
20013,0
88231,2
3456,0
34908,0
13873,0
6212,0
67893,1
56551,3
16574,0
819,0
10960,0
6928,0
86580,0
87770,0
97054,0
22883,0
58100,0
66500,3
32494,0
31269,2
97667,3
26470,0
56188,2
15069,0
17220,0
82815,0
81363,0
35625,0
21978,0
12586,3
68895,1
15430,0
46949,3
67074,0
63957,2
59108,0
22654,0
78287,1
48459,0
73491,0
31085,3
44840,2
40036,0
90946,3
2707,0
9958,0
11319,1
61133,0
57708,0
96675,0
69686,3
11692,3
30607,3
77651,0
63438,2
66396,3
97232,0
39586,0
98624,2
472,0
70864,0
41179,0
72953,0
80185,0
13387,2
83334,0
19013,3
23476,0
63870,0
12701,0
73366,0
97719,0
89652,0
96321,0
12851,3
81781,2
98327,0
321,0
15251,3
76344,3
20285,0
56555,0
81029,0
39584,0
485,3
46694,3
49797,0
36352,2
75338,0
3674,2
71310,0
51613,0
22903,0
48557,0
48732,0
58406,0
97013,0
15470,2
49439,2
72828,0
23501,3
80495,0
67225,3
69668,0
49663,0
93269,0
30045,0
76231,0
52480,3
2179,2
60305,0
10078,2
90167,0
28866,2
42300,0
9950,3
20512,0
80980,3
97946,0
35550,0
15214,0
87806,0
93939,0
98444,0
3951,0
74645,0
47429,3
35203,0
93491,0
72924,0
59071,0
41929,0
51411,0
74937,0
12127,3
62564,0
50907,0
86606,0
92678,3
86886,0
35015,0
13955,3
41545,0
26420,3
45530,2
81563,0
76955,0
70348,0
53605,0
84010,0
88970,0
55706,0
85323,0
88610,3
47409,1
56177,3
67882,3
31468,0
38616,0
36101,0
15387,0
29816,3
6143,3
2836,0
91184,0
7923,0
84721,3
97580,0
14579,2
79323,0
63384,3
61426,0
58060,0
75216,0
5633,0
65770,2
85144,0
65672,2
70795,0
8727,0
75970,2
45747,3
59998,0
27615,0
295,0
50554,0
13861,0
56850,0
93593,3
42994,0
94373,0
83663,0
34558,0
89377,0
32031,3
15665,0
35013,3
69859,2
35396,3
73430,0
45003,0
998,3
78177,0
89825,0
59464,3
77717,2
10539,0
31493,0
33377,0
6074,0
56940,0
75265,3
42956,2
55207,0
20969,0
90062,3
24592,3
672,0
33819,1
16036,0
25628,0
24966,0
77803,0
16973,3
55774,2
90094,0
23605,3
8382,0
39852,2
5568,0
82534,2
51080,0
18891,0
75035,0
9947,0
77464,0
83310,0
98973,1
97281,0
21961,3
28046,3
55832,0
27322,2
34913,0
37357,0
72724,3
28895,0
3568,3
81149,3
20176,0
64281,2
74169,3
78211,2
15129,0
83179,3
69810,3
66559,0
77448,0
78263,0
73199,0
37888,0
3421,3
78431,0
65633,3
73697,0
35083,0
37320,3
24144,0
23940,0
63487,0
8715,0
55915,0
77444,0
92407,0
97029,0
50336,0
50769,0
13943,0
90420,3
71992,0
99356,0
80343,0
21574,0
4666,0
32070,3
95196,0
16117,0
51190,0
47233,0
71513,0
60882,2
51276,3
72810,2
67037,2
3970,0
9668,0
97207,3
67000,0
13641,0
81281,0
50884,2
76721,2
81461,3
39780,2
11063,0
6455,0
2954,0
22281,0
52744,0
82646,0
56841,0
9993,0
57190,0
1728,2
19045,0
74134,0
98091,0
37625,0
87818,0
96903,0
21304,0
17895,0
71060,0
2629,2
72833,3
18415,3
70505,0
4770,0
9085,0
72604,2
89974,3
6450,0
61837,0
74066,2
33927,3
18064,0
51071,0
22190,0
55864,2
90863,0
87753,3
7566,2
93628,0
76850,3
22966,0
88109,0
38436,3
85946,0
64853,2
4450,0
18384,0
45316,3
90890,0
43802,2
77701,1
42285,3
22416,0
90766,2
73568,2
36751,0
77786,0
45293,0
6561,0
84520,0
10052,0
88124,0
98137,0
87519,0
37221,0
19721,3
50086,0
99830,1
71792,0
6550,0
70239,3
22999,0
48756,0
37430,2
60095,1
30576,3
10332,0
80000,0
71149,2
32243,2
80362,3
49613,2
42793,0
2080,3
35774,0
26126,2
33352,0
81757,0
39603,2
64622,1
81600,0
55845,0
15199,3
88809,0
8699,0
33,0
54415,0
37148,0
55902,0
9618,0
37642,0
86720,3
92646,3
16297,0
86180,0
49293,0
45603,0
41927,0
66633,2
28402,0
86410,0
1715,0
49426,0
90331,0
9977,0
78266,0
89408,0
12700,2
1457,0
52291,0
33201,2
26561,0
65279,0
27875,2
21907,0
43371,0
70810,2
58202,0
98411,0
45471,1
64933,0
66114,0
41193,0
6060,2
59239,0
57324,0
75154,0
75333,3
73288,2
78045,0
76230,0
47395,0
55891,0
31704,2
82618,2
96515,0
16621,0
77770,0
32695,0
58602,0
50803,0
3442,0
34365,0
11125,0
15587,0
61904,0
7448,0
41217,0
97988,0
41516,2
16943,0
62360,3
72237,2
8711,0
23333,2
76331,2
40427,0
93162,0
14221,0
92879,0
33608,0
47630,0
68254,2
1061,0
58056,0
44811,0
34718,0
21694,0
89673,3
54385,3
21645,3
51501,0
98070,0
44049,3
46360,0
77307,0
13894,3
10723,0
13060,3
57715,0
33570,0
38427,0
50436,2
79954,3
17242,0
88711,0
44500,0
87871,1
16332,0
64170,0
35797,3
88227,2
52984,0
44867,0
83913,1
65845,0
76540,0
37807,0
40660,3
35854,3
3406,0
57249,0
94864,3
52636,3
96731,0
27265,2
64390,3
23723,2
20187,0
13105,0
91787,3
62149,3
48268,2
35069,0
17094,0
20539,0
71552,0
51883,0
59046,0
36670,2
97068,0
38430,0
69698,2
38017,0
87277,0
57263,2
31709,2
65668,0
15150,0
55390,0
87805,3
7109,2
24570,0
46823,3
1849,2
58830,0
59583,0
67722,0
80227,0
98807,3
89696,0
92214,0
61661,0
77705,0
45907,0
12957,0
87959,0
83606,2
48141,2
66566,0
74067,3
2053,0
98927,2
55766,0
37311,2
6460,0
16138,0
960,0
51958,0
98078,0
90340,3
52451,0
15205,3
14869,0
52878,0
14958,0
69748,0
55688,0
45433,0
73875,0
55999,0
9010,2
34864,3
76600,0
13647,3
47539,0
96679,0
27002,0
2338,2
72011,0
39969,0
65910,0
12467,0
11247,0
79398,0
77998,3
64871,2
87143,0
48002,3
82907,0
81024,3
56951,2
9567,0
4828,0
61247,0
29173,3
94421,2
66503,0
53850,0
67774,0
83474,0
59396,2
41767,0
43580,0
63580,0
35018,0
56797,0
71436,0
99107,1
55883,3
31202,0
84188,2
70575,0
7079,0
10247,1
54159,0
61330,0
60883,0
89754,0
19548,2
35640,0
2772,3
41870,2
17511,3
51207,0
35986,0
39315,0
87703,0
50261,3
60211,0
16518,0
16756,2
84945,0
14187,3
43080,0
89143,0
44383,2
85437,0
28583,3
53452,2
33932,0
67568,2
79710,0
58498,0
89073,0
87157,0
73226,2
77602,1
25006,0
76959,0
78664,2
97706,0
97203,0
40687,3
88841,0
73824,1
13006,3
30310,2
82658,0
44969,2
96933,3
51578,0
54139,3
89580,0
32162,0
91969,0
83182,2
41649,0
65598,0
76662,2
2527,1
16701,2
30716,1
19472,0
52573,2
80791,3
66169,0
41743,3
81587,0
83082,0
20864,0
65086,2
51111,0
75562,3
62783,0
55980,0
48865,0
11583,0
73618,0
94820,0
14728,0
75375,0
35226,0
95835,2
79645,3
39942,3
50705,0
39059,0
39705,0
44298,0
38963,0
55229,0
9138,2
19186,0
55796,0
99094,0
35363,0
18107,3
1506,0
4650,0
16054,0
54158,0
35866,3
2415,0
35068,0
15306,0
57756,0
92287,0
95046,0
91838,3
33032,0
62813,2
66299,0
55328,0
97331,2
67682,0
96846,2
99981,0
18608,0
40559,0
72372,3
69296,0
68691,0
92694,0
15655,0
31866,0
92068,0
75037,2
51245,1
77147,0
63188,0
98967,0
86664,3
60033,0
8753,2
79512,0
96960,0
58868,0
39178,3
84445,0
20517,0
76674,2
96708,0
26432,0
37868,0
5934,3
49819,3
10558,2
25797,0
25561,3
9586,0
13656,0
28829,0
90850,3
1218,0
86374,2
19856,3
30035,0
85697,2
8039,0
38273,3
11577,0
39850,0
65274,0
76614,0
70958,1
74398,1
29906,0
5013,0
42609,0
97588,2
11343,0
31570,0
83916,3
25803,1
89174,0
39955,0
51934,0
75013,0
53663,0
69407,1
20467,0
85695,2
74197,0
30405,3
36646,2
95775,3
13767,0
63619,0
22969,0
27540,0
28106,0
76339,3
10848,0
68579,0
47389,1
80615,0
39013,0
67077,0
60267,0
27081,3
80990,0
47966,3
47021,3
32666,0
34963,2
52791,0
67525,2
24677,0
60983,0
98086,2
64156,0
84213,0
61519,3
24781,3
17011,0
21352,0
24526,2
23474,0
37447,3
84799,0
24070,2
98222,0
61210,3
78121,3
36344,0
53030,0
83517,3
25042,0
41205,0
46610,0
50983,0
57568,3
6331,0
81104,3
30211,2
35004,0
2233,2
19411,0
76734,0
75939,0
28025,3
71501,2
92147,2
4874,0
91214,0
12436,3
34130,0
26290,0
34321,0
35952,2
43687,2
38852,0
73676,0
32155,0
5110,0
73256,0
14582,0
98138,3
62741,0
5624,3
79009,3
53226,0
48979,0
60703,2
35777,0
33275,1
95744,0
40155,0
23618,2
57747,0
43944,0
84061,0
58413,0
83480,0
16664,3
67390,3
91044,2
85971,0
10431,3
63802,2
89324,0
44959,0
41068,0
98857,2
13608,0
36039,0
42845,0
97677,3
28939,2
75129,0
48657,0
50016,2
45015,0
64130,0
93706,0
88922,0
88727,1
68459,0
90448,0
15577,2
28079,0
23100,2
72717,0
90679,2
99593,2
89702,0
54338,0
88526,3
50311,0
642,0
10353,0
87931,0
87227,2
27454,0
96587,2
87078,0
61429,0
77447,0
25213,0
47969,3
57316,3
17111,0
82032,2
37586,3
46529,0
28699,3
94551,1
22276,0
84397,0
85879,0
840,0
84160,1
22895,0
27901,3
28216,0
15949,3
64470,2
31924,0
92939,0
67804,0
5819,0
35242,0
68738,2
36922,2
73074,0
92797,0
87061,0
84252,0
97960,3
69620,3
13810,0
28296,0
65722,2
96611,0
78404,3
39027,0
3329,0
2810,0
15857,3
98755,0
71187,2
36396,0
21630,1
55257,3
46265,3
60662,2
84540,3
59588,0
82383,0
89035,3
21123,0
75272,2
43917,3
88273,3
6311,0
89542,0
95352,0
9587,0
1504,0
77285,0
38246,0
10304,0
72648,0
13335,3
81917,0
11299,0
33789,0
72784,0
65525,0
38189,0
28603,2
83567,3
32065,2
81252,0
58552,3
34010,2
68216,0
7891,3
199,2
80079,2
17378,0
3146,2
51416,0
25646,0
77518,0
32438,0
90919,0
24220,0
86634,3
70017,0
4578,0
74105,0
5006,0
46439,0
38107,0
93379,0
17133,0
169,2
40968,0
46594,0
25590,2
39983,2
92875,0
95311,0
46968,0
16227,3
50683,0
37169,0
1198,0
7986,0
74261,0
22870,0
29939,0
10321,0
22572,0
35195,0
93758,0
57464,3
57951,0
39223,0
89753,2
47765,0
39618,3
14089,0
64611,0
1834,0
35795,2
57245,3
71376,0
24423,2
61433,0
26375,0
49022,0
15021,0
31914,0
94699,3
93741,0
91195,0
42258,2
5520,3
10692,0
78467,0
94823,0
78969,2
57123,3
16795,0
64501,0
81183,0
26136,2
86420,2
37355,3
91862,0
80189,0
83167,0
94234,3
42696,0
17907,3
81199,3
21864,0
64348,0
58454,0
16353,0
81001,3
56318,0
27200,0
19095,0
67296,0
5194,0
59148,0
42896,0
87354,0
78684,0
38546,0
96244,0
42303,0
48156,3
6209,0
13503,0
78670,3
2321,0
75001,0
14813,0
1036,3
56653,0
83711,0
26370,0
7941,2
65254,0
78407,0
33817,0
81808,0
31350,0
78913,3
20052,3
34053,0
7072,2
27156,0
61525,0
68636,0
91270,2
36421,0
90435,0
69483,0
9140,0
32242,0
62898,0
63507,0
26083,0
97167,0
8746,0
96950,2
43428,0
24443,0
43330,0
99349,2
80069,0
79947,0
27609,0
71377,0
16616,2
48177,0
30392,2
67528,2
45221,0
33832,3
94513,0
76693,2
39816,0
41850,2
2804,2
24014,0
37473,2
98729,3
27017,0
78985,0
92094,3
89243,0
83540,2
55463,0
431,0
52578,0
85591,3
96657,0
47789,0
50104,0
38750,0
63411,2
13706,0
57242,0
61125,0
1175,0
21892,0
44446,2
30476,0
21204,3
89104,0
11927,0
71457,0
56712,0
32404,0
8898,3
3579,3
74498,0
55152,0
61556,0
57796,0
75998,1
6240,0
33605,0
66334,0
31651,0
59629,2
29107,2
98484,0
36969,3
35476,0
19819,0
30673,0
98579,3
57197,2
14829,1
90056,2
82639,3
85009,0
63810,0
66766,0
22902,0
14735,0
21011,0
66138,0
96029,0
44378,0
78726,0
20950,3
45667,3
81462,0
80795,0
99221,1
46255,3
18972,2
70856,0
91111,3
61814,0
2689,0
51161,0
95580,3
99792,0
53149,3
8819,3
69318,0
7658,0
10548,0
34206,0
73203,0
42537,0
79557,2
41266,3
99932,0
8088,0
90747,0
60497,0
16934,0
94913,0
49976,2
88193,2
28546,0
1405,0
99831,0
13576,3
46322,0
56780,0
1156,3
3192,0
9983,0
41140,2
25672,0
48239,0
12346,2
82317,0
68800,0
65669,0
24438,3
88276,0
51903,0
54639,0
79149,2
35841,3
6064,2
99331,0
67570,0
60768,0
39853,0
58249,2
47592,0
65718,3
1695,3
47668,0
36913,0
59532,2
13548,0
75858,0
23754,2
74845,3
35445,0
99884,0
50188,0
46634,0
30044,0
56120,3
31979,2
77334,2
34187,0
20960,0
22041,3
58956,3
84632,0
42185,0
95348,0
66525,0
85207,0
88622,0
10901,0
47410,0
85902,0
79207,2
2983,0
41138,3
28741,0
68962,0
46796,0
31297,3
7774,0
33339,0
50892,0
8631,3
66964,0
37628,0
98237,0
52747,2
40189,0
48339,0
7666,2
69510,0
84771,3
88298,0
74410,0
80190,0
92,0
42556,3
73686,0
68095,2
70638,0
14081,0
29186,0
22286,0
29047,0
34937,0
39730,0
35634,0
17233,0
86726,0
91789,3
57692,0
75382,0
26321,2
48484,0
83974,0
79723,2
81170,0
97315,3
42176,3
45953,2
88043,0
22045,0
32430,0
20259,0
60482,0
91877,2
43045,0
26078,0
26165,2
33539,0
53904,0
70371,0
73276,0
5871,0
59045,0
36980,0
52133,0
66280,0
88311,0
33710,0
12512,0
58001,0
9036,3
8577,0
15963,0
3927,0
7346,2
56821,0
14145,3
5211,3
92591,0
68797,0
94278,0
23891,2
5816,2
24187,2
3423,1
64577,0
35397,0
91154,0
16767,0
22201,0
93542,0
69011,0
51397,2
24798,0
88322,3
71418,0
56629,3
3127,0
35830,0
22910,0
16532,0
79715,0
34618,2
12208,0
50541,0
42387,0
95664,0
63863,0
4434,3
43869,0
45021,0
92385,2
20472,0
28698,0
61780,0
22034,1
76675,0
348,0
41535,0
90386,2
83119,0
51314,0
83762,2
46229,3
86039,0
6107,0
8313,3
72984,0
1148,0
21883,0
49229,0
60926,2
55465,0
21353,2
16516,3
42888,2
53781,3
14293,0
40419,3
35970,0
57300,3
62186,3
82320,3
1999,0
78667,3
72544,3
1150,3
32501,0
66769,3
73561,2
92286,0
96203,0
89936,2
79142,0
2314,0
45321,0
35531,0
9323,2
86071,0
73147,3
17506,0
18714,0
12341,0
20038,3
79218,3
11197,0
11568,3
91901,0
28418,0
24215,1
81754,0
96475,0
48708,0
58630,0
18472,3
84574,0
27334,3
45474,3
9964,0
64519,3
64891,0
39965,0
69132,3
86478,0
2662,0
7258,0
80567,3
1034,3
55735,0
24268,3
77153,2
45324,2
29823,0
24603,3
57358,0
21141,0
59234,3
52169,0
45732,0
64525,3
33648,0
63972,0
54190,2
84300,0
75814,0
47698,0
57845,0
56810,3
91843,0
91146,0
33914,0
90900,2
87947,0
32029,2
39340,0
6294,2
48640,0
2788,0
70813,3
89012,0
28560,0
82778,0
40133,3
17369,0
46435,0
35523,0
65468,3
22996,0
94840,0
9344,0
63339,1
8363,0
71463,0
79633,0
53374,0
4562,0
73661,0
81738,0
24117,3
12230,0
44984,0
34613,0
25652,1
32693,1
88346,3
78336,3
76851,3
82036,0
65240,0
38492,0
63882,1
44531,0
4070,2
14388,0
50829,0
38410,0
32618,1
4336,0
24213,3
41343,2
85105,0
37468,3
23009,2
67201,2
55849,0
77378,3
85527,2
63355,2
36982,3
91821,3
837,2
77142,3
51716,0
78158,3
79054,0
11649,3
74042,2
94804,0
21618,2
49295,0
3957,0
30114,2
41874,3
62858,2
90139,3
9197,0
19578,0
12185,2
46341,2
47102,2
43354,0
24048,2
47192,3
18007,0
77583,0
70860,0
45076,2
44196,0
6387,3
23000,0
96121,0
42638,2
33232,2
821,3
97736,3
28612,0
1631,0
80002,0
73043,2
1308,1
80183,0
5910,0
27353,0
70183,0
45352,0
87106,0
4100,0
78954,0
69474,3
9828,0
29015,2
80106,0
2637,0
79275,0
42952,3
20791,3
62246,0
14451,0
29085,3
9375,0
76631,2
67888,0
27298,3
56979,3
45878,2
85406,0
27458,2
94221,0
19866,0
17759,0
48282,0
63498,2
95759,0
59236,1
76676,0
51006,0
76830,0
32694,0
30600,0
24760,2
9479,0
72268,0
77379,0
16754,3
10549,0
16876,2
12514,0
9922,0
76810,3
42457,0
36387,3
91313,0
29262,0
8198,2
46419,0
19449,0
46913,0
53569,0
43460,3
40958,0
29256,2
77537,3
31392,2
32296,3
23436,0
31288,3
17723,3
48624,0
82556,0
86208,3
29611,3
3297,0
22489,0
79381,0
41712,0
55522,0
52786,0
32931,2
4769,3
88054,0
26726,0
19753,2
56574,0
29307,0
18098,3
62089,0
66939,3
16503,0
97110,0
78601,3
56878,0
5823,3
2057,0
44928,0
54442,0
3739,0
89568,3
83061,0
28334,0
4210,2
4904,0
27801,0
26710,0
18412,0
5398,0
35967,2
82056,0
14167,3
22720,3
19124,0
86554,0
24855,0
13166,0
73998,0
68000,0
92856,0
69648,0
24962,0
33265,3
46963,2
92124,0
21911,0
13762,2
74366,0
82324,0
42320,0
98937,0
5127,0
19419,2
60364,2
86652,0
4415,2
54954,0
28694,0
85988,0
68298,0
123,0
17344,2
36709,0
29934,0
83510,3
43295,0
14509,3
61748,0
32086,0
99176,0
86379,3
68858,0
34357,0
36201,0
61071,0
14915,0
67157,0
13583,0
78570,0
7713,0
94146,0
54270,0
14046,0
53179,0
26664,3
8556,0
43224,2
27393,0
16401,0
98254,1
4052,3
89007,3
82734,0
16869,0
1861,0
47738,0
3775,3
57443,3
98618,0
33843,2
35078,3
47417,3
67311,0
26709,0
22518,1
96405,0
13160,3
69701,0
27902,0
26140,3
5536,0
48266,2
71352,0
63816,0
59634,0
26782,0
75887,0
14050,0
62362,2
66130,3
86526,0
32098,2
87653,3
52072,2
99041,0
87492,2
86132,1
68645,0
20419,2
61026,0
20685,0
68589,0
28677,0
64736,0
53932,0
72176,3
83462,0
18534,2
19968,3
46582,3
21471,0
15620,0
85563,2
55549,3
81242,0
2294,0
63374,0
8049,0
30732,0
73775,0
3751,3
660,3
83804,3
48488,0
69948,3
26913,0
76080,0
17049,0
97767,3
49252,0
51494,0
11251,0
99136,0
50379,0
63531,0
89449,0
15219,2
4896,0
6822,3
59625,0
3578,2
56631,0
93239,0
21676,0
79309,2
62588,3
49415,0
78852,0
85931,3
69414,3
24057,2
67438,3
72767,0
93331,0
59199,0
77627,2
40324,3
56108,3
91712,0
95471,3
2830,3
52556,0
7482,0
16635,0
77637,0
57228,2
41792,0
14575,0
92528,0
73300,0
56164,0
10055,0
23,3
65781,0
20811,0
89727,3
45734,2
31895,3
12640,0
27629,3
55147,0
11852,2
88916,0
97913,0
57467,1
97609,0
54392,3
52740,3
44148,0
84849,3
71847,3
86409,0
72420,0
47379,0
58670,3
11945,0
74584,3
89109,0
7088,0
27856,0
88381,0
56770,0
37236,0
96470,2
15844,0
60385,0
73538,0
97954,3
7328,3
60865,0
34619,0
98181,0
15441,0
89481,0
79287,0
1847,0
94116,0
62948,3
78422,0
37922,0
76946,0
53561,0
93780,0
783,1
12109,0
60243,0
23907,3
63445,0
47957,1
23772,3
12845,2
64636,0
11155,0
21589,3
1298,0
71225,0
69425,0
2663,0
41301,0
71038,0
16868,0
36712,0
86319,3
18783,0
8322,0
96819,2
58604,3
68194,0
18794,0
11650,0
52917,2
72594,0
1368,0
79992,0
88833,3
77551,2
29596,0
81991,3
47097,0
51138,0
85232,0
67742,3
22307,0
15070,0
97261,1
71674,0
75288,2
43877,3
33833,0
55878,1
77825,0
1911,2
17796,0
84687,0
81145,3
83642,2
92105,0
59119,0
42829,0
89255,2
75904,0
12308,0
76263,2
8183,3
71400,0
81608,2
53346,2
42396,0
42670,0
24389,0
28480,0
28210,0
63491,0
99361,2
17937,0
87449,0
96725,3
88410,0
63930,0
58305,0
97828,0
5537,0
19516,0
81050,0
90605,0
87486,0
4940,0
4296,0
16995,0
36659,2
62880,0
43975,3
46509,0
68577,0
16311,0
94716,3
10517,1
25506,2
98849,2
24978,3
64065,2
96641,0
22500,2
38391,3
3835,0
5285,0
81954,0
86752,0
88897,2
60451,3
11442,3
95992,0
96469,2
93364,3
80511,0
44195,3
45402,2
64107,0
30217,0
86396,3
2429,0
29462,2
24912,0
38637,0
97859,0
63649,2
49042,0
36242,2
94178,3
84617,2
3790,0
97595,3
59439,0
76411,0
49339,2
24420,0
31157,2
90556,0
19556,0
3191,3
12972,0
11226,0
25176,1
95710,3
28281,0
65813,0
46106,0
60272,0
65515,0
39579,0
72080,2
6871,0
58997,1
63733,0
51608,0
59966,0
13825,0
70874,2
82404,0
67262,0
4066,0
27411,0
45909,0
46891,3
53070,0
95872,0
7749,0
30457,2
67823,0
68993,0
94035,2
76714,2
78942,0
20889,0
697,0
36864,3
50230,0
50575,0
44614,3
21124,0
35191,3
87890,0
82763,0
97111,1
27364,2
40612,0
72525,0
70459,0
98573,0
21625,0
41090,0
38869,0
24888,2
3620,0
96000,0
15928,0
69720,3
8603,3
42660,0
72817,0
10913,3
77363,0
82058,0
50691,0
4271,0
28956,0
11048,0
47687,2
37375,0
73670,2
86525,3
22652,0
53542,0
31435,0
53372,0
69707,0
21838,0
49587,3
39452,0
58308,0
35677,0
31840,0
83339,0
54659,1
64729,0
94650,0
95407,0
40749,2
26116,2
24452,3
68634,0
20931,3
39237,0
34025,0
79650,0
50374,3
649,0
51145,0
32052,0
79136,3
32678,0
90871,0
82594,0
7269,3
38279,3
9041,0
91418,2
87507,0
40414,3
38036,0
79658,0
70903,2
23464,0
96375,2
65972,2
16365,0
98513,3
2538,0
48181,0
58643,3
89747,2
17496,3
1898,1
69573,0
51171,0
12517,0
88308,0
46780,0
18374,0
92100,0
97742,0
93875,0
49503,0
10399,3
8159,0
84414,0
3403,2
26562,2
16665,3
43432,0
65955,0
13895,3
85204,3
79948,3
96809,3
85929,2
66094,0
14088,0
55470,0
76499,0
233,1
26691,0
19488,0
5541,0
35229,0
90254,0
68992,0
32918,0
68619,0
56556,0
77186,0
20222,0
69651,0
75063,0
17826,0
37452,2
61417,0
21133,2
50218,2
22716,2
17784,0
73545,0
73394,0
41149,0
53558,2
91930,3
3404,0
27637,0
78936,2
78193,3
94539,0
3010,0
14068,0
68025,3
21238,0
33612,0
97795,0
84353,2
35288,0
70417,0
49973,0
65128,0
28452,3
84410,0
38038,0
99716,0
11587,3
45437,3
57473,1
92838,0
51402,3
99301,0
8489,0
90708,0
99917,0
3091,0
24121,0
93476,0
15927,0
48265,3
65141,1
23252,0
74294,0
15491,3
42214,0
51479,3
750,2
1828,3
58084,0
77264,0
4691,0
49608,3
54383,0
13579,3
43524,0
21286,0
39546,0
85864,0
47476,0
78077,3
98364,0
99757,2
20821,0
4005,0
18492,3
72613,2
7005,0
63767,1
66760,0
13992,2
98190,0
19890,0
3189,3
67277,2
48623,2
82180,3
67288,0
62420,0
49485,3
21493,3
89784,0
25114,0
65235,0
59722,2
57422,0
45523,0
9870,3
16809,0
63766,0
31266,2
6691,0
6532,0
70825,0
3597,0
71222,0
43253,0
97974,2
43906,2
11809,0
74882,0
63303,0
85531,2
51446,0
33745,0
87450,0
15547,0
34400,0
94498,0
44324,3
66324,0
50146,0
53091,3
53796,0
16661,0
92645,0
75805,3
39823,2
8256,0
76364,0
2575,0
13338,0
6537,3
21199,3
89257,0
84038,0
95598,0
26617,1
95362,0
83547,0
69990,0
53078,0
94365,2
94566,0
78255,0
71190,0
45032,0
40763,2
84652,0
37315,3
41063,1
7696,0
74238,1
71036,0
66551,0
7772,0
19240,0
96383,0
75102,0
83337,0
62851,0
86992,3
19177,0
24020,0
96644,3
68385,3
84956,2
39122,0
6101,0
22451,0
78997,0
83216,0
70493,0
85431,0
85691,0
26043,0
87624,2
32500,3
67278,0
98681,0
8835,0
51611,0
93594,0
95929,3
64002,2
45644,0
7232,0
76266,0
57790,0
56950,0
55460,0
74884,0
99740,0
77321,3
69699,0
95479,0
32796,0
86465,3
44438,0
72133,2
15310,3
63051,0
1992,2
99970,0
24716,2
38851,0
80631,0
31999,1
61358,0
48422,0
82214,0
18405,3
49403,0
42510,0
67903,0
49875,0
76131,0
36815,2
37472,0
39141,0
34098,3
41941,2
75189,0
67988,0
64959,0
39982,0
95502,0
65596,0
19955,0
75367,0
16360,0
51777,0
77099,0
92620,0
79330,0
36160,0
7067,1
28229,2
3873,0
88356,0
70102,0
2947,3
75634,0
60594,2
68571,0
95794,3
42958,0
94672,0
40,0
66275,0
95978,0
50165,3
1209,0
85241,2
85356,0
87068,0
90027,0
29644,0
35053,3
50752,2
66208,0
74266,0
19625,0
39370,0
60888,0
5907,0
48310,2
81288,0
13178,2
86101,0
5636,0
24470,0
23220,2
5609,0
8622,0
17392,0
2668,0
59618,2
7614,0
80551,3
19777,0
79067,0
22860,0
5746,0
26001,0
44890,3
9949,3
36665,0
64165,0
61063,0
75565,0
16012,2
75710,2
86241,0
687,0
87396,2
20310,0
29318,0
8575,3
63091,0
85628,2
17764,3
83560,0
14146,3
93523,3
31433,0
785,0
61724,3
59179,3
41592,0
68087,3
94246,0
21302,0
73965,0
96115,1
8430,3
10031,0
53633,0
1013,2
63948,2
12910,0
19709,3
63927,0
75691,0
36247,0
33988,0
68759,2
45610,2
10198,3
77548,0
86184,0
78468,3
23639,0
50323,0
85921,3
80510,3
69229,0
4513,0
20261,0
33492,0
34874,3
56877,0
26329,0
166,1
17747,0
51776,0
6652,0
9640,0
86349,3
9194,2
86495,0
45887,3
51999,2
36814,0
20698,0
59078,0
83765,1
7948,0
69610,2
65821,0
19552,3
8381,0
27232,0
97238,0
69074,0
24722,0
1045,3
57515,0
13429,0
93166,0
62330,3
36945,0
47940,3
41481,3
90490,3
85914,0
85938,3
30021,0
95412,1
18095,2
3627,0
31928,0
96908,0
95226,0
7430,0
79293,3
54173,0
50949,2
11665,0
32635,0
93145,3
22635,3
38643,0
96813,0
64318,0
4412,2
82326,3
27391,2
26008,0
22217,0
36997,0
18625,0
20860,3
4953,1
78768,2
50205,0
425,2
73600,0
74389,3
92411,0
72789,3
50855,0
58049,0
29052,0
61483,0
25753,3
16735,0
2327,0
4723,0
16715,2
92266,0
80759,0
55106,1
24042,2
30580,0
61095,0
74780,0
95270,2
63924,3
1560,3
15126,0
4676,0
91897,0
88072,0
94118,0
10197,0
39883,0
45550,0
77374,0
72482,0
28599,0
57301,0
88933,0
93894,0
64061,0
62208,0
19798,3
67188,0
19020,0
34511,2
45083,0
56474,3
99469,2
83229,0
11405,0
48868,0
98935,2
52443,3
42928,0
56670,3
45684,3
49585,2
93308,3
59274,0
90186,0
70199,0
39160,0
33967,2
29377,0
38409,3
81744,2
58145,2
12340,3
53976,2
53337,0
95755,0
88297,2
73994,0
76106,0
82225,0
12425,0
9143,2
60520,0
42852,0
45897,2
75222,3
53163,1
16005,2
91521,0
54587,0
67140,2
75276,0
23384,3
32890,1
17325,0
40490,0
66807,2
76891,0
46723,2
90472,0
61121,3
95509,0
81085,0
54643,0
13198,0
2006,0
16198,0
49318,0
64793,0
71316,0
44901,0
94758,0
3006,0
66504,0
61298,2
91528,0
1653,0
48972,2
42090,0
76484,0
98160,0
77443,2
22675,0
38572,0
2293,0
59712,2
16593,3
81026,1
12729,3
46775,3
81011,0
40721,0
59151,0
13468,0
73129,0
43590,3
86638,0
11474,2
46204,0
86358,0
88413,3
50443,0
75648,3
87839,1
76151,0
12343,0
24149,1
19717,0
42382,0
45308,3
43505,2
39734,2
16560,1
93027,0
81435,3
76774,2
69452,0
53820,0
12844,3
88688,0
67356,0
70754,0
86082,0
76525,3
25937,3
20945,0
20453,0
61798,0
47007,0
39903,3
23362,0
57032,0
89414,0
8281,0
18700,3
27782,3
75822,0
90668,0
34571,0
14610,0
76548,0
67271,3
63596,0
91181,2
24250,0
10115,1
10541,0
62719,0
19308,0
63898,3
56357,0
16410,3
59129,0
33430,0
965,0
4246,2
72848,0
6613,1
14654,0
49335,3
81610,2
18565,3
9253,0
46822,2
65544,0
4595,2
93483,2
39301,2
74885,3
83198,0
33475,3
15575,0
80331,0
96210,2
89346,0
81879,0
2155,0
27719,0
24787,2
94330,0
96084,3
67612,0
98532,0
34548,3
66533,3
73955,2
24390,0
82925,2
46974,0
85595,3
3262,3
6991,0
52627,0
71465,3
63443,0
94537,1
77215,2
82475,1
13393,3
41390,3
11318,0
27468,0
56728,2
2966,0
57760,0
79680,0
15241,3
5953,0
82523,0
85905,0
2474,0
99180,0
3159,2
83523,0
28878,0
59201,0
48940,0
52179,0
24930,0
39064,0
81748,0
13353,0
42463,0
43338,1
66211,0
24138,3
41887,0
1072,0
45916,2
42919,0
97198,0
2749,0
11573,2
51497,2
92241,0
97529,0
96739,2
98164,0
91349,3
80530,3
68424,0
69053,0
41196,1
4780,0
76479,2
77406,0
63147,2
58318,0
67951,0
14043,1
91292,0
99214,0
56598,0
986,0
97350,2
79487,2
75387,0
94561,3
51116,0
5957,2
41146,0
9700,0
93253,0
73973,3
77755,3
29965,0
11503,0
73946,0
36348,0
87573,2
28394,0
5943,0
23731,0
26595,3
8549,2
14459,0
44479,0
12506,2
98803,0
64997,0
7766,1
86430,0
29334,3
66054,0
97360,2
755,0
44891,2
52755,1
77055,0
3105,3
7974,2
19950,0
40712,0
55446,2
67264,0
13414,0
87620,3
30201,0
77319,0
61388,0
66360,0
13008,0
98374,0
25470,2
81633,0
2196,1
36611,3
57681,0
71288,0
83508,0
2521,0
33356,3
88560,2
46318,0
39775,2
49006,3
26623,1
52349,0
97235,0
47358,0
41198,0
42561,0
61369,0
89178,0
60182,3
84968,1
35032,0
51533,0
9216,3
27648,1
62115,0
41747,3
1656,3
66834,2
82341,0
38759,0
89694,0
6869,0
10402,3
56667,0
61342,3
76442,0
2084,2
10481,0
74611,0
25,0
79365,0
87756,3
37859,0
21310,0
63380,0
95300,0
9806,0
40934,0
92119,0
98020,0
10063,0
62340,0
25574,0
54197,2
71409,2
60551,0
8496,0
3124,3
18000,2
23139,3
37249,2
22994,3
39796,0
61320,3
12433,0
5362,1
3501,0
3735,2
90690,3
81578,0
39783,0
21990,0
31429,0
64207,0
90658,0
30776,0
32941,0
83254,0
31306,0
50203,0
38198,0
86853,0
90181,3
43450,3
91406,1
84256,3
88411,0
28645,2
85413,3
67961,0
16184,3
66290,3
48942,0
16692,1
17834,0
25872,0
78521,0
4954,0
47319,3
28144,3
7752,0
44055,1
8214,0
30077,0
59033,0
59097,2
96156,0
96282,0
35074,3
85069,0
39973,2
48471,3
3741,0
25117,3
53736,0
5240,0
64125,1
29780,0
7505,3
75256,0
26042,0
49210,0
20603,0
72487,3
73865,0
19849,0
88950,2
72986,0
96355,0
70966,0
15081,0
11917,0
15597,0
92204,0
93835,0
59857,0
18423,3
50589,0
78871,0
49504,3
88256,0
15167,0
7975,0
50797,3
1529,0
84726,0
10475,0
76365,0
40632,0
30514,0
30069,0
93844,1
79643,0
41189,3
79951,1
39740,3
38554,0
62648,2
77815,0
17412,0
71478,3
68343,0
2456,3
74786,3
2740,0
25959,0
55853,0
65673,0
92494,0
24065,0
78299,3
43274,0
89743,0
95814,3
72427,2
92742,3
86730,0
7910,3
11938,2
30064,0
87568,0
89089,0
46514,0
52873,0
50960,0
62361,2
52300,0
38379,3
89972,3
13753,0
80703,0
12838,1
20460,2
48245,2
59675,0
24171,3
3153,3
592,0
73170,0
37783,0
17755,0
60754,2
75019,3
74052,2
41002,0
1794,3
92606,2
14186,2
4877,2
81962,0
76612,0
31541,0
12847,3
76449,0
53879,0
97744,3
54147,0
26084,0
43857,0
13017,3
79154,2
27709,0
74425,0
66680,2
54898,2
81719,0
23947,0
19145,0
78398,3
92123,3
1645,0
65099,0
85340,2
57338,0
75585,0
67285,2
43568,0
41695,0
70418,0
51183,0
89576,0
82353,0
31856,3
68958,0
89664,2
68463,0
89052,0
62874,3
50382,0
81896,3
69278,0
39018,0
14036,0
28456,0
83177,0
89965,0
14396,0
45989,0
53956,0
94003,0
69134,0
84882,0
11528,0
26144,0
86898,2
60684,0
97780,0
95119,3
35705,0
16453,0
14456,3
74384,0
90478,0
15114,0
69043,0
28174,2
73445,0
43148,0
61175,3
29869,0
65658,0
72592,2
42092,0
3825,0
28865,3
16663,3
46426,0
5297,0
20356,3
4026,2
82053,0
65674,1
88899,3
86492,0
45375,3
76510,0
59565,0
14425,0
26151,0
40764,1
18367,0
72220,0
79804,0
27138,0
61329,2
65222,3
78090,0
70282,2
98473,0
63683,0
76008,3
15622,0
59466,0
45958,3
72066,2
88505,0
49466,0
92755,0
73139,3
10588,0
21613,3
33953,3
64966,0
19479,2
2079,0
61521,0
4046,3
73589,0
31374,0
16575,0
54700,3
66937,2
16920,0
25498,0
47666,3
72467,0
96385,0
41522,0
79931,0
40802,3
74795,0
51792,3
68990,0
96448,2
37363,0
50804,2
69090,0
24468,0
64550,0
43726,0
18517,0
67521,0
89772,3
30955,0
49567,2
70356,0
78495,0
3719,1
8024,0
25784,0
99370,3
54789,3
79701,0
87181,0
89511,2
11,0
65654,0
62028,0
51658,1
91536,2
79579,0
99598,0
89996,0
36706,0
22616,0
25072,0
26210,0
71537,0
98266,0
6518,0
86350,0
97454,1
42083,0
17883,3
65369,0
16423,0
90937,0
31732,3
30583,2
76044,0
86902,0
40867,0
173,0
87366,0
23406,0
54299,0
66578,3
64252,2
27979,3
63166,0
15797,0
7989,3
21713,2
42905,2
16633,3
94363,2
71970,0
8063,1
31114,0
85454,0
95731,2
70798,0
47178,0
39583,2
31183,0
73928,0
14788,0
494,0
3782,1
37627,0
2075,0
35882,0
1387,0
2313,0
10469,3
78479,0
37040,3
96420,0
48360,0
84394,3
10617,0
16862,2
30874,0
7797,3
22752,3
85825,0
76954,2
3947,2
77624,0
48250,0
4721,1
44133,2
12884,3
22414,3
48778,0
43786,3
67975,0
26056,0
19113,2
13328,0
45060,0
10054,0
32245,0
74903,3
940,3
9272,0
61676,0
55233,2
5244,0
64471,0
16596,3
43508,0
31104,3
87838,0
11451,3
6744,0
66104,0
29172,0
19846,0
14170,2
68707,3
59926,3
90074,0
4836,3
95223,0
85222,1
19736,3
42763,0
47522,0
24586,0
4991,0
9163,0
8110,2
24482,3
64784,0
88681,1
15499,0
41841,1
93734,0
98635,2
3320,0
15141,0
99876,0
47734,0
82870,0
36173,0
99719,0
68538,0
35553,2
55786,3
9768,0
1128,0
25282,0
96839,1
22369,0
31504,0
51187,0
78194,2
38718,3
57490,0
58599,0
70718,0
76360,0
37655,0
3475,0
57385,2
14017,0
15454,0
97673,0
57170,1
71718,3
18766,3
98405,2
6646,2
98270,0
13792,0
42479,3
35331,0
77964,0
99488,2
1962,0
58704,0
98207,0
52735,3
72690,0
73213,0
12939,0
90576,3
85337,3
31011,3
74614,0
42997,3
27146,1
20874,2
34828,0
52764,0
67966,2
28193,0
88946,0
26087,0
76085,0
76513,0
20121,0
37680,0
82927,3
48660,0
70425,0
50894,0
98941,0
39202,0
79384,0
65058,0
40827,0
81844,0
79502,0
25269,3
84735,3
42950,2
71849,0
36464,0
86860,0
93489,0
3673,1
51024,0
48255,1
43316,0
75157,3
98407,0
55131,0
93122,0
10914,3
75604,0
78899,0
96572,2
93546,2
25846,0
95808,0
60321,0
79845,0
17524,0
78112,1
11295,0
81249,0
62604,0
90255,3
58938,0
37318,0
59624,2
41565,0
48620,2
76148,3
59304,0
14055,0
73662,3
41607,0
54116,0
33068,0
7564,0
25060,2
55031,0
22685,0
38792,2
51023,0
93620,0
69745,2
6922,0
19404,0
92334,0
15679,0
66380,0
25781,2
14982,0
21530,0
60348,0
63887,0
92108,0
34554,0
52739,0
75215,2
67360,3
95539,3
51058,0
1414,0
75277,2
90756,3
3772,1
54317,3
74215,0
55408,3
32644,0
51018,0
64118,0
81116,2
10638,0
68606,0
9463,0
82342,0
60483,2
56051,0
16797,2
95787,0
19645,0
67610,0
35406,3
29701,0
47392,0
14200,3
23519,0
56045,0
12655,2
996,0
33603,3
55401,0
18689,0
22850,0
52871,0
52562,3
2219,0
24078,0
92940,0
53132,0
89304,0
41097,0
33012,3
15266,0
4756,0
82200,0
37588,0
33369,0
69475,0
68146,0
66248,3
19368,2
49302,0
87252,0
96503,3
89439,0
39799,2
35760,0
78492,0
97248,0
9931,2
97987,3
18012,2
49036,2
98622,3
23425,2
92511,0
24096,1
79629,3
97404,0
85029,0
56992,0
72397,0
21066,1
40091,2
44702,0
74018,2
89752,0
11078,2
48605,0
91981,0
42503,0
71596,0
84174,3
31585,0
78085,0
84158,0
8700,0
34497,0
11054,0
85668,0
86009,0
50022,0
28311,0
56076,3
7338,0
17768,0
88817,0
69216,3
1735,0
46663,0
4807,0
95456,0
11036,0
25965,0
98981,0
56887,0
4515,0
93176,0
16371,0
75818,0
13516,3
56688,2
27004,3
38082,0
83636,2
65803,0
61669,3
50231,0
42784,0
66061,0
50288,0
71239,3
9191,0
78873,0
99449,0
25899,0
51108,0
46886,2
19739,0
16027,0
12394,3
30430,3
27269,0
20274,0
95848,0
22590,0
68741,2
42144,2
61094,0
81554,0
14755,2
19337,0
86445,0
50762,0
10997,0
26320,0
80613,0
41469,0
14839,0
5641,2
83477,3
32467,1
623,0
12751,0
15101,3
47759,0
51403,2
89615,0
25880,0
59756,0
92800,0
58625,1
15942,0
98833,0
13250,3
93062,2
33438,3
29156,2
64546,0
51984,0
37519,0
31030,0
28589,3
90725,0
80022,3
30025,0
77834,2
64900,3
68041,0
30434,0
63779,0
71123,0
96352,0
30602,2
71064,0
46018,3
34246,0
21467,0
22021,0
41339,2
63822,0
12117,0
73274,0
96345,0
43840,0
84263,3
79157,2
64862,2
52382,0
86368,0
93044,2
47440,0
57468,3
14197,2
5310,0
89528,0
31103,0
71752,0
76862,3
2374,0
62365,2
29880,0
58532,0
96595,0
74579,0
35827,0
23610,0
34002,0
76888,0
77133,3
83243,0
74899,3
40903,0
85564,0
2332,0
27066,2
51022,3
55788,0
77832,3
49256,0
10908,0
61808,0
12522,3
35877,0
24199,0
94087,0
76630,0
48024,0
46617,0
53104,2
11475,3
63746,0
44526,0
44710,0
21768,0
51011,2
59667,1
74714,0
31416,0
32598,0
45899,0
34939,0
90867,3
65528,0
88567,3
69220,2
44416,2
43070,0
15382,0
80324,2
23971,0
11167,0
60242,0
7830,0
10092,0
794,0
46853,0
36736,3
37487,2
68308,0
14826,0
6815,2
71178,3
86490,0
55041,0
97341,3
87658,0
24729,0
49531,0
59400,0
64668,0
37055,0
78694,0
10745,0
22191,1
83436,0
10421,2
19215,0
39576,2
56874,0
84311,0
22964,2
50303,0
75620,0
52371,2
63859,0
64298,0
14281,0
64607,2
88625,0
74115,0
32035,3
84724,0
78074,0
45009,0
72882,0
24012,0
25969,3
98297,2
20770,0
63715,0
73779,0
91205,0
19376,3
18933,0
82275,1
69402,0
54719,0
17485,0
25698,0
26778,3
31604,3
37305,0
62120,2
58787,2
90460,0
32285,1
23311,3
99319,3
31723,0
72478,0
33092,3
66236,0
79504,0
55096,0
14942,0
72733,0
93132,0
53285,0
84357,0
29729,0
66203,3
7054,0
1443,0
1288,3
988,3
63513,0
1864,2
41003,0
7221,2
91868,0
85208,0
29778,3
20772,2
73575,3
45803,0
77303,1
22311,0
60058,0
71493,2
90479,0
13022,0
19619,0
71541,3
7302,3
69446,2
5060,0
88772,0
97741,0
47051,0
46155,2
37761,0
29872,0
37566,0
98771,3
4455,0
35681,0
393,3
11024,2
76299,0
20364,3
92853,2
38130,0
380,2
89798,0
51835,0
21430,0
16154,0
42746,0
11096,0
61124,0
63942,3
35731,0
42020,0
52484,3
75433,0
68091,0
48829,0
37832,0
17435,2
37370,3
25517,0
50576,0
73292,0
23431,2
70595,0
39209,0
54428,0
37179,2
76259,2
88062,0
47001,2
92990,0
66087,0
86291,0
40168,3
74362,0
6575,0
95228,0
19137,3
99352,0
57481,0
20485,0
9358,3
77302,3
98677,2
49460,3
76543,0
17275,0
65800,1
80403,3
85665,0
3816,0
31834,0
50614,2
4488,0
35861,0
94706,0
11754,3
65435,0
67133,0
51007,0
67026,0
49563,0
81763,2
65942,0
69126,0
82303,0
75169,0
38192,3
13912,0
45764,0
87209,3
33766,3
8106,2
11454,2
71199,0
89395,0
42475,0
20415,2
11106,0
59868,0
40623,2
91538,0
15540,0
32725,1
54752,3
26996,0
24669,3
17948,2
59927,0
73868,3
69051,3
42384,0
52896,0
7753,0
34980,0
84474,0
98586,0
38329,0
33893,0
5661,1
9966,0
47216,3
91679,3
34724,2
70929,0
91511,0
95523,0
9593,0
24062,1
19501,0
60561,2
19993,0
3424,0
51093,2
81940,3
22248,0
2153,0
55114,0
37107,0
99954,0
19367,0
60622,2
32089,2
88668,0
41231,0
11913,0
3441,0
81950,0
65238,3
96155,0
75172,0
64823,3
56054,0
85790,2
31764,2
54674,0
7031,2
41362,0
42608,2
48358,0
61671,0
64413,0
30889,0
23523,0
57895,0
75533,0
95089,2
33652,0
95290,0
36254,0
71452,0
89534,0
44977,2
44866,0
23066,0
5355,1
1650,2
20010,0
46300,0
68970,0
66086,0
65377,2
35063,0
16488,0
30547,0
38352,0
22958,0
1878,0
64684,3
63211,0
51204,2
30354,0
58684,0
62217,0
28375,0
3157,0
82041,0
60994,0
78696,3
80965,2
31403,0
61930,0
23983,0
31367,0
64892,0
60446,3
64881,0
34136,2
16235,3
35923,0
44041,3
74606,2
25031,2
27847,3
99636,3
90847,0
96048,0
79263,0
60696,0
80221,2
21591,0
59674,0
79808,0
92166,0
81107,0
97176,3
72057,0
64343,0
60275,0
21643,0
26945,0
95832,0
64406,3
79685,3
95385,0
38645,3
75048,0
18356,2
67379,2
71934,0
16355,2
95681,0
94860,0
16129,2
6211,1
71532,1
71083,2
41681,0
26855,0
72377,0
79550,0
65463,0
15395,0
6279,0
15011,0
63344,0
31515,0
51927,3
53392,0
65272,2
32869,0
64145,0
56557,0
85335,2
98912,0
84686,0
6938,0
11494,0
37697,0
60049,0
95427,3
53792,0
95801,0
32067,0
39978,0
50363,0
74150,0
80033,0
87747,0
47086,3
28737,0
85218,2
98858,3
29999,0
88886,3
84134,0
22917,0
63987,3
49702,0
77859,0
34556,3
53499,0
22361,0
19383,0
57633,2
33938,0
67038,0
47372,0
25272,2
76275,0
53390,3
22052,0
16001,0
80800,0
95439,0
87853,0
81697,0
84204,0
61767,0
56019,0
75117,2
7366,1
6228,0
88215,0
78562,3
44444,0
53493,0
25405,0
99487,3
67200,0
3033,0
13109,0
48616,0
67879,3
47900,0
82288,0
80446,2
55530,3
93603,3
12626,2
20321,0
43758,0
71573,2
99133,0
46765,0
83141,0
89979,3
96382,0
16413,0
16142,0
57474,0
93985,0
60310,0
31002,0
93697,3
53025,0
89041,0
28157,0
44370,0
97950,0
47206,0
95643,0
67618,0
30249,2
40584,0
44916,0
54572,0
11020,0
68497,0
39831,0
71683,0
30666,2
410,0
53211,0
67083,3
53273,2
48431,0
10162,0
48873,0
84320,3
59378,0
24446,2
10010,0
49805,0
48968,0
86278,3
45847,1
36573,0
54920,0
21724,0
39332,3
77631,0
10122,0
19253,0
99422,3
42502,3
7124,2
11350,0
45913,0
89699,1
17206,0
45260,3
56599,0
8477,0
50536,0
48420,2
86060,0
30816,0
7659,0
40552,3
25459,0
3488,0
59373,3
73529,0
48416,0
62943,0
4069,3
24713,0
725,0
86553,2
17272,0
95460,0
86276,0
59909,2
11234,0
74,0
28335,3
32529,0
86162,3
39361,0
26774,0
97790,0
12144,0
3710,0
99071,0
58065,0
20328,3
48600,0
74565,2
61484,3
32780,0
52554,0
79221,0
43028,3
3659,0
62963,0
88182,0
83440,0
54363,2
40550,0
57978,0
42165,0
21827,2
97117,3
6517,0
2101,2
47699,0
76606,3
16141,0
503,0
15815,0
58185,2
28101,0
34394,0
83678,0
99812,2
19239,0
19715,0
96160,0
39568,0
90287,0
75306,0
67156,0
74790,0
71333,2
57928,0
46124,0
75879,3
75981,0
5020,0
15257,3
99771,0
95672,0
18928,3
25911,0
29840,0
12180,0
97458,0
70188,0
96304,3
10922,2
73895,2
44672,2
50639,2
23904,0
46254,0
87825,3
44137,0
89739,0
43007,1
96150,2
94843,0
58990,2
70543,3
75151,0
5681,0
63220,2
7909,0
91221,0
94250,3
69737,0
5039,0
7077,0
34282,0
51916,0
49105,0
85642,0
89958,3
7146,0
73724,3
91189,0
90505,0
91669,0
74819,0
42255,2
5131,2
30554,0
97542,0
22936,0
32744,2
19635,0
58061,2
45156,1
83656,3
90146,0
89914,3
64227,2
50538,0
70685,0
80736,0
17575,3
96014,0
71326,0
89801,0
3446,2
52469,2
71024,0
29660,0
42253,0
8137,2
77029,1
73597,0
50689,0
40196,0
841,0
88412,3
19143,0
59460,0
21481,0
2171,2
77570,0
78189,0
39565,0
50999,0
70201,0
57196,0
76948,0
57183,2
14129,0
58055,2
16025,0
2783,3
55015,0
29803,0
30586,0
52239,0
54650,2
86945,0
35529,0
24369,0
6269,0
14577,0
53885,0
23350,1
44769,3
62903,0
80120,2
39607,2
41813,0
48570,0
23289,0
91126,0
83935,0
93339,1
85449,0
94517,0
54818,0
27231,3
3812,3
84663,0
18436,2
93437,0
20436,0
98200,0
78312,0
57642,0
76082,0
68339,0
85501,3
98550,2
14236,3
51277,1
41926,0
19227,2
81969,2
62201,0
99216,0
15388,2
18131,3
23704,0
67287,0
68701,0
42378,0
50484,0
3070,0
29222,0
19298,0
19888,3
1594,2
29251,0
84869,2
19484,0
14795,0
69123,0
43649,2
48335,0
64773,3
53591,1
70249,1
40581,0
69241,0
58533,0
21684,3
64080,0
95296,3
44574,3
99534,3
14734,0
23398,0
49591,0
23217,3
28054,1
40594,0
43032,0
62957,0
51428,0
1858,2
37782,3
81721,2
80352,0
83801,3
20236,0
38916,0
89459,0
311,2
74317,0
7272,3
87727,1
73572,0
19170,0
62625,0
22113,0
60110,3
16062,2
28803,0
70760,3
24754,0
73127,0
50924,0
16946,2
69135,0
61492,3
31377,3
57454,0
52158,0
72770,0
43307,3
69449,3
32248,0
21716,0
22607,0
69661,0
16917,2
83230,0
14787,0
40843,0
86190,0
37561,0
74631,0
32595,0
74641,0
24649,2
29066,0
60429,2
79201,2
20107,2
4397,0
81841,0
15656,2
90965,0
85554,0
38461,0
88186,0
30178,0
3944,3
20166,2
43544,3
98478,2
70093,2
5841,0
73425,0
37549,3
1359,0
70195,0
63711,0
1230,0
9534,0
42533,3
74396,3
51669,0
12061,0
75426,0
43519,0
42087,0
27430,3
94839,3
44723,0
64206,2
74085,0
3753,0
15229,0
10776,0
26456,2
40492,0
58937,0
63182,1
401,2
89482,0
91076,0
80878,3
90217,2
49592,3
51271,3
43386,3
96330,0
98453,0
93719,3
5008,2
93182,3
35826,2
64441,0
25712,2
24179,0
32674,0
39126,0
8360,0
35644,0
91615,0
78155,0
11194,0
54509,0
47908,0
83944,0
17248,0
33746,0
79196,3
20144,2
95367,0
53129,0
96445,2
87813,0
34199,0
60837,0
29024,0
556,0
70031,0
72315,2
35197,3
59811,1
33584,2
87696,0
79852,0
25175,0
40571,0
52044,3
19432,0
27678,0
99335,2
71561,1
55237,1
39951,0
70036,3
88262,2
1275,2
34217,0
6007,3
78649,0
9796,0
47406,0
78021,0
37268,3
63777,0
16903,0
61565,0
59706,2
13452,0
2154,0
2186,0
27917,3
38784,2
86095,2
27389,3
13716,0
18858,0
57104,0
67110,2
54342,0
82428,2
69714,2
37048,1
1793,1
14600,0
93297,0
47231,0
26200,0
69643,3
26291,0
60627,0
22237,0
75686,2
70978,2
39256,0
81279,0
35907,0
23057,0
1262,0
93890,0
44587,1
21995,2
51012,0
51786,2
15868,3
62830,0
22868,0
75229,0
18388,0
32487,0
81871,2
58466,0
17654,0
97147,2
8564,3
66124,3
44625,2
51759,3
88103,0
6936,0
65306,0
32231,0
35429,0
58114,0
46629,0
87684,0
43270,1
10879,0
39098,0
46757,2
42989,0
38215,0
93347,0
99808,3
13864,3
38472,2
95111,0
5938,0
50390,0
67777,0
22425,2
52081,2
32736,0
79132,0
25650,0
9414,3
89165,0
95749,3
5826,2
1429,0
51985,0
66145,0
86362,2
86928,0
88365,3
58534,1
17239,0
96729,0
74824,0
37059,0
50267,0
29390,3
16104,0
48706,0
11641,0
70406,3
36615,0
53185,0
40124,0
87240,0
1609,3
29743,0
35626,0
62145,0
15877,0
4390,3
38872,3
54308,0
66776,0
34077,0
97772,3
49716,0
42298,0
69934,2
47253,2
56196,2
87131,0
1838,2
82025,2
43075,0
84966,2
82783,0
28512,3
29826,0
69005,0
72696,0
49799,0
44073,3
92008,0
23694,2
11091,0
28274,3
86505,0
68674,2
61144,0
49305,3
29337,0
62499,0
92765,0
9309,0
75590,0
53124,0
98221,2
53427,1
13131,0
99098,0
65402,0
98661,0
28024,0
41418,2
76340,2
54718,0
76707,2
20625,0
60961,0
6968,0
81995,0
68590,0
72606,0
30370,3
81588,0
72937,0
85462,0
75534,2
48275,0
39509,0
78036,3
75698,0
46443,0
12898,0
12734,0
86336,0
42985,2
64306,2
92167,0
13528,0
67626,3
1818,0
42397,1
33298,0
73904,2
43083,3
81768,0
51957,3
72998,0
84153,0
90424,1
34528,0
88190,2
30660,0
46953,0
57034,3
34293,0
47851,3
265,0
98215,1
23873,0
56062,0
97619,0
85547,2
87161,2
71607,3
2769,0
25657,0
80456,0
85829,0
64593,0
61593,2
72002,3
70428,0
44124,3
94705,0
6432,0
61257,2
66685,3
99520,0
42514,0
18177,0
54447,0
70559,2
59679,0
59287,3
16960,0
87110,0
83220,3
25082,0
85881,0
38465,3
81630,0
30436,2
62025,2
60517,0
38021,0
11816,0
30144,0
48852,0
95081,3
78629,0
74801,3
94644,2
77710,0
6388,0
75110,3
43661,0
20605,3
86848,3
96478,2
98700,3
40745,0
26513,0
2825,0
71272,0
67607,0
11231,0
23795,0
40071,0
72520,2
6773,0
2262,0
32246,0
20347,0
34964,0
88902,0
92101,2
10127,0
44469,2
39554,0
317,3
4361,0
52913,2
56788,3
92723,0
38587,0
98376,3
11582,0
39801,0
88390,0
4826,0
84616,0
8296,0
21379,0
97083,0
63717,2
64148,0
67086,2
46062,0
15861,0
88183,0
28854,0
19496,0
57983,0
17667,3
46570,0
38390,2
78699,0
33861,0
98815,3
78493,0
65882,0
13524,0
4473,0
41264,0
72495,0
54522,0
53225,2
17982,0
5643,0
51619,0
25999,3
12920,3
65443,0
86078,0
44332,0
65818,0
77999,3
33909,0
75421,0
41797,2
3133,2
21140,0
9331,0
85662,0
42611,0
3505,0
81778,0
50869,0
52096,0
28556,0
4423,0
18719,0
87868,3
12447,0
47804,0
21289,0
38211,2
19110,0
20520,0
55476,0
27882,0
78866,0
79248,0
19191,3
14473,3
79409,2
76841,2
23111,0
72159,3
75785,3
5958,0
97968,2
31480,0
40256,0
32624,0
69960,2
86148,2
75033,3
88435,2
67383,0
61455,0
6397,0
75607,3
9921,3
7245,3
23251,1
66381,0
81509,0
43622,0
19832,0
50168,2
45743,0
88174,0
14140,0
93588,0
95162,0
62639,2
99558,0
66492,0
65081,0
21101,0
14417,0
82302,0
73459,0
52296,0
81273,3
80610,3
86851,0
87197,0
68113,0
60131,0
73773,2
79567,0
72490,1
89247,0
28271,3
450,0
25484,0
45562,2
75833,0
37386,0
3896,0
97808,0
66082,0
31747,0
87913,0
76648,2
46535,3
88405,0
44647,0
94794,0
56423,2
75308,2
52576,0
25294,2
84015,0
60302,0
32472,0
25209,0
7951,0
31793,0
94764,1
80506,2
70343,2
91287,0
94068,0
12534,0
75221,0
73392,0
35615,0
24814,2
56974,0
73819,0
12221,0
85632,2
99756,0
37887,3
17022,0
24802,0
97075,0
3313,0
41255,0
75744,0
75068,0
48330,3
51739,0
95571,0
56857,3
11263,0
50980,0
62900,0
63660,0
98500,0
55757,0
39835,0
65427,2
11453,0
95634,0
74948,3
74861,0
91386,2
67590,0
83710,2
22919,3
88733,0
76408,3
24502,0
11016,3
72378,0
73737,0
65912,0
15056,3
82135,0
36462,3
38078,0
21296,3
81673,0
70803,0
90198,0
95930,0
48619,0
24279,0
50148,0
66909,3
83315,1
66899,3
2215,0
67624,0
90502,0
22992,0
82953,0
7083,0
31903,2
77539,3
8478,2
62231,0
40857,0
72540,3
67585,0
59006,0
34436,0
67447,0
97279,0
53232,0
72035,3
91501,2
71709,2
16829,0
48149,0
43052,0
73536,3
68223,0
26349,0
56642,2
17123,0
77589,2
98657,0
68561,0
17866,0
22138,2
86130,0
41823,0
70354,0
58596,0
62557,0
43545,0
6145,0
38154,0
15359,0
41618,0
54323,0
77619,0
63620,2
15256,0
52047,3
83434,3
32538,0
86709,0
64141,0
81473,3
85578,2
46051,0
95072,1
97298,2
66981,0
80146,3
82671,0
629,0
16379,3
37164,0
87121,0
86712,0
45802,2
1519,2
27482,3
21182,2
8151,0
40448,0
87149,0
84176,1
7364,0
4278,0
3520,0
76652,0
60288,0
78496,0
1454,0
91633,0
25376,2
62019,0
87870,3
12909,3
64022,0
63232,0
83774,0
21828,0
59725,0
19513,3
74717,0
92495,0
48827,0
32517,0
26131,0
93925,3
54334,3
38134,3
47749,0
10118,0
24164,2
38475,0
30050,0
53126,2
22719,2
21041,3
90283,0
93121,0
83433,1
81094,0
38344,3
42778,0
77455,0
62301,0
85776,2
54523,2
3921,3
41997,0
58858,0
34303,0
80048,0
9415,3
25369,3
25906,0
86323,3
36434,0
12971,0
2253,0
88403,0
91727,0
81655,2
37909,0
26671,0
11581,2
71535,2
37400,0
12758,0
575,0
86585,0
97084,0
78000,0
30301,0
14353,0
65752,0
73310,3
9264,0
56227,0
59197,3
66882,0
60103,0
12949,1
10673,0
4552,0
22284,0
483,0
46550,0
80573,0
69716,0
13556,0
84841,0
79005,0
82315,0
12598,0
89470,0
83067,1
58912,2
76171,0
63135,0
12302,0
33490,0
33552,0
16364,0
7048,3
57501,0
54018,3
46518,0
58124,2
6866,0
27976,3
26621,0
92034,3
54126,0
77889,0
56213,0
62879,0
48458,2
70276,0
98505,0
78280,2
81815,0
90837,0
57874,0
40522,0
97301,0
59681,2
93125,1
27409,3
57059,0
89472,0
44623,0
28889,3
46257,0
88832,3
3206,1
136,3
84194,3
18579,2
98066,1
22066,0
85721,0
59528,0
71142,3
24921,0
22816,3
27895,2
11948,3
96911,0
7852,0
45167,2
8490,1
870,0
19981,0
77522,3
56680,0
88336,2
95369,0
68617,0
47244,0
86030,0
24725,0
27323,0
96143,0
40402,2
39428,0
92562,0
61916,0
81730,0
67477,2
33084,0
97163,0
64300,0
38917,3
8532,2
34326,0
40387,3
8065,0
60917,0
71732,0
38890,3
57266,2
49196,3
15564,0
97710,3
64162,2
8905,2
68440,3
12755,3
40039,3
69520,2
75497,0
33518,2
80735,3
70366,0
84426,0
75825,0
35487,0
94013,0
4505,2
2147,0
16203,2
49661,2
11607,2
61807,0
45593,0
40085,3
21254,2
40087,0
17588,0
42755,3
44869,0
67790,0
37789,3
12631,3
66973,0
1258,0
17053,0
65989,3
70676,0
96120,0
17128,0
99669,3
32347,0
67256,2
72960,0
88848,0
16065,0
51631,2
97191,0
32281,2
28635,0
24461,0
4224,0
61942,0
44824,2
35386,0
60481,0
18273,0
99080,2
16259,3
59368,2
9732,0
82514,0
44559,2
20937,2
12879,0
16512,0
49736,0
52708,0
90854,2
41816,2
5782,0
26667,3
1194,0
51155,2
35762,0
25443,2
25702,0
21463,3
60747,0
56525,3
74831,0
78025,0
89156,0
23058,0
34278,0
48946,0
53521,2
47292,0
71687,0
46812,0
51692,0
74628,2
76853,1
56073,0
83069,2
55269,2
63050,3
52337,0
76697,0
61059,0
2443,3
88987,0
35823,3
26931,0
20866,0
17260,0
22009,0
14003,0
96924,0
88842,2
75577,3
37323,0
85705,0
68613,0
96254,3
61109,0
72884,2
64642,1
92622,0
27143,0
18079,0
16975,0
48012,0
68010,3
20535,0
26662,2
7208,0
50365,0
47184,3
4174,0
48926,0
9066,0
96782,0
14400,0
94821,0
70383,0
99870,0
42250,0
9327,0
5266,0
69346,3
37005,0
63156,0
77974,2
66858,2
22950,0
7904,3
70056,3
76927,0
71917,0
82325,2
29138,3
67112,0
94592,3
73830,0
89103,0
13651,0
6024,2
10286,0
82987,0
74973,3
77254,0
86586,0
22111,3
45810,0
72456,1
56389,0
67950,0
7287,3
48221,3
95230,2
70287,3
23288,0
10378,0
96202,0
54682,0
5316,0
13024,0
16872,3
21253,3
71300,0
84934,0
28256,0
50891,0
71771,2
81251,0
16151,2
12739,0
35606,0
55350,3
61638,0
43577,3
36940,2
13676,3
51606,0
75725,0
82579,0
53067,0
50919,0
15351,0
17324,2
94941,0
86093,3
33121,0
6146,0
51225,3
70030,2
43753,0
58469,0
91865,0
41932,0
4751,0
33118,0
73280,3
95760,0
74599,0
90970,0
85579,3
83176,2
51991,0
16031,1
95609,0
16481,0
14180,0
66690,0
47553,0
92746,2
21889,3
50333,1
99991,0
47075,0
64180,0
63610,0
76397,0
40823,0
86970,2
76506,2
89785,3
67384,0
26223,0
37247,2
77712,0
72852,0
40269,2
10833,2
17394,1
17461,0
66997,0
70824,0
8071,0
36118,0
45493,2
29459,0
58078,2
35755,3
81007,0
4988,3
92414,0
27439,0
73465,0
77119,0
49192,0
27687,0
98598,0
58157,0
79143,0
93405,2
2583,0
67670,0
46167,2
813,0
57492,0
70686,0
92891,0
41476,0
41474,2
60580,2
53433,0
59423,3
45367,0
6513,0
32118,0
6138,0
58581,3
32568,3
89799,0
31598,3
81500,0
46508,0
7421,0
41457,0
27311,0
7820,3
43324,2
75656,0
43053,1
99854,0
79122,0
43233,1
63840,1
67003,0
58242,0
76107,2
9500,1
4732,0
90772,0
68564,0
39961,2
33711,0
37086,2
34063,0
99316,3
29346,0
37759,2
63161,3
12239,0
38979,2
98946,0
52555,2
76094,0
68813,0
99053,0
33211,0
40198,0
13730,0
76258,3
15228,0
93728,3
88003,3
65277,0
39292,3
76136,0
43485,0
89569,0
53947,0
29608,0
41907,0
84505,1
81813,0
29310,2
87735,0
71073,0
24959,0
64283,0
71984,0
79265,2
18337,3
1776,0
60475,3
58257,0
46722,0
83048,3
69199,3
1278,0
34671,0
40607,0
4566,3
36798,0
15189,0
87687,0
38667,0
60587,0
31597,2
20782,0
3510,1
60468,0
96297,0
15062,3
31669,2
1123,2
364,0
73644,2
81513,0
48051,2
57390,0
85354,2
19074,0
27012,0
24984,0
87355,3
14008,0
53302,0
33792,0
38583,2
85551,0
63186,2
84684,0
6833,2
38608,0
90734,0
51429,2
93926,0
19116,2
12610,0
36408,0
65201,3
6596,3
98118,0
79575,0
10613,0
79552,0
60235,0
93180,3
34396,0
69559,0
54793,2
54706,2
40879,1
68271,0
87858,2
57619,3
28084,0
65452,0
34537,3
50887,0
20675,3
14150,2
38392,0
1141,3
17265,0
21813,0
31552,3
86305,0
98829,0
68820,0
68831,3
62705,0
98676,0
42730,2
34902,0
63757,0
25587,3
10108,3
86871,0
20898,0
73876,0
78345,3
26679,2
51561,3
71638,0
66672,0
78075,2
53061,0
55145,0
16269,0
41056,2
76828,0
92782,0
91281,2
25738,1
2373,0
27828,2
75384,0
82221,0
78476,1
77560,0
83195,0
42363,0
35070,0
58656,0
2656,0
19243,3
45546,3
74263,0
74207,0
32233,2
81441,0
80933,0
23758,3
94577,0
47754,3
48183,0
62875,2
86619,0
18807,3
71548,1
3284,0
85189,0
65855,0
6095,0
58462,0
99933,3
19895,3
95655,3
87619,0
24033,0
34178,0
85703,0
76824,0
6178,3
24636,2
19102,3
83388,3
11994,2
48259,0
89969,0
99759,0
55701,2
85620,0
43124,2
25286,2
47450,0
57259,0
58501,3
49726,0
82675,2
13215,0
35462,1
55127,0
7102,0
16293,0
56377,0
53329,0
10950,0
29045,0
61585,0
76301,0
92223,0
47266,0
28504,0
57475,2
56763,3
33688,3
63078,3
96215,0
56819,0
85832,0
37283,3
55508,0
65844,0
77236,0
46603,0
34379,0
40263,3
44398,0
28047,0
24935,3
31155,0
50472,2
61390,0
69137,0
70035,2
94992,0
25274,0
57333,0
47906,0
24791,0
33764,2
9182,2
46335,0
42600,0
14906,2
65976,0
61370,3
7900,3
76736,0
10306,3
38576,0
75508,0
91803,0
74006,3
24730,0
77180,0
85341,0
85916,0
83394,0
10998,0
81205,0
3054,0
63168,0
12141,0
95614,0
42922,0
78396,0
25570,0
6509,3
90687,0
88806,2
63839,3
33690,0
6996,3
62731,0
20283,1
40313,3
47447,0
81032,3
68321,0
50181,0
14153,0
34681,0
23774,0
84335,0
23874,0
69294,0
57507,0
91395,0
41945,0
3722,0
79698,0
42927,0
9563,3
37554,3
4074,0
49518,2
78418,0
36912,0
81463,3
28640,0
29688,3
26530,0
33146,0
66403,3
97327,3
6927,0
98619,0
5375,0
89291,0
21347,0
10871,0
4206,2
96691,3
78685,0
76079,0
33199,3
69580,0
20861,1
71289,0
53958,0
21428,0
82409,0
9645,0
44817,0
45774,3
34325,3
65823,3
46568,0
70499,0
10562,0
75024,0
92156,0
39519,3
3911,0
13884,3
32930,1
35917,0
15557,3
41438,1
58510,2
51368,0
79028,0
32104,3
75525,0
50471,2
72632,0
25485,3
59836,0
93355,0
41705,3
99969,2
24537,2
77090,2
96530,0
20201,0
44349,0
30726,0
83915,0
26356,0
78734,3
82999,3
36896,0
53546,0
68049,0
77906,3
89031,1
24100,0
16839,3
26808,3
88998,3
86473,0
93942,0
96892,0
15792,0
62004,2
43573,3
34679,1
21383,0
17225,3
82643,0
21345,0
23554,0
28917,3
8228,0
44434,0
51168,0
83684,0
26693,0
42632,3
98798,3
90588,3
98129,0
79566,0
674,2
18467,2
20376,3
40422,0
95171,0
61360,3
31768,3
31042,0
8494,0
18004,0
89704,0
62356,0
47252,0
59601,2
52684,3
3165,0
12048,0
44033,0
35635,0
5313,0
96508,3
92956,0
3369,2
11271,2
2229,0
30442,0
46661,3
17666,0
42715,0
11849,0
68311,2
80104,3
31817,3
29391,0
37633,0
47331,0
88793,0
88884,0
8651,1
71629,0
73527,3
71003,0
96899,0
5339,0
11811,0
94312,0
77222,0
6695,2
72437,0
88510,0
56838,0
25920,0
18418,3
83512,2
47489,0
9040,3
51743,3
79164,0
69255,3
32428,0
19944,2
566,3
36186,0
55952,0
94444,0
36528,0
83412,3
82151,0
54107,0
34546,3
90598,0
61928,0
88571,0
94411,0
46642,0
61848,0
46411,0
33514,0
20943,0
78247,2
88860,0
73185,0
29691,0
22813,0
24214,0
65600,0
89214,0
90277,1
30281,2
21249,2
84004,2
30568,0
66764,2
17126,0
27463,0
88742,0
95158,0
61442,3
88522,0
85352,0
7518,3
15745,0
38421,3
2074,0
96669,0
21966,0
27326,0
39878,0
87737,0
17852,0
7189,0
17689,0
11014,0
99244,0
80687,2
36847,0
39388,0
47827,0
11463,0
34900,1
91551,2
39657,0
84391,0
28655,3
3843,0
47565,0
79086,0
44993,0
71669,0
24328,0
48357,0
56789,3
33675,0
70763,0
41073,0
30439,0
39862,2
39401,0
10465,0
14453,1
16583,0
46175,0
31748,0
7590,3
13876,0
49365,0
625,0
19583,3
5889,3
30054,0
15525,3
27963,0
94295,0
9866,0
20639,0
67880,3
78762,3
98166,0
73309,0
48073,0
10312,3
34270,0
45019,0
59960,0
16425,0
26436,2
78854,0
30490,0
14248,0
85848,0
56256,0
2915,0
94755,2
6923,0
34513,2
92900,0
53237,1
21472,3
93208,3
88972,0
27694,0
88944,0
94735,0
91351,0
32611,0
57914,2
65864,0
85684,0
74754,0
25838,0
27446,3
14624,0
24095,0
6200,1
32474,3
55977,2
8783,0
11203,0
17089,2
69700,0
49474,0
73437,0
47017,0
14207,0
95569,3
23114,0
26296,0
67063,0
54098,0
62374,3
59697,2
70490,0
47125,3
86182,0
97879,3
61493,0
53462,0
21928,2
99454,3
40975,0
36903,0
20008,0
70123,0
90846,0
1252,0
94206,0
69684,0
23029,3
86448,0
94754,2
74513,0
83685,0
46410,0
70612,1
9955,0
95842,3
94738,0
31287,2
72350,3
70840,1
92542,2
50433,0
6085,2
7391,0
75210,0
14243,0
38129,0
92926,3
6091,0
99858,1
25496,2
61159,0
27732,0
19899,0
62037,2
67938,3
23941,0
53667,3
94184,0
30150,2
18167,2
32326,0
60278,0
23188,0
21604,0
5239,3
31419,0
89224,0
10804,3
6528,2
91169,0
18349,0
1179,0
65204,0
55953,2
39619,0
43,0
41012,0
29976,0
70801,3
29575,0
3895,0
8463,0
43059,0
24954,0
2066,0
64357,0
84812,0
26011,3
55581,0
47960,2
8716,0
38231,3
36756,0
19087,3
36792,3
27749,0
64927,3
59526,0
77299,0
21752,2
82616,0
47937,0
2118,0
91603,0
27470,0
94766,0
32057,0
77399,3
88864,0
673,0
58340,0
58068,3
69263,3
61314,0
11704,2
96473,0
51844,1
96108,0
8402,0
65285,2
96381,0
1352,0
23429,0
28595,0
72857,0
45606,0
35475,1
22173,0
46438,0
802,0
89640,1
25891,0
40617,1
73684,0
76173,2
11473,0
53959,3
77425,3
91560,2
52445,0
99725,2
54254,0
36563,0
97530,0
95877,0
58369,0
26160,0
45640,0
54561,0
67694,2
94258,0
72492,3
97648,3
68964,0
87517,0
96738,3
85370,0
39102,3
49115,0
9406,0
11402,0
49562,3
80695,0
70876,0
61812,3
9170,0
29808,0
39372,0
7849,3
21627,0
89188,2
66755,0
16654,3
70178,0
6340,3
77017,2
75493,1
47939,3
36701,0
30538,2
41096,3
73485,0
22660,3
64224,0
23304,0
55852,0
4798,3
96949,0
14854,2
22814,0
72348,0
6703,0
9269,3
87587,0
57664,0
59472,3
85319,0
65166,0
37955,0
48817,0
3841,0
59643,0
2613,3
67166,0
33926,1
29897,0
98390,2
72590,0
31672,0
49251,0
64813,3
37589,1
94484,0
15429,1
16684,3
19190,0
80166,0
63306,3
26434,3
80833,0
76780,2
93442,0
20185,3
97785,2
84089,3
66817,2
33597,0
55186,1
78316,3
21001,0
5365,0
38498,0
74942,0
98018,0
6433,1
48893,0
91512,3
84986,0
91735,3
11749,0
58057,0
41732,3
32443,0
95827,2
77944,0
55723,1
35200,0
37932,0
53804,0
2459,2
49379,2
42847,0
81997,0
53459,0
51602,0
54822,2
34375,1
42883,0
75866,0
5333,0
43201,0
75398,0
43684,0
70641,0
60292,0
46140,2
984,0
30830,0
35778,3
97889,1
4619,2
36056,2
8670,3
95778,2
18704,0
28462,0
98400,0
37774,3
10730,2
17568,0
51437,3
98251,0
92991,3
94788,0
5320,3
27522,2
33310,0
18741,0
19226,0
89221,0
96953,3
4087,0
87010,0
61215,2
74511,0
12373,2
30037,0
6862,0
21119,3
18383,0
67729,3
40223,0
49491,0
58660,0
50152,0
39769,0
92693,0
48937,0
13033,0
26865,0
18499,3
61440,0
63394,3
31547,1
30959,1
8341,3
66929,0
20439,0
23871,0
48036,1
25694,0
55991,2
31140,2
80892,0
25666,2
67412,0
497,0
93101,0
9227,2
38630,0
28950,0
56759,3
18284,3
27282,0
14930,0
89810,2
77434,0
87192,0
7470,2
40426,0
91107,0
78833,0
75258,0
66364,3
74232,3
40265,0
51085,0
24490,3
67345,0
55284,3
85127,0
24082,0
72507,0
97527,0
30167,2
14797,0
89887,2
79738,0
70398,1
49993,0
70127,0
4922,0
36130,3
75082,0
87673,0
65808,2
81069,0
5150,3
65792,2
50850,0
32877,0
97545,3
99772,3
17811,2
61892,0
50109,0
2260,0
25188,1
72370,0
25337,3
48366,2
72322,0
46828,0
44814,0
62485,0
3535,0
37010,3
74718,2
54944,0
42659,2
61709,2
51480,0
85258,0
61560,0
58289,3
51630,0
47066,3
2325,0
120,0
67600,3
39830,2
46763,0
57175,0
84100,0
21673,0
83287,0
75501,0
45084,0
42437,0
36585,2
62105,0
27477,0
62601,1
21292,0
98178,0
70927,2
90754,0
36380,1
98223,0
78385,3
95896,0
37631,0
58621,0
71889,2
36939,0
20905,0
87777,0
68973,3
18187,0
1601,0
75951,0
64988,3
52358,0
73763,0
88705,2
59837,0
49360,0
35410,0
89885,0
89691,0
1925,2
93216,0
77395,3
58279,0
9450,0
45346,3
80286,3
37790,0
3125,0
43475,0
84578,0
2227,2
89079,0
37197,2
1599,2
66808,2
92358,0
5529,3
45949,0
59290,0
4739,0
14260,0
83160,1
36287,3
94289,0
2131,0
24393,0
97276,0
42751,2
91578,0
99674,0
74141,0
76474,3
47479,1
80901,0
17012,2
66798,0
58414,2
46985,0
12527,3
32539,0
53170,2
91330,3
56833,2
29043,3
19221,2
30090,0
94965,2
20146,0
22033,0
90541,0
23150,3
72275,0
14078,2
7547,0
43847,0
34458,2
93260,0
5304,0
56417,0
53488,0
24894,0
99427,0
98507,0
4844,0
25434,0
35689,3
40682,3
84091,1
27543,0
14097,0
13855,0
29884,2
10430,0
35075,0
82590,2
4323,2
23465,3
32581,0
979,1
36746,2
17633,0
97137,0
80648,0
5346,2
12849,0
67539,2
76664,2
28764,0
73642,2
57778,0
66192,0
96878,2
73743,3
31302,3
54723,0
21698,3
50943,0
31810,3
46781,0
26602,1
47186,0
60118,0
82917,0
27605,0
37225,0
85512,0
71543,3
52019,0
18047,3
76122,0
65754,0
3337,1
46623,0
81731,0
72343,1
87002,0
66269,0
90196,0
97188,2
39909,3
80433,0
34160,0
78574,2
26894,2
31558,3
98336,0
54675,2
25320,2
90572,0
37416,0
94412,3
23171,3
31332,0
65444,0
13685,0
26701,2
8328,0
79364,0
90426,0
1976,2
52444,0
39022,0
45103,0
72720,0
24709,0
28239,2
64369,0
66250,0
93400,2
51802,2
6504,2
21300,3
52526,3
36748,3
21164,2
75064,0
34262,0
46122,0
62507,0
99465,0
1207,0
14871,3
33639,0
49268,0
23314,0
54492,0
14311,0
82242,2
68706,0
59543,0
91594,2
89592,0
40884,3
52716,0
9722,0
7168,3
46633,0
73632,0
35392,0
62791,0
26105,1
58302,0
43360,0
52241,0
97688,0
59405,0
19825,0
23450,3
77038,3
54877,3
12132,0
15681,3
96148,3
72654,3
29508,0
40690,0
32865,0
36889,0
33631,0
56082,0
34222,0
5344,0
13849,0
75829,0
184,3
82401,3
69879,1
75963,0
4906,2
35434,3
75253,0
4584,0
89838,3
8680,3
45742,0
24450,2
61253,3
34041,0
94968,3
76812,0
95763,0
1462,0
14943,0
89296,0
7878,1
44452,0
68045,0
41543,2
37178,0
58958,0
50526,0
17800,0
20053,0
71807,0
99717,0
10310,0
84140,0
70367,0
97477,0
85523,0
50903,0
58651,2
60891,0
85809,2
84529,0
38601,0
42680,0
18504,0
9560,0
64731,2
80117,0
18791,0
51232,0
74677,0
60600,3
79894,0
91072,3
73986,1
78410,3
60018,3
52752,3
81973,0
64646,2
21687,0
32671,0
46791,0
88885,0
71429,0
34481,3
27065,0
48371,0
1171,0
55310,0
31425,2
13770,0
30699,2
52733,0
88287,3
16192,0
33270,0
12306,2
64432,0
27152,0
8470,2
98383,0
85125,0
69853,2
27627,0
37325,3
74932,2
41360,1
28082,0
50624,0
20139,2
55612,0
54409,2
25300,0
58438,2
99093,3
60434,0
81718,0
34879,0
38274,0
76175,3
1903,2
21802,0
6827,0
4779,0
40746,0
95497,0
72889,0
72920,0
75096,0
71439,0
20982,0
99470,1
4124,0
19021,3
22864,3
69370,3
76384,1
37576,0
90122,0
85605,0
36771,0
68341,2
52751,0
97006,1
98867,3
17860,0
42325,0
3150,1
66406,0
80918,2
41330,0
56197,0
28948,0
70665,0
19206,2
7657,0
87176,0
67859,0
59818,3
35014,0
95612,0
27814,3
47103,0
38876,0
54832,3
40588,0
72877,0
26089,2
35856,0
92567,0
52634,2
49,0
45353,0
64241,0
66405,2
57322,0
45514,0
2549,3
83973,0
61818,2
9420,0
65958,0
96438,0
58669,0
75697,3
56219,3
96571,0
51284,2
85422,3
14866,3
75116,3
5532,3
62052,0
31291,0
56886,0
54796,0
31593,0
51540,0
14816,0
97433,0
97304,0
763,0
98980,2
2715,0
71040,3
71091,2
27834,0
86524,0
60349,3
32434,3
13569,1
79494,0
98225,2
91979,3
59168,3
5134,0
3283,0
26973,0
38604,0
24334,2
11059,0
5048,0
30544,0
74864,2
39884,3
76092,0
5166,0
77801,3
27628,0
14667,0
8208,0
3347,0
26658,0
51794,0
46530,0
27211,0
747,0
69697,0
6567,0
77884,0
44577,0
67815,2
98732,0
90028,0
76819,0
68930,0
43919,0
55679,0
6881,0
129,0
71588,3
88121,3
15926,0
23559,3
95596,0
41986,0
78869,2
3420,2
26620,3
25515,1
95567,3
52419,0
29118,0
19211,0
8405,1
80950,0
60644,0
11468,0
10020,0
96253,1
58745,3
55117,3
27554,0
63270,1
57364,2
27916,0
41742,0
4963,0
44382,0
97096,0
61549,0
97615,2
95148,0
79842,0
89196,0
34373,0
17863,3
79911,2
84338,3
35784,3
54013,0
96834,0
71663,0
18014,0
24163,3
47656,3
28085,3
54602,2
71202,0
87302,3
48765,3
31656,0
72024,0
38341,3
89861,3
54552,0
54808,0
93631,0
70767,0
57298,0
18406,0
29003,3
30195,0
97258,3
89597,0
39259,3
97153,0
13866,0
90176,0
51937,0
63523,0
38551,2
10026,0
68662,0
15871,0
48840,0
88210,0
53974,0
54110,2
3194,0
76632,0
22112,0
61502,3
80203,0
84501,0
58165,0
97817,3
78281,3
32466,0
97186,0
1398,2
43616,0
18668,0
83313,0
44821,3
53582,0
30062,2
82471,0
55761,2
27238,0
37429,0
31881,0
46652,3
2866,0
29145,0
19320,2
76567,2
99410,0
13371,0
11152,2
59174,3
83770,0
28892,3
42183,3
92056,0
8945,0
4280,0
54284,0
76837,2
90325,0
89320,0
13217,3
41918,2
71065,0
44608,0
84448,0
42653,0
65762,0
38079,0
63814,0
36309,3
8647,0
69201,0
76720,0
54928,2
64580,0
86646,0
72281,0
95591,0
76419,3
1971,2
98608,0
16559,3
4109,0
1544,3
52844,2
34341,0
48068,0
68032,0
18029,2
12459,0
8109,0
28215,3
89284,3
42657,0
9739,0
1074,0
2698,2
64068,0
90162,3
29682,3
25922,3
82408,2
13287,0
1299,3
36926,0
11429,0
62969,3
54647,0
13463,0
49280,0
34338,0
69231,0
66113,0
38102,3
27068,0
31036,0
9246,3
50113,0
9589,0
10387,3
93613,0
13931,0
52894,0
26253,0
48576,0
42088,0
73087,0
35942,3
6,2
10925,0
24414,3
18481,0
71284,3
11630,3
61052,0
8445,2
7548,2
33779,0
21557,0
56933,0
48223,0
21953,2
11172,0
7677,0
46523,3
24253,3
30010,0
63392,3
90698,0
8352,3
45165,0
18214,2
18291,2
72845,0
74168,0
33511,2
45404,0
33886,0
15030,0
41656,0
59709,0
65558,2
90628,1
48569,0
60097,0
84407,0
20518,0
85450,0
19630,0
45825,2
79411,0
31404,0
60742,0
40295,0
5522,3
98127,2
65892,0
22274,1
61600,2
51853,0
1037,2
648,0
51198,3
50094,0
37683,3
44436,0
22554,0
94532,0
59214,2
29841,0
86581,0
7999,0
37784,0
6438,3
88445,3
64663,0
87133,2
45918,0
83369,3
33659,0
27029,3
17992,2
60665,0
85163,3
44917,2
86476,0
82669,0
552,1
49016,0
95079,0
59103,2
50096,2
10795,0
67572,0
60456,0
77878,0
72383,2
44646,3
54979,2
46555,3
31680,3
85108,0
80323,0
12455,0
46118,0
72412,0
25490,3
79008,0
85346,0
81932,2
57571,0
51876,3
98774,3
61893,0
21233,0
68093,3
71470,0
15451,0
44281,0
99833,0
61143,0
16864,0
41365,0
77744,0
80216,0
25172,0
24021,0
95178,0
22547,0
28272,0
3209,3
47475,0
3607,2
97684,0
65361,0
35717,0
19406,0
24983,0
12556,3
9348,0
17150,3
67960,0
73783,0
21132,0
27572,0
17905,0
83792,0
41241,0
12811,2
21988,1
7173,2
41434,3
69235,3
42616,3
47826,0
68887,0
80868,3
14815,0
83847,0
9287,2
42106,2
69688,0
83426,0
40741,2
66802,0
82574,0
54679,0
9503,3
31447,0
93380,1
92329,3
63664,3
73833,0
23919,2
61957,0
53277,2
96929,3
42065,0
95315,2
30675,2
54518,3
73061,2
95233,0
51144,0
59344,0
29863,3
86270,0
60856,2
46252,0
11589,0
77195,1
71023,3
51626,0
2681,3
88609,3
71483,3
91855,2
51537,0
22226,3
47456,0
18826,0
67830,0
53596,0
63402,0
74099,0
24039,0
85576,0
21048,3
34044,0
80870,0
41180,0
26316,0
44656,0
7871,1
52582,3
50715,0
15761,3
13709,0
4508,0
45532,0
81728,3
70355,2
55312,0
81888,3
47921,0
96847,2
91654,0
37279,0
5213,2
65646,0
25983,0
11847,3
80114,0
98931,2
24584,3
37672,0
35341,0
22591,3
93568,0
46421,3
45972,0
48392,2
11067,0
33220,1
37084,2
31124,2
23740,0
7493,2
83112,0
10151,2
92430,0
20069,2
51364,0
25545,2
35007,0
14346,0
64875,0
81937,0
44510,0
42806,1
70634,0
44990,0
90127,3
26619,0
32283,3
57309,0
97291,0
66570,2
26549,1
11346,0
40593,0
22900,0
58996,1
73364,0
73524,0
66568,3
34453,3
80600,0
31385,0
53474,0
55397,0
90468,0
81906,0
53241,0
18657,2
26686,2
41250,0
46756,0
84612,0
8605,0
73150,0
60769,0
80492,3
74093,0
95085,3
8079,0
47902,0
26378,2
93353,0
11861,0
29562,3
94005,0
20796,0
55063,0
80338,3
45168,0
53194,3
2768,0
94736,0
14458,0
54325,0
84247,0
75842,0
45428,0
90123,0
66413,0
58199,3
24437,3
29566,2
8243,0
88527,3
83132,0
17884,0
80603,0
28001,0
86950,0
72106,0
33740,3
61760,0
94211,3
49523,3
20521,0
45344,3
1789,3
69404,2
33212,0
94950,0
70205,2
55486,3
9636,0
7973,0
25819,0
78182,0
90527,2
48084,0
18360,0
46986,2
88066,3
55335,0
25928,0
86555,1
71581,1
54293,3
95696,0
25665,0
29406,3
64374,0
12815,0
18364,0
86494,0
63714,0
67792,2
27616,3
50003,0
54839,0
61318,3
80082,3
21884,0
13420,0
57659,0
22684,3
82596,0
77646,0
99291,0
95590,0
29731,3
61229,3
27242,3
99687,0
90618,0
3512,0
54618,0
87465,0
61309,3
50935,0
15154,3
75336,3
91202,0
32445,0
18594,0
35280,0
9789,3
99599,2
89412,0
5173,0
63654,0
85530,3
84818,0
87592,0
52818,3
50932,0
96338,0
2837,3
71764,0
12021,0
28650,0
66918,0
86153,0
68697,0
89495,0
89571,2
25038,0
13965,3
31887,0
53295,0
66224,3
65622,2
42037,0
88929,0
84063,2
79795,0
46867,2
99184,0
96423,0
11873,0
50895,0
65768,0
16215,0
4143,0
21705,0
62864,0
76835,0
628,0
41951,2
35488,3
45080,2
56911,3
46743,0
21639,0
55072,3
35206,2
89357,3
43782,3
83196,0
25027,0
77707,0
42318,0
4196,3
26610,3
77350,0
75994,3
34627,0
76944,0
16394,0
28249,0
92937,0
21203,0
76768,2
48397,2
2530,0
24119,0
25773,0
47508,0
5700,0
52093,0
10767,0
73666,0
4698,3
64921,3
77389,0
5611,0
83628,0
34462,0
18878,3
85597,3
92238,0
55018,0
90228,2
4792,0
70501,2
91872,3
52575,0
78697,3
50219,0
65571,0
88432,0
56521,0
13958,0
74200,0
3515,1
99024,0
49289,0
58408,0
54486,0
86935,0
71858,0
89241,0
68581,3
44393,0
83429,2
61436,0
83948,0
185,0
95455,0
53910,2
89953,3
17615,0
38043,3
71474,0
75305,3
64659,0
33722,3
32727,0
14508,0
8422,0
56577,1
84332,0
49952,0
31024,2
93889,2
10645,0
43252,3
58661,3
21886,0
63707,0
14460,0
47152,0
73891,3
43196,0
47819,2
79380,0
27948,2
35738,0
80761,0
2901,0
23301,3
41252,3
77388,0
41920,0
5477,1
15593,0
79561,0
33463,3
81348,0
51514,0
66636,3
46093,0
94497,3
10758,2
23775,0
96212,0
74382,0
12449,0
34241,0
33206,0
7928,2
93955,3
61861,0
63486,0
16766,2
12405,0
69731,0
31261,0
30470,0
9687,0
34923,0
43435,0
63827,0
48963,0
29374,0
21650,0
47935,0
99300,0
20867,0
8130,0
72362,3
3134,0
99535,0
53812,0
440,0
47147,0
85925,0
91258,0
43860,3
49880,0
68626,0
15749,0
8454,3
55857,0
56189,0
38414,0
71037,0
41514,3
77503,0
63174,0
57102,3
14841,0
52602,0
95441,0
97125,0
84608,0
86706,0
18164,0
3436,3
36145,0
36944,3
45923,0
22718,0
93839,3
62448,2
92615,0
79524,1
15725,0
49710,1
37685,0
92660,0
19184,0
41293,0
13600,0
57694,2
75470,3
52560,0
6462,3
91166,0
51851,0
99492,0
36001,3
91856,0
94187,0
50871,0
60260,0
1848,0
1420,1
49387,1
13142,1
47295,0
1778,2
34616,0
79414,2
86072,3
11870,0
53997,3
11324,2
54346,0
73907,1
43704,3
39071,3
9361,0
98572,2
21952,3
61901,0
87461,2
37613,3
29354,0
96480,0
60293,1
35906,0
65094,0
15319,0
19539,0
24869,0
13427,0
26888,0
88037,0
93032,0
25399,3
89841,0
90842,0
74538,2
84622,0
29152,0
49960,3
73193,2
60478,0
23386,0
23286,0
34268,3
70865,0
77564,3
24411,0
29699,0
24534,0
38795,2
91005,0
97908,0
14883,2
36476,2
586,1
56828,0
40112,0
56241,0
12559,3
80044,0
91228,0
71315,3
65221,0
20973,3
89187,3
8249,3
36540,0
37026,0
8843,2
66217,0
31908,0
53900,3
2762,0
47416,3
69626,0
29315,0
24126,0
96797,3
69498,3
86971,2
22363,0
88260,0
43425,0
31258,3
83618,0
84167,0
7121,3
2414,0
74510,3
62265,0
91552,0
63009,1
42429,0
86124,0
12254,3
21815,2
94570,0
76705,0
11936,1
34550,0
29157,3
88303,3
51440,0
73416,3
41120,0
13741,2
68277,0
10036,3
81356,0
31899,1
17259,0
97874,0
90856,0
66213,0
81934,0
8857,0
11517,0
40921,0
28167,0
44334,0
52242,0
80802,1
79302,3
87626,3
23397,1
91661,0
78156,3
16993,0
152,0
81129,0
41334,0
84569,1
17594,3
61623,0
2652,0
85011,3
26970,0
98648,0
31640,3
28312,0
44144,0
91430,0
32759,3
93972,0
46677,0
60327,0
90077,2
88348,0
92024,0
87229,3
34300,3
52577,0
98781,0
90688,0
38829,0
20382,2
10763,3
85815,2
40332,2
7452,0
25839,3
46264,0
18103,0
19873,0
88979,0
62230,3
63855,0
9114,0
49337,0
79423,0
77172,3
82560,0
97152,0
14960,2
15357,0
89348,0
13108,0
59673,0
55623,1
93443,3
47559,0
12424,1
48170,0
82749,0
77162,3
47270,0
58590,0
47155,2
30967,0
65324,0
57451,0
55750,0
64750,0
87292,0
29368,0
59611,0
68331,3
45115,0
95058,0
55593,3
63133,2
22624,3
65320,0
11871,0
79290,0
2834,0
12337,0
22247,3
53775,1
24088,2
15505,0
97865,1
1948,0
61598,3
70631,0
858,2
48628,1
18219,3
27209,2
49288,0
90729,0
95380,0
19043,0
2251,2
76099,0
65040,2
6205,0
68733,2
48472,0
49166,3
59694,0
23808,0
86972,0
15991,2
38476,0
37170,0
56412,3
70213,0
38261,0
9794,0
26241,2
32506,2
6014,0
69932,0
84212,0
93498,0
64662,0
34975,2
85499,3
92083,0
98236,1
62643,0
81440,3
1752,0
24354,0
78472,3
76493,0
92133,3
6347,0
70545,3
21096,0
52339,0
61712,0
3757,0
28703,0
6930,0
60378,0
68532,2
59993,0
63065,0
45760,3
18466,0
86154,3
19624,3
10880,0
48661,2
51385,0
60334,2
34260,3
94709,0
2801,0
1143,0
45976,0
59982,3
50328,0
30293,0
42709,0
12084,0
21268,0
47167,3
42575,0
98920,0
36484,0
79473,0
82159,0
73586,2
57350,3
78993,0
71594,0
69399,0
90071,0
78349,0
56721,0
94875,0
23962,0
55738,3
34667,0
57933,0
20846,0
83031,0
84165,2
98372,2
84937,0
61364,3
17656,3
6614,3
87510,2
79936,0
8664,2
25638,0
52098,3
58386,3
77332,2
94493,0
83343,0
31961,2
10782,0
75740,0
13791,0
97546,0
82457,0
37689,2
44376,0
58514,3
43870,0
6597,0
67485,0
33187,0
27984,0
75538,0
842,0
55209,0
43236,0
56616,3
26695,0
70310,3
37063,0
72287,0
89302,2
13924,0
85417,1
69593,0
59062,0
25233,0
32548,0
19181,3
7911,0
15626,0
70896,0
88755,0
73836,3
85027,3
26393,2
37050,0
45908,0
8813,0
30515,3
19216,3
29685,0
89637,0
23968,3
9754,0
2931,0
97274,0
93281,0
78846,0
11424,3
62883,0
6750,0
42306,3
56548,3
79674,0
49239,3
39596,0
4670,2
20102,0
55264,0
49996,2
76870,0
26351,0
5935,0
90070,0
58758,2
21444,0
66617,0
2043,2
99860,0
749,0
3287,3
634,2
10823,1
12448,3
72901,3
7441,0
28211,0
14530,0
61889,3
92954,0
75520,0
41226,0
68720,0
29945,3
15320,0
58444,0
52446,3
36715,0
62065,0
27898,0
18877,0
13881,0
97633,0
68795,0
82422,2
88611,0
163,0
18615,3
19249,0
73098,0
71204,0
51788,0
78097,2
44735,0
26804,3
77113,0
86048,3
26993,1
76901,0
34969,3
2919,3
25925,0
63963,0
30020,0
2386,3
21162,0
52082,3
5414,0
53255,0
37692,3
9614,0
77760,0
75390,0
869,3
46442,3
93644,0
11543,0
32381,0
27073,0
49170,0
34233,0
63038,0
22663,3
42307,0
32124,0
24227,0
69782,0
28940,0
9237,0
12804,0
59923,3
75573,0
49470,3
54741,0
80523,0
22449,2
7450,3
98684,3
40659,2
27165,0
70405,0
97090,0
42305,0
2307,3
26053,0
41483,3
24248,0
8933,2
31295,3
96547,3
84110,0
46441,2
6555,2
84987,2
75397,0
56370,0
68933,2
3690,0
30642,0
18469,0
64411,0
39836,3
48108,0
69518,2
14653,0
56952,0
84289,3
53480,1
85708,0
38727,0
79505,2
27724,0
83467,0
13135,0
79553,0
8797,3
64708,3
59810,3
56341,0
44342,3
41583,0
43903,0
11987,0
76455,0
58576,0
3020,0
34522,0
13527,2
79064,0
73507,0
89232,0
30616,2
28955,0
91948,0
93410,3
63331,0
82916,0
20677,0
50214,2
22450,3
40526,0
99873,3
47204,0
7510,2
55071,0
39615,0
198,2
23974,2
37502,0
5685,0
46855,0
78339,0
64725,0
29532,0
36618,2
67744,0
6263,3
4419,0
52453,0
47701,0
41027,0
21934,0
84853,0
70294,3
15164,0
3954,0
88640,2
1311,0
59876,3
42812,0
48952,2
71597,2
67625,1
50074,0
14021,3
8572,3
2491,3
56959,0
15185,2
46239,0
86517,0
49693,3
82777,3
45294,3
87984,0
56899,3
70538,0
76844,0
6739,0
47684,2
70882,0
74108,0
93404,0
81620,3
45652,3
77486,0
81821,0
97696,2
24310,0
421,0
50755,0
80543,0
69397,2
51663,0
27175,0
55631,0
66921,0
70146,0
12202,0
34314,0
35144,0
56914,2
70104,3
35928,3
61407,3
99336,3
21651,0
60225,2
48798,3
32214,2
71224,2
53555,0
56207,0
15530,0
8174,0
14225,3
32207,0
91289,0
18925,0
71661,0
30402,1
59223,2
17772,0
11274,0
97761,0
22896,0
45848,0
59575,0
25335,0
81990,0
45188,0
56445,3
59133,2
91087,0
53828,0
12965,0
24780,3
51231,0
84512,0
17490,0
64960,0
70866,3
76523,3
61437,0
79980,0
83291,0
58624,2
1349,2
42567,0
40815,0
52638,0
79786,0
53399,0
17509,0
12996,0
62398,3
13594,0
55458,0
76532,2
29386,0
10805,3
14185,2
16774,0
83233,0
16597,3
64796,0
64311,0
89161,2
67462,0
75605,0
12962,0
4031,0
66297,0
23179,3
69173,0
48386,2
64331,0
70998,0
68545,0
41484,3
37484,2
44060,2
2287,3
38077,0
39581,2
94887,0
48677,2
88406,0
27157,0
61631,0
91891,0
77833,0
9129,2
54565,0
13839,3
94262,0
45739,0
62716,0
48892,0
80366,0
59206,0
1290,0
83495,0
76388,0
39543,0
7127,0
47304,0
20492,2
901,2
13845,0
91634,3
2712,3
25655,1
28416,0
88095,0
57204,2
3449,0
75934,0
31719,2
64200,0
29991,0
55137,3
15412,2
84597,2
19569,0
74698,0
4645,0
47333,0
80837,3
29449,0
38716,0
80559,3
30767,0
18986,0
87097,0
84559,3
83007,3
33589,3
492,0
42768,0
85674,0
89989,3
46729,3
56398,3
39752,2
14962,0
9183,0
86320,0
85513,3
64050,0
92490,3
42558,3
28488,0
39152,0
67213,0
72856,3
51181,0
76635,0
78761,0
5493,3
22779,0
68804,3
88094,2
23718,0
73441,3
32542,0
17749,3
71698,2
97295,0
10553,0
29175,0
61815,3
34988,2
37273,0
24557,0
61875,0
34986,0
50191,0
17922,0
91853,0
60269,1
20656,3
18991,0
4797,0
12098,0
78028,0
29641,0
49748,0
41784,0
11737,0
25756,3
42614,0
73772,2
24676,3
5067,0
68603,0
65069,2
76724,0
9109,3
92030,0
93418,0
50294,3
38042,1
74301,0
32475,0
28547,1
38933,0
64031,0
51240,0
56739,0
93664,0
10653,0
5582,1
34823,0
58083,0
95317,3
88949,3
29320,2
17945,3
9709,0
14289,0
10812,1
43625,0
81785,3
70517,0
37930,3
46488,0
8576,3
74324,1
51797,1
84763,3
41288,2
28642,2
11330,0
41492,0
56311,3
10602,1
92663,0
83507,0
65987,0
16066,1
98801,3
13636,0
41427,0
35718,0
14682,2
20875,0
29886,0
51782,2
13475,0
75255,0
5084,0
52187,0
97126,2
55897,0
21575,0
42512,0
2799,0
66009,0
97392,0
35620,3
74320,0
55624,0
45317,3
24683,3
59900,0
98288,0
17512,3
14548,0
5678,3
31752,2
26152,3
24556,3
81713,2
134,3
78901,3
24466,0
99264,3
58478,2
88938,3
15691,0
20617,3
59693,0
31736,3
37634,0
76965,2
79004,2
25689,0
79352,3
47368,0
86671,0
75613,3
79170,0
51660,0
66505,0
3426,0
4030,0
23370,2
73791,0
29335,0
80431,0
67393,2
64533,3
69787,0
76653,0
40528,0
22658,0
22853,0
10226,2
11700,3
31434,0
47050,0
77773,0
78082,0
93559,0
82617,2
33604,2
10675,0
66704,0
99664,0
36153,0
69554,0
25026,0
30964,3
58998,0
84634,0
96416,0
82497,0
96779,1
51715,0
68919,3
29424,0
38729,0
27736,3
44826,0
4618,2
34227,2
50123,0
35285,0
59921,0
39859,2
14623,2
31444,3
82402,0
11983,2
87629,0
58541,0
15268,3
22651,0
42201,0
3949,0
70497,0
68122,3
88089,0
30505,0
45000,0
76642,0
73920,3
30723,0
14083,0
31882,3
34993,3
63310,0
88238,0
79026,0
47287,2
86029,0
49139,1
47043,0
52784,3
76858,0
64134,0
77994,0
55764,0
42906,0
39436,2
78286,0
92281,0
23897,0
29359,3
92592,0
63381,1
80806,0
21564,0
3798,0
44375,0
93789,0
3890,0
4871,0
24157,0
34272,0
62009,3
97827,2
55872,0
95189,0
29635,0
26235,0
19273,0
32979,0
51568,0
98597,3
6629,0
95204,3
85685,3
77787,2
70893,0
81022,3
30363,0
8336,0
47922,0
67720,3
95617,0
32498,0
2085,0
20438,0
44409,0
73735,3
90103,1
42028,3
98974,3
76582,3
98877,2
33876,3
71652,0
28662,0
52147,0
73889,0
13811,0
54307,3
40078,2
24720,0
15987,0
52386,2
49575,3
44191,0
95991,3
50955,0
14560,3
29446,1
28633,0
13920,0
74605,0
29102,0
77265,0
87945,3
66956,3
61746,0
22103,3
45300,3
81134,0
9757,0
89067,0
20956,0
84272,0
95908,3
93804,0
60959,0
74292,0
26752,0
92522,3
29496,3
44998,3
24432,0
32485,0
94923,0
26999,2
33173,0
14084,0
65498,0
18907,2
65247,0
10433,2
3991,0
53339,0
32509,3
69470,0
26589,0
82455,0
27734,0
39825,3
51675,0
88319,0
87266,0
10098,3
94905,0
54436,3
77605,0
83349,3
75297,0
4023,2
43071,0
24932,2
76668,0
5962,3
86792,3
67161,1
74083,0
85349,2
23779,2
66709,0
67273,0
7277,2
22847,2
58524,3
13951,0
40693,2
77506,3
15864,2
81498,3
26477,2
14549,3
57257,0
71773,0
81488,2
62745,0
99832,0
84118,0
61039,0
59853,2
19157,3
1598,0
36764,0
1886,0
13270,0
42968,0
13071,0
46693,0
16611,0
30526,2
89135,0
99834,0
489,3
56071,0
13337,0
76061,3
72785,0
23728,2
73003,3
51563,0
98992,3
35511,0
40891,2
89387,0
97085,2
6491,0
51047,0
78135,2
41862,0
93199,0
34734,1
59336,0
15236,0
38006,3
78681,3
71789,0
77089,0
36205,0
80063,2
88380,0
12287,3
23976,0
70581,0
60098,0
91003,2
4209,3
68036,3
23070,0
84815,0
41636,0
56391,0
36952,0
20260,3
51810,0
36556,0
58274,0
62665,0
64718,0
90738,3
92512,2
37514,0
78004,3
30835,2
85092,2
53140,2
35179,3
35311,2
21102,0
27369,0
49928,0
40938,0
20404,3
69007,0
45191,0
24175,2
95252,0
8267,0
8269,0
7694,0
72579,0
46746,0
59468,0
9577,3
88818,0
16398,0
77621,0
51827,3
3909,0
16010,1
3800,0
4166,0
84154,0
77866,0
70084,0
99328,3
41900,0
81188,0
92708,0
45944,0
17954,0
8153,3
98636,2
92442,0
28582,1
24945,0
47918,0
95533,3
35838,3
24618,0
56511,2
15146,0
73614,0
96555,1
4096,0
98842,0
55126,0
61075,3
78935,0
63002,0
79146,0
80207,3
33987,0
57676,3
60460,0
61219,3
67409,0
50598,0
95422,0
97383,2
33863,0
90088,2
17032,0
89215,0
27950,0
84280,0
61485,2
14343,2
48612,3
37624,3
3246,0
30482,0
70878,0
41588,0
41383,0
49057,0
76527,2
91546,0
63815,0
31529,0
87720,2
90358,0
59535,2
72173,0
49427,0
48286,3
25963,2
21242,2
22938,0
74994,3
88874,0
80604,0
72231,0
48150,0
78285,0
59421,0
2678,0
50154,0
95328,0
85753,0
20212,2
30384,0
59951,3
24447,0
73486,2
14035,0
22234,0
19323,0
78353,3
49822,3
7668,0
21406,0
32101,0
13967,0
75422,0
91236,0
63632,3
58490,0
63180,0
85663,3
5028,0
66785,0
52317,0
45267,2
29344,0
13978,0
44338,3
89018,0
9461,3
64322,0
73626,0
85954,3
91040,3
68734,0
72253,0
99215,2
36542,0
23368,0
6270,0
59440,2
38754,0
29232,0
67394,3
50282,0
38515,0
80752,2
54066,0
2335,0
1662,3
92839,3
95637,0
72745,3
29182,0
12694,0
66068,0
88799,0
67306,0
7558,3
74000,0
12914,0
53720,3
1235,0
59150,1
28921,0
40208,0
28806,0
6693,0
46785,3
40020,0
49583,0
91117,0
92510,0
87840,0
47338,1
54969,3
96135,0
1746,2
61611,0
34225,0
21657,0
58907,0
29766,0
23785,0
82400,0
56902,0
62227,0
55153,0
88514,0
97949,2
80590,0
33542,1
23186,0
45262,0
3100,0
34722,0
64038,3
42973,0
44440,0
72082,0
58342,2
6037,0
35243,0
39742,2
34708,0
71956,3
81297,0
66281,0
15628,0
73255,0
8957,0
92635,0
48902,3
54499,3
29093,3
45611,2
51233,0
36414,0
26478,0
92350,3
79156,2
83403,2
40726,0
23927,2
67159,3
80102,0
73317,3
2878,0
33230,3
27779,3
1546,0
24322,0
75329,0
98029,2
95817,3
46054,0
30071,0
27889,0
82958,0
90191,0
16501,0
15459,0
97450,0
42743,3
16847,0
21419,3
43895,0
87972,0
28370,0
51439,0
17967,0
39803,0
18916,0
75209,0
28601,0
77294,2
4684,0
25308,2
31679,3
89380,0
18434,0
12441,0
32132,0
39524,0
72618,1
3200,0
26643,0
66172,0
9032,0
95518,0
65458,0
49865,0
77338,0
43240,0
4731,3
96287,0
15240,2
49778,3
96284,0
84321,0
29978,0
52080,0
59095,0
12956,0
95680,0
49089,0
80418,3
44777,0
17537,0
57198,3
14298,0
40015,0
23786,3
34683,0
67821,3
46898,0
7738,0
48171,0
41787,2
31688,0
35701,3
53331,3
25472,3
31836,3
35665,0
59180,0
5374,0
5307,0
15744,3
24857,3
16755,0
42034,3
10260,0
52660,0
63350,0
31641,0
98041,0
88968,3
17428,0
29427,3
90453,0
86556,0
52252,2
43204,0
78257,3
23441,0
27935,0
88448,0
58368,1
82627,3
28775,0
83987,3
96944,0
15195,0
42204,0
87288,0
29529,0
76908,0
47374,0
22250,0
50641,0
24228,0
89238,2
43555,0
27396,2
20374,0
94300,2
50727,0
90614,0
72824,3
50837,0
45279,2
55554,0
88126,0
72600,0
62209,2
82323,0
78056,3
71566,3
84408,0
38094,2
67517,0
36483,3
37199,0
28743,0
11243,2
50863,0
5024,3
36653,0
38059,0
98719,0
43114,0
10550,2
98685,0
47680,0
60012,0
21061,0
48001,2
52357,0
1091,2
15911,0
16328,2
22049,1
6978,3
75762,0
52440,1
72132,3
24345,0
21726,2
21946,0
61238,0
36268,0
11685,0
59245,0
51730,3
70010,0
61064,0
74090,0
8418,3
39704,0
17027,2
70875,2
65995,0
27805,0
69804,0
67095,0
62022,0
61867,0
27164,0
47341,3
18190,0
32402,0
7129,0
83865,0
42233,0
10551,0
76896,0
36490,0
32211,2
72120,0
76100,0
1533,0
19467,0
95688,0
47751,3
24627,2
3007,0
66133,0
54029,2
35798,2
33739,0
25877,2
75606,2
46420,0
79012,0
97543,0
50073,0
20563,2
14204,0
17861,0
73320,3
86487,0
95651,0
3267,3
87797,2
73383,2
61700,0
7639,3
98627,0
26163,3
69608,0
83311,2
53206,0
43990,2
38606,3
24736,0
43585,0
33224,2
39395,0
79924,0
13574,2
2273,0
30324,0
27832,0
29236,2
5915,0
13140,3
95517,0
8784,3
61040,3
37207,3
78137,3
97707,0
25050,0
61636,0
69293,0
77759,2
5370,2
47079,2
48608,0
53164,0
16863,0
51921,0
80985,0
56425,3
3832,0
72172,2
46207,0
54637,1
20637,0
6712,0
3173,2
57893,0
13168,0
88699,0
29283,0
32019,2
95032,0
92449,0
38559,2
96111,0
35683,0
88216,0
35554,0
77684,0
36077,2
40655,0
62221,3
93472,0
52942,2
15677,3
99389,2
28704,1
33256,2
26540,0
60130,3
44226,3
58959,0
83780,0
39111,0
97641,0
39162,3
13360,2
28487,0
42366,0
67301,0
71497,0
14159,3
85433,0
80815,1
39172,3
73599,0
91464,3
33769,0
60076,0
78563,0
82097,0
444,0
4342,3
64373,0
99061,0
83640,0
8115,0
67688,0
25012,0
35484,0
45704,0
60418,0
67354,3
42491,2
70607,2
4837,2
18327,2
99475,2
17247,0
90229,0
16835,0
4499,0
55337,0
93047,2
19553,0
63964,0
36149,3
91302,0
89520,2
58729,0
42383,0
30617,1
41319,2
51944,0
89457,2
91879,0
59974,0
61018,0
87103,0
25123,0
92362,3
8450,0
22659,3
18927,0
12187,0
46024,0
18976,0
1771,0
54763,3
75839,0
83657,0
47483,0
70393,1
98345,0
44668,0
42786,0
38661,0
66616,0
30408,0
91929,0
55010,3
60000,0
90557,0
33459,0
4305,0
97694,0
74209,2
21074,0
3462,0
62861,0
35094,0
66151,0
99295,0
51860,0
70360,3
35253,2
38305,0
47798,0
9616,0
93587,0
48342,2
88082,3
87172,0
48340,3
60079,0
29117,0
34330,0
90411,0
44862,0
74227,3
12933,0
58403,0
20530,3
59924,0
1087,0
9296,0
18449,0
94596,0
83558,0
85419,3
80013,0
14100,3
91058,3
82613,0
31313,0
12518,0
33728,0
63549,0
16970,3
10188,0
99745,0
833,0
60375,2
17160,0
39892,0
95037,3
46193,3
6297,0
26734,3
47785,2
1372,3
84056,2
6116,0
1440,0
1602,3
79007,0
99939,2
15893,2
3737,0
28041,0
83724,0
83199,0
26847,0
71879,0
1,0
32194,3
33252,0
67640,2
27301,0
96623,2
24375,0
56835,0
13852,0
22867,0
82160,0
56058,0
59027,0
68282,0
21893,0
59175,0
86218,3
88580,0
37773,3
39214,0
17317,0
75304,0
81585,1
51980,0
30117,0
75025,3
54165,0
39731,2
67647,3
49816,0
8903,3
59015,0
27915,0
57048,0
25146,0
88894,2
47646,3
16449,0
94608,3
93534,2
86885,0
58443,0
97789,0
97280,0
84541,0
7689,2
18667,3
51526,0
5390,0
62772,0
12852,0
78917,0
62710,0
77192,0
78782,0
5735,0
95008,0
52101,0
11708,3
11162,3
89758,2
5767,3
61003,2
8801,0
71906,2
1923,0
51780,0
71386,0
59305,2
37749,0
62882,0
40713,0
23032,2
75626,0
12014,2
59930,2
11214,0
71761,1
62308,3
65825,0
55846,0
73847,3
5667,0
68475,0
70150,3
13205,3
14309,0
454,0
16489,0
60102,3
29228,0
27862,2
9200,3
98075,3
19039,2
6530,2
23663,0
903,3
83367,0
27541,0
48924,0
8408,0
84796,0
7873,2
74758,0
72051,2
52632,0
37915,0
13648,0
38117,3
72468,2
31148,0
97051,0
73492,0
27865,3
7176,0
42504,0
33677,0
5446,3
46267,3
94472,0
80210,1
34595,0
61543,0
47764,0
85068,0
70663,3
71085,0
65032,0
22130,3
50207,0
51666,3
18375,2
2879,1
21977,0
82002,0
42549,2
49609,0
94595,0
12511,0
70408,0
80921,0
7546,0
58191,0
57124,0
7874,0
24567,3
67132,3
91428,3
70938,0
92572,0
67433,0
69674,1
28622,0
77758,0
73038,2
41808,0
7216,0
18839,0
45303,0
83587,0
7630,0
86515,0
55592,0
21266,0
15038,0
18110,0
61200,0
83977,3
37560,0
84747,0
2221,2
44268,0
83938,0
52040,3
98834,2
74977,0
99509,3
17352,0
34517,0
77277,0
1386,0
39374,0
97969,0
53543,0
25884,3
49569,0
3546,0
11744,3
79736,0
28618,2
98601,3
40993,0
73622,0
42344,0
59740,0
37332,0
31494,3
93416,1
57243,0
19127,3
73033,0
51530,3
52712,3
86380,3
27444,0
92010,0
2980,0
62780,0
87686,0
76213,0
40047,0
72143,0
34914,0
21679,0
55239,3
23952,2
34775,0
2808,0
25298,2
14643,0
56564,0
43112,0
51607,2
68123,0
4197,2
26103,0
23418,0
28099,0
68272,0
24449,0
97127,0
52763,3
10471,0
75704,0
45286,0
13908,0
31820,2
71957,3
56640,2
90724,0
12258,3
8348,3
55927,0
89629,1
82988,0
3571,0
55306,0
62555,2
81240,0
52595,2
43598,0
66247,0
21865,0
19263,0
59208,0
23995,0
40100,0
53282,0
66459,0
41026,0
58586,0
23452,0
22681,0
95961,0
4845,0
30458,0
9369,2
94195,2
12873,0
95192,0
15710,0
60296,0
10167,2
87642,0
16986,3
52802,0
57736,3
26179,2
22505,0
43334,0
51542,0
61567,0
25577,0
2284,0
13915,0
7038,3
1514,0
31947,0
75853,2
56623,0
74523,3
46197,3
19697,2
91688,3
70911,3
71841,2
72272,0
59610,0
94358,2
11743,0
32180,3
81169,2
41839,0
90294,0
31710,0
25062,3
8880,0
24939,0
35694,0
56022,3
4208,0
86265,2
48202,3
69747,3
92636,2
81679,0
68713,2
27660,0
60038,2
50682,0
84461,3
52224,0
25069,3
39857,2
5682,0
69054,0
47844,0
14101,3
6831,3
88444,0
80209,3
81722,0
98454,0
47052,1
51496,3
25614,0
10448,0
69328,0
26897,0
12840,0
62081,0
12874,0
17340,0
59819,0
19640,0
99157,3
42412,3
82260,0
34121,0
48521,0
11371,3
92795,0
17437,0
93909,0
41275,0
18508,0
77886,3
65551,0
59765,0
47235,0
34783,2
55629,3
52553,3
3031,0
45079,0
80981,0
193,0
52819,0
54274,1
34392,0
85094,0
13816,0
28162,3
95684,3
15414,0
50738,1
39084,0
18850,0
45668,0
72640,0
59073,0
72535,0
42695,0
56056,0
90257,0
13488,3
49644,0
2110,0
73236,0
84036,3
58639,0
45013,0
45274,0
59711,0
98397,0
64007,0
16475,0
5558,2
32481,1
18422,0
1785,2
76538,0
61816,0
23491,3
9719,3
48304,0
68638,0
3600,1
34677,3
33269,3
74355,2
79636,0
776,2
33051,3
14830,0
47836,0
75978,0
26342,3
64202,3
78236,0
83455,0
67167,3
95959,0
79017,3
90090,2
71509,3
23943,3
95088,0
30826,0
72786,3
10358,0
76472,0
61921,2
23380,0
55524,0
5467,3
5231,0
85473,0
20781,2
96671,0
24477,2
80267,0
99571,0
41124,0
23514,0
50617,0
41098,0
74330,0
18149,0
5387,3
45445,0
31731,0
37977,0
291,0
81831,0
93636,0
93479,3
3212,2
7808,0
28285,3
39753,0
69650,0
55903,3
28951,2
62160,0
66180,0
39463,2
6012,0
38774,2
15001,0
23589,0
89761,1
74350,0
31294,2
86990,0
80001,2
66949,0
82016,0
80164,0
13066,0
66312,0
58921,0
13800,2
56580,0
80220,0
80281,0
51709,2
40675,2
41993,0
46730,0
72248,1
95488,0
33674,0
47400,0
9307,3
41541,3
49347,0
58263,2
93227,0
41709,1
727,0
7103,0
73681,3
38013,2
1374,3
40326,2
92134,3
5452,0
31591,2
45345,0
43413,3
63056,0
10595,0
20089,0
35060,0
97809,0
13347,0
33239,2
93151,3
76613,3
9934,0
21967,0
82577,0
17521,3
71266,3
50461,0
58539,0
77685,0
37569,0
53262,0
58971,0
52948,0
42033,2
43669,3
59894,0
70528,0
67945,0
48331,0
12644,3
14668,0
71066,2
88175,0
95822,0
91823,0
17893,0
4950,2
8370,0
72105,0
20026,0
26382,0
47455,2
55840,0
22789,0
23721,3
55616,3
81455,0
24951,0
27820,0
73106,3
87233,2
76855,0
11135,0
75280,0
93801,3
55650,2
56005,0
10695,2
12286,0
3701,0
2013,0
13961,0
60910,0
96257,0
78313,2
96762,0
32096,3
90764,0
18048,0
44121,0
4199,0
98135,3
81829,0
37213,0
99088,0
91479,1
44985,2
29705,0
62867,0
55732,0
25918,2
307,0
36808,2
31436,0
76937,0
15105,0
42027,0
78966,0
84438,0
88751,3
9267,3
41584,0
18182,0
15135,0
93561,0
12002,0
388,0
34930,0
1981,3
7211,0
77678,0
52949,0
76424,0
74259,0
32900,0
48279,2
42884,0
46050,0
22686,0
1294,0
21235,0
19841,2
84725,3
48911,0
85145,0
63209,0
79100,3
99855,2
13194,3
63415,3
93037,0
42381,2
6020,0
94643,3
54950,0
15600,2
60129,2
47942,0
99495,0
97544,2
4970,0
98110,0
88250,0
51856,3
39407,3
55180,0
57691,2
15714,0
52275,0
64789,0
64091,2
30823,2
19671,0
77196,0
18031,2
31781,3
48805,0
56465,0
53753,0
95562,3
74752,0
45804,3
86672,2
11954,0
27851,0
80348,2
34926,0
23908,3
69511,0
14677,2
27817,2
46593,0
49933,0
80780,0
14423,0
97884,3
12740,1
32948,0
53326,0
57739,0
44432,3
96613,3
34142,0
77023,2
6949,2
49159,2
23128,0
3683,0
88277,0
65886,0
67779,2
39130,2
54215,3
64004,0
95508,1
61554,3
49479,0
83707,0
38297,0
49765,3
34547,0
73768,3
51962,0
95011,0
83589,0
17067,0
85621,0
6980,0
9060,0
56963,0
73579,0
10860,0
97267,0
6836,0
20527,0
27750,0
71604,3
9885,0
49842,0
75477,0
61482,0
49715,3
4589,0
11520,0
86740,2
73804,0
97638,0
59029,0
72762,2
56575,0
9048,2
68936,0
63537,3
226,0
76376,0
64697,0
10039,2
70526,2
88872,0
68690,0
6061,0
31451,0
29881,3
59804,0
66000,1
10278,3
20017,0
41176,0
56898,0
42767,0
719,0
11262,0
28128,0
87056,3
97484,2
89476,0
96173,0
31516,0
8231,0
69136,0
4170,0
31667,0
35846,0
43231,0
66011,3
8105,3
65309,0
35973,0
19682,3
91942,2
97751,0
50442,3
19613,0
83424,0
7706,0
37873,0
78728,3
2161,0
66442,3
49172,1
98287,0
34940,0
7158,0
55919,0
82768,0
38734,0
50668,2
53093,2
37161,0
25276,0
79559,0
46178,0
68141,3
11490,0
546,2
58974,0
15005,0
85757,3
50974,1
5101,0
33437,0
39866,0
79187,3
35086,3
90153,0
96197,3
72491,3
38180,0
43762,2
44448,0
54900,3
32192,0
30877,0
67980,2
35422,0
89308,2
99200,0
30855,0
60607,3
34362,1
96932,0
44330,2
13453,0
9175,0
24626,0
817,2
92565,2
57062,0
69942,2
35535,3
3637,0
87559,2
82500,0
81828,0
95059,0
57869,0
79292,0
70412,0
70039,3
99706,0
27833,3
37206,3
36793,0
15669,3
53519,0
15460,0
65142,0
85630,3
88312,0
92697,0
89319,0
13617,2
6715,3
20033,0
39644,3
93504,0
16191,0
17470,3
79396,3
15571,3
10509,1
78477,1
84260,3
93951,0
47867,2
13771,0
81749,0
17185,0
97651,0
33996,0
32193,0
61372,0
22071,0
26612,0
84210,0
33101,0
11707,0
29543,0
42248,0
61926,3
75727,0
52085,0
36454,0
39024,2
64702,3
48122,0
60615,0
69472,0
71094,0
19689,3
83769,0
49820,0
77429,1
4439,3
57712,0
17792,3
61662,2
29679,0
3633,0
44476,0
98928,0
44400,0
38203,0
99233,0
78602,3
21695,0
95342,3
74223,0
71265,0
75067,3
75139,0
76936,0
20385,3
91438,3
18283,2
65031,0
89659,0
12988,0
67646,2
84930,2
87548,0
67489,0
25215,0
30154,2
60467,0
52975,0
47558,0
19936,0
49143,0
39423,0
18054,2
51158,0
76323,3
12029,0
30269,0
53319,0
72157,0
32304,2
83352,0
74907,2
84051,0
18963,3
78530,2
89709,0
62155,0
42881,3
50626,3
74064,0
66634,0
20501,0
10721,0
48145,0
18905,0
30807,2
63191,0
77097,0
8804,3
35315,1
15595,0
43630,2
67712,0
89733,3
25210,0
94741,0
71765,3
10799,0
31852,0
30146,2
17338,0
1626,0
93768,0
92717,2
72317,0
48082,0
28124,0
98693,0
12602,2
8524,3
17818,0
54077,0
2796,0
39171,0
9388,0
7383,0
40160,3
37020,0
61929,0
16056,3
88534,0
65826,0
27596,3
78037,0
46904,3
44582,2
86830,0
73793,0
4919,3
71195,0
50940,2
37474,0
24660,1
24457,0
41736,0
74966,0
73112,0
20131,0
49654,0
2274,3
49699,0
79578,0
43896,0
95704,0
35815,3
97599,0
91958,3
48690,0
67652,0
21209,0
94918,0
32777,3
53632,0
87835,2
40167,0
44021,0
70021,0
18501,0
5164,0
98552,2
60954,0
37731,0
92151,0
79091,0
23191,0
41704,0
83962,0
61625,0
47000,0
50007,0
8547,2
78749,3
11939,0
3167,3
3839,3
51508,0
17191,0
30497,0
19586,0
82354,3
36605,3
57205,0
86137,0
14358,0
78607,3
9833,2
4008,2
51889,0
50659,0
41928,0
62947,0
64338,0
44017,0
684,0
4726,0
70029,0
92321,1
67336,0
38539,0
19171,0
80245,0
1587,2
11043,0
70025,3
97059,0
3171,3
26632,0
56884,0
37121,3
65575,0
26224,0
42153,0
70703,0
6188,3
47360,0
11115,0
33773,0
86037,0
63784,2
98945,0
11714,0
99689,0
93707,0
88900,0
87743,2
99471,2
56192,3
42803,0
30451,3
32729,3
84959,0
58575,0
67317,0
69719,0
48481,0
67527,2
69968,0
33226,0
74007,2
19925,0
67179,3
27839,0
18313,3
57651,0
18685,0
71554,2
63353,0
93745,3
8863,0
38151,3
36049,3
33836,3
84492,3
34977,3
48478,3
48284,0
36696,0
18688,3
80118,2
33313,2
83800,0
81770,3
12934,3
71884,1
43153,0
49216,3
30791,0
50194,0
84034,0
89605,3
79909,0
5489,0
81807,0
17391,2
22504,0
97778,3
74874,0
1986,0
98329,2
75003,0
71321,3
20446,2
19667,3
13653,0
25331,0
88148,0
8553,0
70258,3
98953,3
9225,0
24372,0
73166,0
36843,0
90048,3
99533,0
30391,0
1343,3
67170,3
17586,1
84166,0
96456,1
27177,0
40165,0
95737,3
40425,0
53765,2
50961,0
80265,3
88386,3
96213,0
61221,0
83776,1
165,0
51758,0
76172,0
88061,0
41234,2
49082,0
9043,0
84523,2
66854,3
19917,0
83689,0
79070,0
63712,0
35987,0
86668,2
93652,0
91051,1
70400,0
75682,3
21856,2
9411,0
81466,0
50720,3
39403,0
13602,0
13925,2
88100,0
2061,1
28811,0
97799,0
78949,2
29440,3
11191,0
17301,2
82255,0
39021,2
59191,0
5425,0
61681,3
95905,0
51465,1
31145,0
17125,3
97701,0
59842,0
79756,0
72149,0
1452,0
81623,3
6625,0
16370,0
36871,0
50619,0
91275,0
11146,0
51251,0
65304,0
81208,2
20268,2
59146,1
815,0
17459,0
30999,3
84784,2
82612,3
60002,0
27982,0
92216,0
18869,0
38664,0
21405,3
27343,0
40354,2
80156,2
81054,0
41511,0
84637,3
22085,2
4058,0
66377,0
16159,0
68874,0
49802,0
31638,0
25214,3
10787,0
24127,0
32325,3
84972,0
38824,2
35733,3
79272,0
56785,1
50789,0
20799,0
18774,0
83658,0
70890,0
66652,0
41542,2
25362,0
90001,0
39665,0
15793,1
32364,2
75056,3
28492,0
36810,0
15972,2
88169,0
11257,0
59612,2
69922,2
76594,0
37590,3
28600,0
30728,0
18238,0
92420,2
61183,0
18309,3
83532,2
47526,0
31120,0
1744,0
32213,0
57493,0
13804,0
86937,0
69991,3
37997,0
32416,0
91749,0
67911,3
36382,2
58500,3
50679,0
85647,2
51072,2
61021,0
79672,3
58694,3
39038,3
53864,0
81671,3
84067,0
23929,0
64594,3
64741,0
88415,0
17197,0
57931,0
5404,3
50321,0
13321,0
84421,2
36404,0
15215,0
88016,0
7001,0
89118,0
86189,3
99057,3
13627,0
56497,3
80196,1
85311,0
20225,3
39398,0
50831,0
28012,0
9529,3
89905,0
44805,2
88971,3
23714,2
85255,0
55452,1
81243,0
1310,0
78115,0
23086,3
59010,3
33314,0
28564,2
88500,0
14373,0
63806,0
92733,0
24877,2
23951,2
62664,0
63833,0
9713,0
84045,0
20865,0
73285,0
95239,0
60048,0
74308,0
95117,0
72312,0
59022,2
96546,2
79817,0
76879,0
85749,0
59419,0
93114,2
51336,2
2701,0
25588,0
56457,0
70973,2
35227,0
36981,3
91663,0
839,0
32806,3
87053,0
15574,0
13276,0
66779,0
88776,0
11387,0
65545,0
45070,0
96726,2
69269,0
24024,0
47032,3
708,3
66047,0
56540,0
61312,3
42792,0
88951,0
92517,0
47332,3
87245,0
94256,0
74502,0
88980,3
33777,2
70235,0
4995,3
27931,3
33952,0
67119,3
32730,0
18957,0
2051,3
91354,0
6507,0
25762,2
79386,3
47015,0
68952,0
37515,0
18832,0
9999,3
68868,1
14213,0
47911,0
39083,0
86151,2
61562,3
20697,2
81865,0
65255,0
54813,3
60,0
32363,0
45069,0
1354,0
26556,3
50759,2
90194,0
67793,0
53612,0
23200,2
41977,0
93314,0
78809,0
83377,3
66441,3
88504,3
18087,0
65002,0
30359,3
24208,0
45061,0
64340,3
64397,2
44460,2
55657,0
95911,0
54620,0
25099,0
76843,0
82380,0
57278,0
88397,0
18353,0
1862,3
98087,0
79943,0
59306,0
79838,1
90029,0
63684,0
94562,3
44895,2
16267,0
41358,0
95812,0
82818,0
98522,3
23108,0
60967,1
58903,3
86006,0
35101,0
54981,0
93321,0
32593,1
94176,3
3089,0
75337,0
65302,2
25626,1
2401,0
4017,2
93136,0
1568,0
71095,2
57157,2
6954,2
38449,2
26033,0
58212,3
97097,1
83081,0
45592,3
34784,0
47920,2
27824,0
71152,0
50120,0
40344,0
79511,0
97830,0
9444,0
7150,0
15944,0
66842,3
54100,0
87544,0
95547,0
70872,0
11292,0
66671,0
45205,0
26404,3
32097,0
48097,0
5258,1
23890,0
96551,1
31415,0
59699,0
37567,3
20788,0
66316,3
13621,3
12665,2
51031,0
11100,2
45719,0
1682,0
80464,0
9628,0
7732,3
12827,0
75374,0
78198,0
17457,0
2823,2
87725,3
54036,0
17064,0
89909,1
14094,2
47143,0
68570,2
11305,3
21778,0
51753,3
942,1
46208,0
79609,2
88363,0
95881,2
81745,3
50558,0
55154,3
84030,0
77409,0
24458,0
23273,0
52427,2
75738,0
68443,2
94605,0
61800,0
69590,2
58050,3
52343,0
65327,0
48736,3
59310,0
79565,0
7301,0
97252,0
4414,3
97351,3
99148,0
53702,0
19602,0
80764,2
49554,0
33326,0
93551,2
81907,0
14182,0
72532,0
56890,0
6786,0
5160,0
9454,0
69912,3
82361,0
47330,1
51953,0
67386,3
73841,0
41537,0
2348,3
18720,3
28848,2
62795,3
21399,2
28664,3
80533,0
62058,0
49998,0
6971,0
79663,3
60200,0
35105,0
30710,0
81690,3
42736,0
30528,1
55211,3
38739,0
79241,2
40289,1
20281,0
22093,0
88078,3
76195,0
95940,2
38821,1
24421,0
27223,0
99529,2
39764,3
72185,0
46515,0
20217,0
8192,0
40925,3
20406,3
82609,3
64814,0
81847,0
55081,0
15645,0
56907,2
90769,2
87693,1
68089,0
65298,0
97332,3
63314,0
35469,3
51019,0
77885,2
10181,0
84908,0
52914,0
31872,0
91151,0
76186,0
12835,0
15757,0
34635,0
78482,0
61399,0
30509,3
33319,0
95257,0
7790,0
22278,0
44936,0
96315,2
29569,0
64597,0
58969,0
86910,0
84037,0
44971,0
32197,0
33544,0
83969,3
48668,0
63189,0
95931,0
70374,0
80842,0
16582,2
12681,0
78656,0
62104,2
89933,0
85490,2
78276,3
34291,3
27137,0
70236,3
44051,3
23280,0
29457,3
2380,0
40709,0
51748,0
75394,0
1949,0
29250,3
50929,0
43784,2
79860,1
74860,3
83782,0
147,2
66374,0
53029,0
68464,2
45580,2
86496,0
85863,0
1694,0
21965,3
73630,0
81869,0
27876,0
98143,3
665,0
9346,2
51468,0
39718,0
67318,0
58548,2
42949,0
40875,0
70640,3
19460,0
89337,0
84772,3
94989,0
74768,3
77390,0
92052,0
42449,0
77804,2
12251,0
15035,0
94689,2
72522,0
32749,0
70271,0
7408,0
25425,0
70901,0
10999,0
17174,0
41021,3
50607,2
15884,1
17321,3
31455,0
66370,0
32659,0
52864,0
40033,0
48311,3
59970,3
1485,0
32338,2
31549,0
47377,2
93817,2
95735,0
10837,0
31361,0
7022,0
85254,3
61955,0
69841,0
22781,3
25303,0
37079,0
44885,3
84631,0
35158,2
19643,2
78836,3
32551,0
35595,0
47234,0
71212,3
12643,2
19740,0
74959,3
29550,0
0,0
96118,2
64552,0
9799,2
24664,0
95036,0
59298,0
3987,0
30532,3
92507,2
96305,0
24619,0
40415,0
57662,0
86716,0
62331,2
99901,1
43137,0
47268,3
39662,0
2595,0
16013,3
6335,2
35324,3
22802,0
86376,3
28867,3
63758,0
41473,2
62508,0
3920,2
90630,0
46191,2
79554,2
62531,0
95985,0
82231,2
90073,0
52766,0
88352,0
49049,0
7633,1
78998,2
35093,0
70785,1
58857,0
54527,0
77485,3
78450,3
8914,0
29273,0
67536,0
28631,0
52644,3
56016,0
12379,0
12454,0
96005,0
22742,0
61963,2
80442,0
57396,3
28142,0
24944,3
76087,0
85384,2
15922,0
2055,0
51516,0
8009,0
18339,2
3677,0
79363,0
99306,0
99092,0
58200,2
56579,0
60261,0
42001,0
70776,3
79532,0
28066,0
71990,0
47673,0
7199,0
1591,0
64030,0
71621,2
35453,3
30053,0
98542,0
69785,0
21010,0
95299,0
46281,0
95281,0
65085,3
65642,0
11908,3
90665,0
3604,0
83513,0
91922,0
61909,0
7598,3
10477,0
30216,0
90616,0
74153,2
43965,0
47636,3
14033,3
72744,0
43494,0
96424,0
93691,0
47718,0
36892,0
5443,0
3097,0
16309,0
74014,3
19634,0
4961,1
12630,0
7916,0
89565,0
99373,0
13175,0
48380,0
40871,0
22030,0
27049,3
43101,0
46813,0
75335,0
33646,0
25960,0
15803,2
89955,0
53786,0
35067,0
64304,0
94861,3
12073,0
11850,0
17194,3
31305,0
54961,0
12950,0
90712,0
24304,0
38912,0
25068,0
72942,0
10709,0
34620,0
33601,0
68287,2
47310,0
42264,3
19592,2
9517,2
58767,0
58720,0
98474,3
73297,0
29678,0
91699,0
65870,2
28605,0
30792,2
96400,3
17227,0
206,0
2894,0
76580,3
19490,0
64998,0
80471,0
15403,0
15043,3
69022,0
73535,0
18848,0
60583,0
77305,2
58529,2
83702,3
10685,0
8899,2
89658,0
24727,0
464,0
31083,0
55138,3
34305,0
85867,0
5187,0
31111,0
10056,0
87844,2
59226,0
17250,0
60201,0
65916,0
21535,2
66251,0
22874,0
80526,2
28262,3
88370,0
90480,0
7255,1
7654,0
86369,0
71296,0
76238,0
89960,3
66934,0
91337,0
68566,0
30996,0
58769,0
74668,0
37998,0
12161,2
62385,3
60645,3
82938,0
11879,0
34695,0
90368,0
10546,3
36587,3
17121,0
93220,0
19112,0
211,0
15828,2
17262,3
1069,0
46431,0
49260,2
79587,2
86760,0
99447,2
25728,0
74289,0
17086,0
9012,0
13111,3
42690,0
71499,0
57126,3
63430,0
72797,0
29255,0
36468,0
15939,0
36439,0
25541,0
38443,0
53186,1
85357,2
50373,0
3019,0
6463,2
42800,2
27650,3
48508,2
74616,0
93837,2
95692,2
75984,3
60634,0
96466,0
8867,0
12170,2
25982,0
54053,0
75012,0
1751,0
87726,0
47905,0
36762,0
14403,0
98568,3
52688,0
58526,3
51330,0
44507,0
85179,3
88879,0
92333,0
49324,0
17744,2
31816,0
44089,1
98900,0
28661,0
14280,0
98271,0
40566,3
80947,0
66675,2
87013,0
6399,3
7804,0
35589,0
93567,3
52783,0
20098,0
81057,3
40653,0
16899,3
79820,3
80691,3
39096,0
4487,0
17910,0
26517,0
21320,0
55280,0
92823,2
26327,0
60448,1
15650,0
58933,0
3277,3
89088,0
41740,1
25316,0
60069,0
79690,0
76827,3
92790,3
55974,3
61489,0
35108,0
53391,3
94418,0
56452,0
65194,0
53952,0
97302,2
51824,0
29375,0
88378,0
63417,2
21498,2
4076,0
80380,3
38961,0
40523,0
9658,0
22318,0
61004,0
67057,3
50968,3
76040,0
10085,2
29022,0
27050,2
77476,2
80110,0
94062,0
34416,3
58815,0
94844,3
89363,3
10701,0
80336,0
643,0
61885,1
41989,3
57233,2
25124,2
91898,3
27313,0
73306,0
33177,0
1823,3
26119,0
15733,0
65532,3
94435,0
24755,0
9611,2
7454,3
36731,0
90954,3
84412,0
8538,3
58387,0
1342,0
72166,0
7856,0
23168,0
57577,0
92924,3
42167,0
11536,0
51461,0
20888,2
97784,0
96756,2
28904,3
23864,3
76278,0
33698,2
106,0
74348,0
42424,3
50522,3
48121,0
77366,3
57110,3
15859,0
23923,0
56235,0
82211,0
98734,2
28365,0
19207,3
98337,0
67481,3
46725,3
30705,0
18703,0
34590,3
22600,3
7817,2
37312,0
11814,3
90491,0
40861,0
4822,3
49977,0
1417,2
4764,0
72061,0
27530,2
10704,0
44871,0
67523,2
38505,0
69438,0
45249,2
71996,0
14304,0
89924,0
33240,0
88068,0
27841,0
86398,1
55925,0
32726,0
2615,0
21566,2
37911,0
75628,0
34843,0
25814,3
5644,3
25629,0
10485,0
61796,3
47577,3
84416,2
91539,0
9320,0
85429,0
54668,0
25263,3
83042,3
75148,0
55479,0
13939,1
23243,0
33992,1
77748,3
2465,0
3381,2
55073,0
34878,0
9426,3
18222,0
29470,0
71184,0
55157,2
72451,0
94628,0
63248,0
63441,0
66901,1
91400,0
25736,3
69863,0
22487,3
65931,0
16563,3
48637,0
93626,0
25962,0
50709,0
65911,2
95323,0
16378,1
48222,3
87088,0
83679,0
7226,0
65719,0
4596,0
69666,0
15291,0
61838,2
41261,1
12987,0
8723,2
42474,0
82040,0
62726,3
60776,0
72153,1
12290,0
23089,3
50909,0
23844,3
16046,0
88191,0
45776,3
81221,0
13563,3
33767,2
52278,0
69251,0
34624,0
79525,2
66020,2
932,0
79299,0
87448,0
14176,0
15598,3
95324,0
52422,0
96080,0
68185,0
21847,0
78759,0
91982,0
61675,0
85959,0
20876,0
32594,0
9979,0
73576,0
96525,0
21755,0
94500,0
15206,3
40095,3
88027,0
28882,0
37858,0
16456,0
57410,2
86064,3
64344,3
58686,0
62859,0
51035,3
96570,0
56658,0
22702,0
29303,3
27064,0
70155,1
93428,3
28763,0
43223,0
31684,0
48859,0
27003,0
13378,3
61753,0
36063,3
56415,0
48476,0
43549,0
23921,3
49332,0
59137,0
78879,0
48336,3
29033,0
44271,3
98706,2
57403,2
62407,0
96234,3
50489,0
56225,0
64794,0
10311,0
22647,0
23756,0
74743,0
51690,0
79915,2
24663,2
50523,0
95720,0
49436,2
80518,0
38844,2
56920,0
99125,0
83357,0
49685,2
24689,0
25940,3
14620,3
64412,0
82282,2
87027,0
41174,3
50153,0
47164,0
82567,3
29687,3
21389,0
79339,0
28455,0
33991,2
90786,0
59068,2
79228,2
57617,0
3684,2
43117,0
26134,0
22934,0
51268,0
27355,0
69532,0
9675,0
74049,0
16955,0
7894,0
82860,0
86738,0
74445,0
75742,0
82845,2
70768,2
74924,2
46993,0
25576,0
63046,0
91193,0
23472,0
22345,0
12138,2
8849,0
38119,0
79605,3
51389,2
38200,0
72738,3
49179,0
76915,0
82480,0
75910,0
54406,3
51695,3
65755,0
58136,0
18060,0
9281,0
6946,3
52142,0
78769,0
89305,0
43720,3
41972,2
80964,2
68433,2
43195,0
85702,3
71890,0
74272,0
19628,0
89444,0
74554,0
18577,1
72107,3
43805,0
88161,2
80858,3
5629,0
41953,0
34503,0
24381,0
58331,2
15529,0
8961,2
9214,3
64514,0
33664,0
95371,3
29986,0
68772,3
80112,3
77562,0
15502,2
82878,1
94799,0
6986,3
60059,2
85571,2
33396,3
79920,2
54517,0
90409,2
55489,0
71353,3
4926,0
15419,0
48218,0
1703,0
17054,0
89132,0
67056,0
7956,0
89386,0
38385,2
68338,0
70630,3
18818,1
48943,0
38733,1
57455,2
61986,1
25046,3
57043,3
75783,3
56906,0
95205,2
80135,2
5177,3
10747,0
1484,0
46574,2
57548,0
21756,0
1297,2
13981,3
86693,0
27496,0
53528,0
48374,2
27731,0
90936,0
86429,0
25585,0
71570,0
75254,0
33018,2
34119,3
88633,3
74727,0
72757,3
46365,0
98653,2
30001,0
14168,0
64980,0
6257,3
60461,2
23702,2
5904,0
32653,3
92520,0
84916,0
13193,2
23909,0
3926,0
74536,0
78878,0
67068,3
77752,0
80304,1
95504,3
87174,0
98549,1
94749,0
79870,0
42089,0
77402,0
47858,0
31581,0
33083,0
50289,0
89840,0
73887,3
69145,0
57721,2
43635,0
4778,3
62804,2
56170,2
97443,0
73260,0
48866,0
33724,0
55963,0
39473,3
8761,3
62099,0
91311,3
16004,0
28018,0
60489,0
99350,2
10628,0
20156,0
57482,0
4937,0
98169,0
65478,0
60213,0
39208,2
73353,3
43908,0
34905,0
54595,0
2337,0
81427,0
65523,0
9386,2
38304,3
68555,0
93932,0
1001,0
70264,0
84172,0
10030,3
7425,0
9164,0
51074,0
23107,2
34474,3
53576,0
53562,0
17372,0
62295,0
36580,1
82553,0
32420,0
45154,0
79620,3
36899,0
61136,3
41984,0
27234,0
97937,2
10705,3
86893,0
11524,3
26082,0
72864,0
82921,0
38752,0
49180,0
46525,3
51678,0
8893,3
47981,2
34463,0
35186,0
66167,0
48544,0
42511,0
6680,0
40293,0
6981,0
62768,3
70552,2
2254,3
8181,0
87776,0
64222,3
23742,0
49133,0
21285,0
53458,2
22565,0
37844,0
31379,0
42074,0
27226,0
78679,2
48441,0
38068,0
64638,2
41559,0
18305,3
39000,0
28155,0
26935,0
63856,0
16087,3
59408,2
29089,1
32852,0
34283,3
25310,0
50090,2
25208,0
39868,0
74065,0
62849,0
2298,1
28033,2
74562,0
84713,0
14957,3
59211,0
10426,3
69188,0
19405,2
35491,0
71264,0
67549,0
23525,0
149,2
39414,0
51634,0
61142,0
14591,3
30443,2
90318,0
38627,0
20573,0
83996,0
20668,0
3818,2
90744,0
73653,3
23851,0
83831,0
47239,2
59321,2
3418,2
34485,2
29336,0
15037,2
23822,2
47357,0
765,0
68300,0
24543,0
33194,0
25936,0
92862,0
30876,0
36799,0
63591,0
43285,3
61196,0
93191,2
52803,2
7185,2
7233,0
20689,0
67446,0
80422,2
66773,0
18882,0
39503,2
64931,0
29264,0
84533,2
83972,0
88648,0
66670,2
56559,0
5683,3
14074,2
63024,3
42508,0
14831,0
28730,0
89690,3
76090,2
45244,2
15511,0
63053,3
19418,0
82081,0
14160,3
15823,0
38296,0
33129,2
31739,0
49290,0
71258,0
54464,0
66520,0
77420,0
8066,0
7496,0
47872,0
59579,0
2100,0
12114,3
7154,3
76205,3
87403,0
47442,3
22018,3
62981,0
78650,0
24818,0
42975,0
62712,0
91343,0
64816,0
86129,0
94771,0
55119,3
46675,2
71013,1
39493,0
70416,0
64968,0
89634,3
57417,0
92181,3
10214,3
23337,3
61645,0
441,3
36967,2
64911,2
88785,0
80967,0
63745,2
50519,0
85362,3
13218,0
28915,0
14445,2
77848,0
1970,0
25216,0
32145,0
83469,1
14594,0
46952,0
45204,0
1534,2
89807,0
5949,0
19213,0
96086,0
14913,0
78269,0
80428,0
52843,0
49981,0
292,0
95375,0
77730,0
7478,0
6336,0
2697,0
46103,0
13133,3
50934,2
71341,0
20293,0
14032,0
89212,0
88839,0
6457,3
12791,0
28534,0
37801,0
40028,0
35599,3
83957,3
20275,3
62999,1
6260,0
17599,3
11166,3
72311,0
54267,3
69368,0
42148,0
86736,0
32782,0
55400,0
71746,0
23024,0
35398,0
95241,0
13489,0
75291,0
47257,0
58315,0
64472,0
56347,0
10404,2
71649,0
4243,1
60205,0
45963,3
30843,3
22579,0
23769,2
40624,0
15580,2
80608,0
64785,0
74278,0
43581,0
38806,0
54638,3
63662,0
44514,0
42744,3
28941,3
5726,3
37075,0
7304,0
73057,0
30096,3
66422,0
10904,0
12445,0
37763,0
74256,0
80092,0
69457,0
34665,2
86504,0
72473,3
71998,0
32562,0
87610,0
277,3
36804,0
45049,0
20051,0
34342,3
49465,0
20324,0
7534,3
16034,0
2120,0
85121,0
78393,0
42835,3
73467,0
57425,1
91060,0
71249,0
24306,0
14569,0
24719,0
15113,0
54426,3
36560,3
41866,0
48166,1
10388,0
54216,0
68823,0
21757,0
99030,0
55795,0
84603,2
71445,0
5054,0
66820,0
3465,2
66518,3
49120,3
7571,2
6337,0
91411,0
41617,0
82308,0
43637,0
11943,0
57887,0
22134,3
27747,1
57648,0
74275,1
62088,2
85174,0
98611,2
39594,1
3288,0
5709,0
32680,3
43871,0
96188,3
98243,2
63993,3
4362,0
28765,0
80790,0
79327,0
25330,0
39311,0
10135,0
56696,2
65533,0
15281,1
24546,0
47658,0
93913,0
36592,3
89008,2
86149,0
41064,2
13009,3
52505,0
82800,0
37254,3
98227,0
94172,1
94454,0
82874,0
19347,0
68099,2
22878,0
34152,0
95862,0
41497,0
33344,2
93645,0
59908,0
62662,0
61307,0
74142,0
78673,0
41208,0
42400,0
54154,0
47078,0
18677,2
43921,0
17330,0
2895,0
29704,3
65938,0
15226,0
42338,0
41770,2
52874,0
35808,1
33962,3
61689,0
37710,0
54375,0
91448,0
24678,0
18563,1
32803,0
54025,0
47343,0
16256,0
27713,0
93383,3
35390,0
86221,2
81070,3
67284,0
99715,3
10893,0
8983,0
66527,0
73316,0
89331,0
18362,2
92391,0
63396,0
49020,0
53453,0
38899,0
53811,0
96732,2
67533,0
93627,0
13904,0
55619,0
16155,0
41717,3
80651,0
93501,0
75781,0
54483,0
21328,2
46997,0
83269,0
82852,0
79855,0
63752,3
99629,0
36720,3
47039,0
25002,0
49267,0
82773,0
42842,3
71567,3
20816,0
35401,0
91820,0
5794,3
12823,2
33890,0
50963,0
85039,2
7484,0
37811,0
92791,2
73080,0
34050,3
79861,0
93354,0
52853,0
6210,3
33673,3
49659,2
64915,0
67750,2
74694,2
23546,0
1251,0
79785,0
11662,0
17786,0
32256,0
5338,2
42428,3
34570,0
53889,0
78282,0
99205,3
56946,2
7825,3
99219,0
83579,0
46256,0
90761,2
14844,0
84719,0
82186,3
65043,0
85226,0
66268,0
29940,2
4011,0
44422,3
48731,0
41,0
51353,3
50061,0
6218,0
35932,2
17245,0
20777,0
81512,2
12008,2
63615,0
21655,3
2188,3
12493,2
96773,0
23596,0
37342,0
18947,3
28289,0
33127,0
49578,2
55240,2
33096,3
11400,3
43298,0
43498,0
5255,0
68663,0
81293,0
44684,0
28021,2
63489,0
71779,1
44729,2
20197,0
15495,3
36708,2
69656,0
61287,0
91099,3
37711,3
38591,0
64380,0
78262,0
56001,0
85060,1
85587,0
52013,2
88557,1
48497,0
57570,2
62403,3
32779,0
79670,3
58168,0
90324,0
24905,0
92203,3
42054,0
79405,0
48225,2
77709,3
50268,0
80883,0
29458,0
12384,0
35408,0
1516,0
63503,0
58655,0
48935,2
70390,0
82750,0
19134,0
81904,0
14641,0
57923,0
85180,0
34132,0
70482,0
87472,0
23017,1
34055,0
8509,2
95346,0
55451,0
86394,0
44458,1
78361,1
97171,0
17195,0
2942,0
83945,2
32113,0
15368,3
36859,0
63240,0
70980,0
32629,0
68398,0
27946,3
87580,3
92556,3
11893,3
43797,0
36789,2
32324,3
51854,0
83553,0
7745,0
78544,1
97927,3
81776,0
28545,0
67921,0
20745,0
60697,0
46583,3
3022,0
69726,0
26876,0
53102,2
16469,0
98180,0
10761,0
5124,0
19867,0
39471,0
75711,3
23262,0
29698,0
97990,0
83421,3
3953,0
16591,2
83470,0
99753,2
56888,2
37842,0
89058,0
96427,2
56181,3
92758,3
27759,3
1799,0
52205,0
57094,3
81284,3
12813,0
46946,1
95012,2
42912,0
37276,2
99696,3
68897,3
51457,0
35864,0
89335,0
23964,0
28503,0
98840,0
56049,0
38149,2
91825,0
49093,3
12079,3
55615,0
92013,2
60908,0
59915,0
73117,0
14886,0
71939,0
78707,0
47890,3
51904,0
97959,0
71960,2
48160,3
2717,3
70955,0
89467,0
40370,1
11284,0
19328,3
72171,0
31059,0
84075,0
1540,0
35155,0
31210,0
65155,0
30563,2
87929,0
3063,0
12088,3
98882,0
97934,0
9349,0
5701,3
30112,1
21877,2
80297,0
61862,3
26892,3
76063,3
35820,2
98514,0
49341,2
7057,0
23829,0
10236,0
95846,0
57351,3
33105,0
49098,0
22556,0
6582,0
38594,0
83410,0
19128,3
71302,2
55660,0
52467,0
16720,0
10752,0
61884,0
22349,3
12638,0
66099,0
79657,0
64947,0
90825,0
52197,3
32707,0
95403,0
62924,0
31998,2
98435,0
1166,2
22480,0
26315,0
64102,1
25442,3
95916,0
22209,3
27563,0
67180,0
32906,0
53701,0
61083,0
1319,3
40092,0
33381,0
59461,3
94257,0
33293,0
62400,2
67544,3
89413,1
60414,0
27453,0
58788,0
741,1
46458,0
48327,0
13242,0
4742,0
87442,0
24434,0
77528,0
82858,0
17753,0
74661,2
21265,0
72470,3
70020,0
4165,0
59584,0
60178,3
99781,0
13123,0
42288,0
23750,0
342,0
59487,0
84884,0
76071,2
49043,0
22828,0
68347,0
16980,0
39294,2
70088,0
71865,3
32009,0
50511,0
63731,0
27300,0
23788,3
94959,0
80321,0
75341,0
5909,0
64103,0
28026,2
72872,0
35700,0
52288,0
64689,0
2989,0
250,2
57763,3
11516,0
66129,0
71361,0
49281,2
12475,0
8537,0
76735,0
30455,0
50545,3
49107,2
55434,0
93426,1
84293,0
91129,2
39248,0
90506,2
88333,0
72694,0
37880,0
76425,3
6674,0
11627,0
58329,0
7130,3
66877,3
12539,0
30463,0
68903,2
89845,0
32253,2
29553,0
22270,2
76387,0
82973,0
99348,0
99453,0
30741,0
38825,0
89362,1
48948,3
47885,0
19430,3
42795,0
25553,0
82067,0
68295,0
61731,0
48870,0
9795,0
3186,1
32691,0
99246,0
57393,0
76550,0
69127,3
67248,0
94947,3
86615,3
8911,3
99965,3
24581,0
35152,1
42312,0
54798,0
66707,1
92947,3
2902,2
84941,0
82677,0
22794,0
61923,0
53168,0
18470,0
55354,0
73892,0
7651,0
6480,0
30445,0
99645,0
409,1
65362,0
64231,0
14198,0
18321,0
62609,0
10668,2
90147,2
56903,0
73488,0
31107,2
7075,0
37258,0
60025,3
42520,0
14635,0
36220,2
11358,0
51124,3
99102,0
65578,3
26204,0
22198,0
94293,0
99693,0
5450,0
23766,0
98184,0
84095,0
56700,0
64462,2
16180,0
52497,0
8275,0
7175,0
10288,3
41272,3
79584,3
97294,0
48971,0
94833,0
30276,0
35905,3
94292,3
30766,0
4794,0
12181,3
96350,0
20804,0
53873,3
61401,0
46800,0
98932,0
38268,0
4993,0
53492,3
14534,0
2189,1
65258,0
99650,0
4001,0
55635,0
49406,2
7475,3
52504,0
3008,1
72633,2
28364,0
24575,0
3591,1
45005,0
18263,0
59753,0
59359,2
20380,0
73148,0
74383,0
69920,0
26091,3
24901,0
48898,3
15278,3
97918,0
33741,0
56798,2
49272,0
96477,1
51107,0
933,0
92817,0
49493,0
81696,2
88656,3
28521,0
83192,3
71240,0
72611,2
92919,2
86922,0
38328,0
23090,0
55319,0
47212,3
66889,0
21384,0
85774,0
95269,0
31307,0
1663,1
38081,1
97989,0
65554,0
13357,0
92917,0
3148,0
38780,3
74967,0
86113,2
9501,0
97759,3
34014,0
20524,3
99784,0
61743,0
88909,0
11174,0
21767,0
18276,0
33702,0
4061,0
31716,3
75118,1
31352,0
42972,0
73989,3
73777,0
19426,0
60505,0
43701,0
43849,0
12297,3
94879,3
68368,3
94451,3
55243,0
4969,0
25161,0
25829,0
86084,1
42179,2
24365,2
97459,0
84241,0
91317,0
58422,3
57608,0
38848,0
40159,3
61172,3
21701,0
60394,3
15373,0
98061,2
38535,0
94490,0
43913,3
80131,0
78612,2
58409,3
39481,0
39371,2
49999,1
32510,0
74791,0
48961,0
93427,0
7765,0
28813,3
80720,3
71751,0
85097,1
56137,0
22968,0
43256,0
88956,3
27562,2
8301,0
19470,3
39307,2
9142,2
52302,3
69540,0
44509,3
74234,0
45991,0
32502,3
8954,0
32747,0
56255,0
37857,0
91777,2
74835,0
82626,0
24763,0
34532,3
38836,0
66450,3
18729,0
89442,0
47163,0
24786,0
215,2
36068,0
66464,2
79205,0
5158,0
89967,0
5369,3
22162,2
91742,0
58873,2
21080,0
40658,0
90291,0
65333,2
99299,3
84222,3
70773,2
83768,0
56730,0
31364,0
65652,3
6407,0
65723,0
60693,0
46493,0
40441,0
42280,2
13149,0
88272,0
25319,0
46856,3
92739,0
98071,0
62770,0
72108,0
50469,0
3977,1
62399,0
63400,0
24661,2
76373,0
68501,0
39079,0
50642,0
8457,0
48554,2
8623,0
558,1
73709,3
2290,0
52880,0
37354,0
44527,0
89426,2
18846,2
87270,0
59552,0
30848,0
86882,3
98346,0
7212,0
55011,0
71600,2
9941,2
11038,0
61284,0
63908,3
80988,0
82569,0
40282,3
45250,2
97731,0
48328,2
13853,2
32746,3
32278,0
52186,1
53771,0
6704,0
3672,0
72577,0
27032,0
59642,2
53281,0
30849,3
29345,3
17819,3
12316,0
33930,0
91623,0
20116,0
97512,2
34200,0
18439,3
86637,0
40468,0
8817,0
51084,0
9548,0
17596,0
20961,0
92325,0
76584,2
88985,0
51551,0
93675,3
54821,0
16366,2
12118,0
97668,0
82157,0
89952,0
41186,0
36690,2
69905,2
29265,0
78321,0
64401,3
98344,0
94392,3
79616,0
91680,0
54557,3
65447,0
82319,0
4356,0
8719,0
53927,2
13190,3
90982,0
78573,0
14659,0
27811,0
1991,0
41520,2
28550,0
33373,0
92268,0
89045,0
8294,0
55151,2
2480,2
55333,0
90357,2
3499,0
97386,2
97941,0
93765,0
40065,0
2242,3
85054,0
40082,3
35480,0
30335,3
81846,0
55519,0
48754,0
94004,0
82956,2
84585,0
99116,0
90010,0
78116,0
93884,3
27912,0
24507,3
29159,3
56597,0
83463,0
89868,3
95062,2
93292,0
35130,2
93747,2
11663,0
76925,0
12550,0
76558,3
27639,0
59581,0
20682,2
13711,0
74664,0
56349,2
33679,0
536,0
1418,0
62280,3
19707,0
79875,0
80269,2
12416,3
53838,0
14421,0
41713,3
99434,0
79432,0
91026,3
48842,0
74646,2
3168,3
36574,0
26310,3
17010,0
27031,0
71665,3
11865,2
24077,2
18447,1
22601,2
65884,2
87463,0
14661,0
24529,0
70960,0
9939,3
95970,0
26004,3
21095,0
67769,0
7444,0
50385,0
19518,0
34003,3
4085,3
27787,0
23510,3
75792,0
46771,0
61261,3
21275,0
94233,1
34599,0
53270,2
51996,2
51147,3
94956,0
14824,3
5595,0
77630,3
39722,0
34212,1
65639,0
88869,0
67465,0
21125,0
71247,0
83120,2
5118,2
63567,0
27909,0
11525,3
9378,0
80004,2
52066,0
41509,3
24793,0
40730,0
78779,0
59985,0
43036,0
12293,2
98443,3
46275,0
55518,0
39006,1
75806,0
82236,0
37863,0
31956,3
94242,0
41220,0
18109,0
54288,0
88657,0
97745,0
73500,0
20037,1
98703,2
66308,2
91032,2
24958,0
85424,0
1127,0
7134,2
69465,3
20028,0
96170,3
23563,0
9666,0
98100,0
27785,0
29807,0
4446,0
56994,0
99554,0
57687,0
29285,1
84888,2
24123,0
64352,0
35641,1
20063,0
44797,3
52002,0
16448,0
15637,0
3551,0
715,2
5072,0
316,0
88131,0
61293,3
82398,2
32260,2
29162,1
89330,0
58557,0
26302,1
144,0
59808,0
39360,2
73523,3
61716,0
75857,0
90068,0
25266,0
35350,2
55775,0
59841,2
84685,3
48654,0
40011,0
78939,0
69289,3
66160,0
63888,3
21841,0
56545,0
70130,0
28885,0
87803,3
84896,0
57078,0
75409,0
92488,2
32110,3
50812,0
879,0
48470,3
5724,2
86543,0
31071,0
58507,0
96778,0
28080,0
74334,0
43198,0
15196,3
46945,0
30440,2
63945,3
64641,2
91995,0
40769,2
12414,3
45330,3
66458,0
43497,0
53094,0
55558,0
64085,0
88734,0
98541,2
98873,0
45190,0
48213,0
66635,0
56146,3
16642,3
43367,2
29051,2
30854,0
75754,0
50772,0
23503,1
36290,0
27451,0
39933,0
11097,0
74910,0
23612,2
81142,2
68786,0
76966,2
61605,0
56889,2
57695,0
9633,2
74414,0
3566,0
61321,0
76326,0
23484,2
38331,0
44242,1
45798,0
79775,2
983,0
29738,2
17403,3
66010,0
85007,3
40991,0
55338,0
27131,0
12360,3
82314,3
92957,0
14026,2
15759,2
61282,0
31349,3
70014,0
55740,3
11765,0
98096,0
81295,0
75489,0
83319,0
30736,2
36660,3
18988,0
33465,3
76320,0
19241,0
76576,0
6280,0
99134,0
22139,0
76847,0
86436,3
72972,3
84651,0
94153,0
13207,2
25245,0
32828,0
3940,2
11329,0
47925,0
49810,0
6729,0
81316,2
56842,3
76784,3
12531,2
99665,3
36411,0
91836,0
61408,0
90030,0
31244,2
37604,3
71714,0
42945,0
47323,0
79177,0
65150,2
41403,3
38775,0
88268,2
97724,3
11529,3
52390,3
46329,2
65613,0
99461,3
29547,0
38676,0
83923,0
37558,0
47038,2
80582,0
96453,0
42713,2
31620,0
45970,3
85891,0
4671,0
81886,3
93864,0
49994,2
86987,0
66307,0
73871,0
96977,0
30134,0
37415,0
75150,0
34028,0
14808,0
15077,0
84802,3
44778,3
92896,2
77929,0
1119,0
82715,0
2862,0
47020,3
21773,0
35235,3
71556,3
37421,0
44374,0
27590,2
79490,0
10110,0
11244,3
49220,2
63630,0
22711,2
14345,0
7903,3
70488,3
35091,0
74258,0
89822,3
31122,0
94247,0
18513,0
73405,2
78957,0
16173,0
67567,0
95764,3
39291,3
18378,3
73509,0
33707,0
93460,0
65292,0
53123,2
5975,0
26912,3
15959,3
73769,2
9610,0
81566,3
74545,0
49394,0
97878,0
95316,3
21899,2
82769,3
43989,0
22879,0
38340,0
94985,2
89270,0
39341,0
2807,0
44502,0
59777,2
41615,2
39932,0
18890,0
30965,0
19192,0
68730,0
67957,1
94690,0
49489,0
2614,3
73627,3
15885,0
99421,0
71055,0
40622,0
52969,0
94474,2
87717,2
9762,0
23095,0
73174,0
79308,0
19104,0
98689,1
45835,0
61443,3
7693,0
83170,2
63947,0
96419,3
15945,0
17820,0
56866,0
3563,0
50808,0
72948,0
54217,0
8635,3
62228,0
69528,0
35645,2
2555,3
42865,0
93831,0
94201,0
38975,0
28822,2
10322,0
99243,0
78076,0
59791,2
99066,0
26185,0
80588,0
13699,3
65812,3
87719,0
91673,2
49767,0
16817,0
51027,2
93570,0
92671,0
98262,1
37016,0
36621,0
19951,2
39375,0
41421,2
61516,0
69423,0
77471,0
99194,3
40452,0
8802,2
31296,0
95013,3
11077,2
10346,0
19883,0
78651,0
43846,0
13013,0
78351,0
6896,0
98384,3
43379,0
68852,0
18479,0
41774,0
61707,0
60710,0
50502,0
53841,0
16992,0
97240,0
36109,0
49094,2
46145,3
79757,3
32600,0
43302,0
26260,0
70339,2
38804,0
65143,0
97120,0
35957,0
70830,0
36925,0
27489,0
6370,3
76119,3
76313,0
77002,0
70613,0
89553,0
68910,0
12779,0
76571,3
25341,2
71651,3
95734,2
57376,2
1380,0
51902,3
32814,3
2759,0
93616,0
19063,3
96895,0
19959,2
11505,0
44615,3
8839,3
12499,0
296,0
50171,2
41702,3
98746,0
57818,3
90518,0
60750,0
24009,0
56238,0
36276,0
74887,0
85153,3
70598,3
54278,0
2029,3
65462,3
27036,0
77993,3
41865,0
23744,3
55406,3
730,0
58122,0
62297,0
28175,0
64817,3
65885,0
92503,3
37508,0
1607,1
82504,0
33318,3
39392,0
3783,0
52895,0
51414,3
95265,0
12642,0
34646,2
33274,2
91906,0
51754,0
71620,0
92984,0
41963,3
44430,0
23422,0
66175,2
68023,2
51901,0
93935,0
19730,0
6812,0
9413,2
84044,0
20955,0
80327,2
27473,2
11595,1
68839,0
23367,0
53490,3
20739,0
47792,0
78921,2
42355,0
67235,0
6656,0
23469,2
81127,3
82720,0
53643,0
9005,0
9202,0
795,2
85360,0
95659,0
78350,0
75373,0
64879,0
63251,3
69890,3
89101,3
10607,0
22558,0
6707,2
27991,2
23657,0
37194,0
98731,0
36350,3
48214,0
96073,2
27292,1
24225,0
33562,0
73495,0
25295,0
37816,0
81734,0
81804,3
98744,3
16710,3
30084,1
87927,3
60728,0
59947,0
52237,0
56185,0
65634,0
50920,0
94645,0
13448,2
85797,3
13727,3
48262,3
52048,0
95847,0
57052,2
96194,2
60770,2
92332,0
13079,3
91090,0
59800,0
67598,0
3411,2
54896,0
63931,1
30658,0
21157,0
29928,2
92220,2
38654,0
12611,0
73341,0
96290,0
55664,0
78188,2
17628,0
6223,3
92596,0
5462,0
38120,0
35636,3
18961,0
45672,0
64667,0
12196,1
6770,2
12046,0
8505,0
58123,0
95240,3
71169,0
37208,0
21036,0
14746,0
83163,2
60987,0
21435,3
5768,2
35812,0
34676,0
70888,3
13039,0
10984,0
51817,0
88261,3
49506,0
62405,2
19264,1
79730,0
42599,2
79315,0
4977,0
4528,0
12081,0
89114,0
95152,3
74475,0
35021,2
91082,0
10687,3
38732,2
88757,3
65761,0
58453,0
68611,3
95828,3
21697,0
72698,1
10756,3
25789,0
11613,3
25647,0
15041,0
65837,0
77339,0
5357,0
62384,2
19341,0
4205,0
40822,0
97864,0
9098,3
85142,0
67108,0
15232,0
23914,3
95727,0
91940,0
48469,0
64098,3
65171,0
10012,0
73314,2
90215,2
54250,2
54880,3
13295,0
69622,0
74919,0
10872,0
4945,0
57909,2
57212,2
69521,0
90873,0
48738,3
88981,0
51010,3
38100,0
43138,0
73754,0
23604,0
5657,3
80678,2
45752,0
18178,3
99128,0
75840,3
21030,0
90403,0
64886,0
29103,0
72223,3
48348,0
50848,3
89078,0
55802,3
31580,0
96378,0
84982,2
25243,0
65786,0
61882,0
39327,0
17739,2
38903,0
14278,0
87067,0
58503,3
46736,0
85522,2
47806,1
72261,0
67364,0
59704,0
65359,3
78017,0
1021,0
87888,0
6217,2
44717,0
61682,0
15504,2
18597,0
2236,0
86940,2
99317,0
66592,1
12687,0
68014,0
21202,3
70796,1
57795,3
96580,0
73149,0
69558,0
50422,0
20081,0
87742,3
17232,3
71824,0
17721,1
71562,0
59043,2
59672,0
20329,0
6552,0
65188,3
4923,3
61170,3
95356,0
2528,3
65321,0
19977,0
25799,0
44733,0
52433,3
80275,3
68527,2
64791,3
37751,0
28483,0
27427,0
41246,0
80663,0
26364,3
62000,0
85141,0
55078,3
46849,0
47048,0
27275,0
37617,0
15863,0
86425,2
67786,0
48120,0
32159,0
19972,3
79907,0
11086,2
89295,2
60352,0
68489,0
60206,0
41581,2
54082,0
55684,0
39514,0
7806,0
99510,0
99390,1
10896,2
82197,0
57165,0
9156,0
16187,3
31310,0
60286,0
89218,0
94188,0
2288,0
92691,0
45196,0
75330,3
43042,3
26328,0
87966,0
53860,2
48975,0
20976,0
57401,0
63018,2
29971,0
26835,0
52392,2
71067,0
5805,0
21960,0
15385,0
51474,2
53175,0
2347,0
76394,2
62589,0
38976,0
61896,0
45381,0
2908,0
98003,0
63160,0
29237,3
15831,2
9131,0
1980,0
92701,0
78500,0
37552,0
76234,0
96967,0
68875,3
73716,0
41570,2
25107,3
77181,3
75804,0
85156,0
70616,3
80491,0
38985,0
97053,3
65440,0
47631,3
2174,0
77591,3
29762,0
24674,0
80680,2
58106,0
663,2
30123,0
84851,0
13913,1
20713,0
89774,2
1068,0
90843,0
72974,3
65539,2
12322,3
48030,2
1281,0
99346,0
39839,0
48753,0
83926,1
72574,0
97182,0
79468,0
17029,0
94854,3
55477,0
76068,2
29350,0
84489,0
4491,0
27174,0
61213,0
45791,0
7096,3
24764,0
20844,3
36685,2
85883,0
79139,0
48388,0
62824,2
49521,1
12057,0
88249,0
87361,0
56916,2
55208,2
86837,3
10736,0
22477,3
74038,0
65446,0
68726,0
5864,0
64048,3
16957,2
51588,0
19971,2
26566,0
84871,2
58164,0
59376,0
19252,0
59140,0
37548,0
30093,0
72923,2
21451,2
56686,0
34401,0
14038,0
48061,0
20145,0
55395,0
42809,0
24690,2
43222,3
2214,3
66426,0
1871,0
34612,0
34249,3
90131,3
98032,0
13296,3
50608,0
41079,0
15671,0
94430,0
94323,3
11144,0
72147,2
38439,0
38132,0
48154,3
69245,3
79442,2
25314,0
76267,0
47420,3
52334,0
43442,0
12372,3
83075,3
45540,0
23299,0
61132,1
42151,0
59508,0
52557,3
89354,3
12883,0
71112,0
76793,0
98993,0
28734,0
94263,0
94384,0
71256,3
68410,0
40413,2
42843,0
73621,0
73654,3
46900,3
25850,2
87886,0
24839,2
79215,0
91577,0
4123,0
38029,0
94447,0
64771,2
29609,3
93714,0
31926,0
45854,2
9822,0
60689,0
55812,0
44146,2
90751,3
97756,2
78597,3
33397,0
67813,0
45193,0
16218,0
18259,3
67591,0
54876,3
10397,0
3363,0
55562,0
98490,0
22668,0
69897,0
90983,0
96863,0
20362,0
49178,0
10309,0
70353,2
87585,0
4640,0
58923,0
26174,0
72870,0
23650,0
95740,0
4120,0
69802,3
29481,0
8324,0
70983,0
748,1
28728,0
11648,3
67466,0
86285,0
61181,0
62618,3
72894,1
13007,0
44487,0
10282,0
10185,0
26396,0
39200,3
37071,2
67622,0
97928,3
81360,0
26534,0
1749,0
66295,3
71831,0
49106,0
3689,0
24861,0
50450,0
28712,0
23978,0
99499,3
68878,0
4341,0
43095,0
51434,3
15632,0
17712,0
90994,2
92138,2
89488,0
73042,2
5572,0
66615,0
79131,3
45127,0
2371,0
12889,3
59273,2
40866,0
60845,2
24266,3
55393,0
38088,0
12158,0
64513,3
81875,0
67629,0
49005,0
13191,3
61949,0
62427,0
75029,0
3712,0
40780,0
61046,0
72298,0
16164,2
98860,0
7293,0
13502,0
71528,0
12698,0
91954,2
18842,0
41207,0
30263,0
56231,0
87199,3
54785,0
76660,2
83145,2
60107,1
26510,0
28577,0
57629,3
48571,0
8854,0
17683,1
82755,1
97364,2
83803,3
96514,0
68981,0
2240,0
40006,0
65774,2
22636,2
93291,0
90178,3
92171,0
47162,2
6299,0
87491,0
11095,3
40439,2
86049,0
55810,0
87342,0
286,0
10945,3
91529,0
52966,0
62661,0
40233,0
541,3
24120,0
43143,2
23778,0
22626,0
34224,0
8197,3
69983,2
97094,0
52004,0
10514,0
17337,2
70119,0
48994,3
25989,3
10125,2
73101,0
45085,2
8082,1
92356,3
72226,2
13688,0
84271,0
4863,0
33556,0
80264,0
68954,3
65947,0
19926,0
13830,0
11488,0
36820,0
37032,3
3899,0
38651,2
34715,2
9689,0
16925,0
36203,2
9667,0
76191,0
52335,3
56955,0
81876,0
607,3
19010,0
39649,2
72000,2
87713,3
36844,3
47187,2
13697,3
80080,0
13065,0
52322,0
8795,0
89775,0
39220,0
43997,0
91361,0
59746,2
35607,0
36448,3
90945,0
85894,0
86673,0
93155,0
23256,0
83060,0
1412,3
94492,2
93970,3
86692,0
71681,0
86407,0
10384,0
62806,0
37635,3
31952,0
75362,0
1870,2
89292,0
40075,0
5584,0
6437,2
11325,0
35631,0
82084,2
1284,0
54771,0
12646,0
30750,0
47421,0
66695,0
24600,2
16717,0
60333,0
52714,0
68132,1
82410,0
89679,0
13511,0
30244,2
73431,2
50222,0
17294,2
4399,2
67241,2
57840,2
12940,0
86855,3
22330,0
91331,3
98589,3
93557,0
46565,2
24371,0
35187,0
64324,0
66539,0
78006,0
59337,2
43077,0
5128,3
40967,0
41432,2
46301,3
50933,0
79853,0
93349,3
18552,2
54945,0
4403,2
3628,0
29461,0
72446,2
63866,0
90650,1
33845,0
96734,0
53191,0
18771,0
97423,0
12348,0
83824,0
40094,0
53646,0
38832,0
74591,0
50986,0
33614,0
89688,0
77846,0
88845,0
35375,3
19773,0
69431,0
62942,3
56479,2
74635,0
74869,0
38004,1
69200,2
61581,2
98509,0
14762,2
46381,0
40291,0
52745,0
2159,2
22829,2
26272,0
18287,2
53978,0
50908,3
1623,0
29257,0
1950,1
58577,3
31802,0
6343,3
24622,0
6497,0
59949,0
59721,0
42109,0
97837,0
61792,0
51928,0
63175,1
48673,2
92537,3
91077,0
77155,0
12134,0
13777,0
32507,0
92317,0
86818,0
74770,2
56461,0
3564,0
78844,0
84547,2
65162,0
79375,3
87447,0
43602,0
95826,0
71466,0
83354,1
61973,3
43744,0
17814,0
72448,0
32365,2
85857,0
27941,2
84470,0
86617,0
64215,0
30086,3
76064,3
32999,0
6722,0
89865,3
7018,0
25421,3
38174,0
92576,0
10250,0
53593,2
28781,3
62565,2
67098,0
66757,3
58010,0
20313,0
73296,3
28649,0
87812,0
50520,0
82088,2
8922,0
46871,3
4648,0
85775,0
79148,0
10406,2
41765,0
51972,0
81575,0
53110,0
53666,0
25996,3
35159,0
22609,0
91356,0
51963,0
55024,0
64827,2
95691,0
60958,0
63520,2
32083,0
24376,0
65267,2
56351,2
69797,0
29764,0
42270,0
22807,0
44062,0
99011,0
27101,0
75869,3
90865,0
88025,3
3664,3
2708,0
56726,0
90066,0
47562,2
85987,0
94829,1
33416,0
70534,2
84768,3
8310,3
42954,0
92097,0
92383,0
30624,2
90622,0
70756,0
60088,3
96963,3
87115,0
17179,0
87948,0
18777,3
73229,2
4502,0
33106,0
75608,0
89552,0
15941,3
80630,2
46560,3
40446,0
27212,0
45227,0
35971,3
6563,0
62112,0
43376,0
30504,0
73866,3
49789,0
31512,0
61341,3
97840,3
77187,0
39956,0
41654,3
58229,0
6170,0
706,3
814,0
25630,0
42920,3
67337,1
94656,2
1990,0
25589,0
81405,3
90025,0
56250,2
43914,0
91943,0
30659,0
53106,0
18038,2
8339,0
24846,3
34479,0
71536,0
51728,0
23329,0
6720,0
25120,1
11064,2
74728,3
26994,0
57226,0
27077,0
28069,0
18684,0
9864,0
47464,3
3748,0
91915,0
23310,0
11827,0
64003,0
9037,0
52214,0
70113,0
49340,0
40230,2
66017,0
6511,0
54559,0
16672,3
41440,0
83696,0
35358,2
9449,0
96688,0
26113,1
29261,0
52709,0
37037,0
27942,0
21367,0
38106,0
33052,3
25798,0
11771,0
53856,2
25414,3
26745,2
13014,1
9945,2
13146,0
41219,2
88452,0
76402,3
32835,2
35114,3
18516,2
19792,0
25854,0
50866,2
52623,0
14201,0
40432,0
8853,2
93705,3
83104,0
40738,0
24971,0
49228,0
58700,2
40150,2
26239,0
10,3
10104,0
52409,0
56124,0
69930,0
93463,0
21573,0
56191,0
11947,2
80552,0
55523,2
99670,0
21047,3
1283,2
99852,0
54833,0
92176,2
61356,0
14802,0
11339,0
65659,0
36848,0
47525,0
43073,0
31681,2
65418,0
5879,0
73361,0
37006,3
44428,0
73815,0
81354,0
75654,3
9029,3
45753,0
88290,0
88717,2
4943,3
82538,3
94670,0
64094,0
52421,0
16254,2
25908,0
67333,3
48453,0
79274,2
83460,0
47236,0
79762,3
64640,0
91182,0
63241,0
94726,0
31110,0
94458,0
43434,3
65875,0
7835,0
78830,0
15091,0
81012,0
53996,0
59717,2
82465,3
44786,3
54925,2
69032,0
6203,3
19350,0
89223,0
81380,0
59607,0
24762,0
54264,2
32664,0
82528,3
12607,3
77727,0
84375,0
61555,0
48200,3
62844,2
8485,0
67295,0
15935,0
55743,0
11047,0
94049,0
69630,0
35630,3
75027,2
15932,0
46939,2
26017,0
5824,0
81184,0
51975,0
73950,3
26677,0
28842,0
95157,3
46938,3
90620,0
12042,2
64935,0
1211,0
78430,0
85272,0
16226,0
63844,3
96940,0
14916,0
63223,3
43527,2
74114,0
40775,0
91880,0
57799,0
76324,0
50724,0
24509,0
55158,0
3379,0
54640,0
70330,0
55825,2
38858,2
24028,1
49593,0
18637,0
9205,0
47378,0
60112,0
9652,0
74896,0
90414,0
26090,0
41280,3
55377,0
7683,0
32660,2
77057,0
16679,0
78473,1
15534,3
27290,3
70747,0
44610,0
5662,0
17465,0
60610,0
92770,0
97709,2
35279,3
89999,0
27302,3
44673,0
50643,0
46351,0
71527,3
33292,0
80668,0
33392,0
827,0
92076,0
55442,0
87124,0
88081,0
12137,0
69435,0
38927,0
13826,3
95074,0
57479,0
36273,0
24891,0
60115,2
45988,0
43495,0
39410,2
50110,0
1073,0
9574,3
85181,0
85363,3
54840,0
42745,2
12375,3
39303,0
21360,2
83545,0
35208,0
1364,3
93341,0
16335,2
8022,0
22618,3
37328,0
4009,3
33482,2
32406,2
25612,0
13897,0
68202,0
11297,3
86911,0
13413,0
85328,0
95087,1
48235,0
82555,2
5185,0
94341,0
97902,3
1373,0
79171,2
45449,0
96496,0
89158,0
77467,0
60712,2
64496,0
51873,0
59436,0
89277,0
81790,1
54767,0
30268,3
28665,0
51801,3
50447,0
91469,0
77625,0
26054,0
50726,3
30350,2
42559,2
70963,0
6363,0
33057,2
86123,0
49431,0
85071,1
83438,0
67614,0
79768,0
86345,0
71842,2
36216,3
4674,3
6781,0
40833,0
92513,2
96256,0
38560,0
90149,2
76788,3
93689,2
96179,0
62980,0
29049,0
25776,0
64541,0
16493,0
68231,0
88243,0
10210,0
17993,0
63474,3
41981,2
25727,0
82073,0
52136,0
74137,3
70681,0
99545,0
32179,2
69371,2
44485,2
9530,2
8652,0
24177,0
78352,0
15898,0
88316,2
48152,2
98274,0
90838,0
4220,0
19235,0
69541,2
57067,0
62925,0
27715,0
17115,2
81419,0
79314,0
70704,0
3859,0
44399,0
67293,0
77887,0
17891,3
86061,0
95545,0
32713,0
19454,0
26347,0
68882,0
44876,0
5348,0
46715,1
13735,0
30446,0
91362,0
74027,0
94519,0
56502,3
65734,3
31129,2
30949,0
94987,3
68150,3
92961,0
62679,3
89831,0
24353,2
52854,0
12993,0
72264,0
36505,0
79116,0
96653,0
28581,0
78153,2
7303,2
98539,2
13197,0
41817,0
65537,0
10648,3
80262,0
91140,0
37845,3
85102,2
33867,3
60096,0
25492,0
2817,0
77648,0
97554,3
7256,0
21189,0
80142,0
13031,2
64346,2
67274,2
44667,0
46187,0
12577,2
86263,2
58073,0
18468,0
78930,3
87410,0
93529,0
14493,0
41039,0
21870,0
80229,0
84236,0
91000,3
14981,1
98892,0
18062,0
96295,0
46129,3
2358,0
17848,3
3613,0
85465,0
61900,2
19617,2
27995,0
49548,0
14022,3
81715,0
72660,2
3761,2
41674,0
74715,0
18561,2
31786,3
79428,2
9499,2
51459,3
94180,2
12774,0
99340,3
9752,2
59758,0
3032,0
22347,3
29537,0
37420,3
26920,0
95154,0
87079,0
90449,3
28207,2
95309,3
8832,0
41463,2
14796,1
16454,3
13638,3
94740,3
32964,2
77431,1
13113,0
90568,0
1727,0
30560,0
82798,0
30730,0
32361,0
45472,0
10373,0
91056,0
5457,0
80425,3
21851,2
52306,0
85187,3
97998,0
73934,0
12034,0
118,3
93108,2
30313,2
85732,0
93515,0
33102,0
18606,0
34089,0
40551,0
99450,2
64561,0
22010,0
65328,0
29448,0
83840,0
26014,0
91013,3
15983,2
87400,0
97467,0
37362,0
79503,2
63179,0
76829,0
57151,0
39460,3
80694,0
19069,0
17213,2
36180,0
88489,0
2880,0
33911,0
91530,0
83200,0
52063,0
79683,0
48414,0
74295,0
47241,3
52412,3
43139,0
93700,0
27375,0
4579,0
58449,0
12976,0
86631,2
43466,0
99879,0
19118,2
6892,3
9028,0
59047,0
82835,0
32934,3
40292,0
86314,0
72471,0
29489,0
74416,2
48604,3
20851,0
47735,0
40423,3
44644,0
81788,2
29558,0
13707,0
27055,0
83924,1
4104,3
8667,0
30466,2
14166,0
18674,0
90081,0
7506,0
79746,0
17984,2
57930,0
19163,3
30351,3
62465,0
94615,0
32401,3
54974,0
41160,3
82115,3
79458,0
34150,0
64584,0
52974,0
64825,0
47868,0
3939,0
51483,3
14408,0
5954,3
20687,0
79879,0
34723,2
93439,0
98465,2
81645,3
14108,0
74395,0
1481,0
22352,0
30135,0
60108,3
34827,0
93261,0
26221,1
19301,0
37091,0
27245,2
89695,0
43780,0
60606,0
36317,3
57019,0
77555,2
46794,2
81092,0
58714,0
12911,0
14528,0
97073,3
64054,0
90008,3
26719,0
12775,1
98986,0
23366,3
96137,0
56004,3
63977,0
78484,0
28884,3
21675,2
63653,0
45767,3
74603,0
43584,0
63991,0
64110,3
62288,3
64681,0
3240,0
44483,0
68376,0
94324,0
21131,0
87607,3
77490,0
18523,0
34195,0
58399,0
93257,0
23110,0
49456,0
57042,0
1083,0
51721,0
26237,0
54854,0
17425,0
82756,2
11114,3
38290,3
53748,0
11961,0
79591,2
94842,3
53733,0
34607,0
11897,0
75694,0
44903,2
6079,3
38243,0
53141,2
34135,0
64950,0
20133,0
78644,3
85738,2
64349,0
61775,0
31061,2
94281,0
24263,0
82828,0
1024,3
58652,0
26722,0
2981,0
85084,0
97883,2
87098,3
59591,0
18799,2
7004,0
46359,0
23910,0
15245,0
80728,0
78781,2
53881,0
87740,0
22728,3
25112,0
2306,0
13038,3
34441,0
34049,0
96520,0
55484,0
33065,0
17605,2
34332,3
14313,0
35099,0
24595,0
8932,0
40699,3
84246,1
34712,0
43900,0
5948,0
10330,2
23902,0
30641,0
18747,0
67478,0
66388,3
62635,3
36856,0
52318,0
20278,0
4292,0
28742,0
73855,0
61073,0
65500,0
33388,0
11715,0
29767,0
80731,0
23105,2
32636,0
46754,0
2123,0
87905,3
89112,0
42094,3
44560,0
61717,0
26138,0
82712,0
70732,0
54229,0
73206,2
13705,0
98256,0
42844,1
50941,0
77009,0
26306,0
70095,0
52941,2
91168,0
9286,0
39867,2
91890,0
1088,0
20210,0
15973,0
92471,3
37912,0
96500,0
2831,3
37180,1
80182,3
55599,2
20046,0
27643,0
61518,0
90529,2
51826,0
25264,3
48825,0
80919,0
54759,2
17440,3
19650,0
60303,2
16407,0
86043,2
17953,0
20701,0
52824,0
30847,0
40695,3
78801,3
91563,0
62794,0
31759,1
77699,0
57023,0
38914,2
78711,1
470,0
51931,2
53133,3
97168,0
34896,0
54849,3
56134,0
82313,2
9429,2
81678,3
17081,0
96575,0
70668,2
39532,3
82533,3
77100,0
5197,0
23975,2
52149,0
87611,0
41169,0
21072,3
12743,0
34322,0
77487,3
34292,0
13346,0
23445,0
70048,2
20306,0
22019,3
24269,0
53460,2
82207,0
16224,2
11696,0
96136,0
11456,3
42111,0
59720,0
51970,2
95411,2
7442,0
67657,0
40217,0
34477,0
72968,0
22526,0
37665,2
54825,0
99403,3
77904,0
97893,1
15022,0
36431,0
78858,3
43855,0
58582,3
83150,2
27116,1
5534,0
18824,0
79183,3
24874,3
66924,0
88578,0
83942,0
29418,3
27838,0
55217,0
13432,0
56625,2
27481,0
94886,0
4634,0
34237,3
56178,2
65809,2
14850,3
75952,0
78980,0
31039,1
47770,1
72997,3
83918,3
80444,0
58151,0
23170,2
47758,2
32995,1
67724,0
96535,0
12570,2
60093,0
34934,0
82045,2
11126,0
57598,0
67372,0
58272,0
45917,0
60487,0
22582,3
39354,3
42172,0
64046,0
76730,2
75924,0
56818,0
22036,0
81779,0
54248,0
57898,0
73550,2
31370,0
40365,0
2162,0
47505,0
7292,0
21881,0
74812,0
54421,2
83638,0
11093,0
32623,0
1863,0
22117,3
41409,0
26739,0
15216,3
41050,0
94599,0
19439,1
12261,2
40517,0
7458,0
81835,0
84094,0
10270,0
38815,2
30541,3
35732,0
75131,0
31387,0
18308,2
68622,0
7610,3
35498,0
26394,0
21583,0
93415,0
29006,0
42753,0
38943,1
72781,3
66473,0
75442,3
23401,2
82700,0
7726,0
45140,0
56678,0
36846,2
52061,0
90866,0
70873,0
64383,0
17920,3
5136,0
59308,0
63261,0
58233,1
66233,0
82078,2
89205,0
1987,2
41035,0
10650,0
21954,0
92692,0
58843,0
80798,3
33262,0
68998,0
72617,0
98780,3
93980,3
18789,0
92062,0
68947,2
98835,0
22542,3
52795,0
54071,0
10279,0
64119,0
48288,2
23573,0
51858,3
8744,0
76466,3
20246,0
97224,3
56020,0
91069,0
28367,3
34531,1
47132,0
7782,3
6805,2
62210,3
63490,3
58470,2
57654,0
10355,0
3292,0
71965,2
13587,0
87581,0
95886,0
89858,0
83272,0
98430,1
90446,2
73546,0
84876,0
84284,0
33660,2
77408,3
24374,1
45634,3
71351,2
80779,0
72321,3
55012,0
22145,0
6038,0
32905,3
3862,1
31697,1
23184,3
27757,2
67151,0
49399,2
26642,3
305,3
41347,2
21088,0
14949,2
70790,0
19674,3
17271,0
44567,2
98704,0
2898,0
25878,0
44002,3
98202,0
85947,0
36232,0
22244,0
58881,0
85394,0
86520,1
78989,0
64952,3
75670,2
91685,0
62540,1
18300,0
57921,2
76716,0
7137,3
20805,0
96167,3
15326,0
12178,3
85930,0
63375,3
33136,0
13863,0
66596,1
9734,3
44743,0
82820,0
14814,0
20764,3
77117,2
42152,0
58835,0
72087,0
51238,0
5161,0
20345,0
77682,0
61697,0
80465,0
99726,0
17167,0
64600,2
95363,0
42671,0
75914,2
87212,0
68128,0
88120,0
41342,2
81980,2
42345,3
86722,3
52668,2
85491,2
36014,0
32470,3
75722,2
23127,3
4565,2
11777,0
69735,0
37953,0
67937,0
10490,0
50667,0
37390,0
88804,0
36507,3
32527,0
66826,1
23219,0
42283,0
4027,2
8888,0
25247,3
46690,0
55422,0
41506,0
18243,0
28446,0
59276,2
27765,0
4881,0
39173,0
3826,3
96195,0
35912,0
26121,3
93129,0
56985,0
51083,0
84694,3
50189,3
88671,0
9571,0
73083,1
15779,2
29606,3
1018,2
67028,2
66398,0
39716,2
21421,0
74841,0
18052,0
75652,0
50853,0
29722,3
74689,0
13435,3
14879,0
10927,3
74385,0
3024,0
12615,0
18909,3
59115,0
81530,0
16313,0
79539,0
60340,0
31968,1
71921,0
32301,0
77795,0
87325,0
63467,0
94440,3
66483,0
94914,0
4680,0
72300,0
36384,0
69413,3
73927,2
93809,0
20122,0
1486,0
33616,0
74814,0
17894,0
51989,0
60313,0
86299,0
43257,0
69462,3
71722,2
7626,2
6719,0
34688,0
71163,0
99411,0
71189,3
13726,3
34785,3
92069,0
82427,0
51038,0
24284,0
1995,0
35251,0
36211,0
7178,0
37595,0
52269,0
70182,0
53005,0
30047,0
30464,0
1750,0
94304,2
46782,0
86906,0
89910,2
4458,0
36161,0
65101,0
89617,0
22339,0
71250,0
95927,3
87364,2
18258,0
33170,0
83546,1
84620,0
35749,0
75138,0
95250,0
69071,0
9380,0
1320,0
83767,0
4998,0
68349,0
28514,0
8610,0
48895,2
60609,0
55943,0
97284,0
36581,0
88862,0
65624,0
47955,3
21568,2
65933,0
22985,2
66894,3
71892,0
19468,3
39264,0
57179,3
12010,0
25168,0
98205,0
99680,2
3913,0
94342,0
79617,3
92740,3
70215,0
18005,0
84046,0
1517,2
8108,0
76749,0
72043,3
31809,3
60732,0
98046,3
18931,1
81617,0
88071,3
35379,1
83845,3
8220,1
78127,3
54433,0
6589,0
48737,3
89745,1
53504,2
13177,0
92169,3
26663,0
64067,0
9613,0
50397,0
28254,0
72016,0
74521,0
14273,2
71274,2
84582,0
44703,1
54611,0
12790,3
22150,0
42375,0
31013,0
87058,3
85469,0
22063,2
20160,0
9861,0
89082,0
66241,0
22510,0
15203,0
94348,0
12324,3
3803,3
2591,2
96549,2
25504,0
83627,2
390,2
5765,0
60767,0
17418,0
79709,2
43093,3
50685,2
20774,0
85839,0
23566,2
75798,1
58459,3
68261,3
36851,2
96311,3
39314,0
27498,3
8423,3
82576,3
15180,0
86005,0
41243,0
36417,3
20129,0
7501,3
49039,0
22092,0
87303,0
65439,0
37630,3
95262,0
40757,0
94502,0
59866,0
26079,0
46153,0
51,0
78824,3
79060,0
4301,0
49003,0
86332,3
30343,0
94796,3
3514,0
92183,0
48364,0
60640,0
45961,2
61070,0
81182,0
46887,0
63554,0
16691,3
17752,2
50824,0
58869,0
52658,0
41572,0
38911,1
99458,0
66323,0
4122,0
5507,0
44407,0
49417,3
13424,0
65589,0
24856,0
77535,0
77911,0
29851,0
47073,0
94244,0
64286,3
8215,3
94164,0
82920,3
49907,0
81913,0
5279,3
32606,3
67276,2
73867,3
55371,3
39265,0
54566,2
81209,2
18790,3
93742,3
94467,0
52375,3
62728,0
39181,2
44214,0
21213,0
9435,0
93912,3
84781,0
41707,0
44108,0
25660,0
46282,0
47388,0
1957,3
78561,2
93552,3
58640,0
22037,3
20775,3
71077,0
52267,3
25155,3
12782,0
58090,2
41135,3
37948,2
80365,0
29892,2
5328,3
666,0
23667,0
38740,3
69412,0
95818,0
13151,2
89230,0
7674,0
13760,2
314,0
84112,0
61971,2
43532,0
86845,0
41222,0
25584,0
42769,0
80214,0
30740,0
60055,3
17625,0
86958,1
42982,2
49478,0
94512,0
95503,0
49175,0
69079,3
92465,0
2604,0
47312,0
21992,1
6418,0
1803,0
76671,2
88752,0
17103,0
43561,0
33878,0
63729,0
5447,0
2383,0
24858,0
87575,0
80568,0
48106,2
25438,0
5894,3
52332,0
37391,0
93795,0
57966,3
65470,0
98174,3
42799,0
72175,2
91693,0
33742,0
2985,0
75332,2
44264,0
47670,0
80592,0
88582,0
36226,0
96009,2
7748,0
70835,0
20309,3
83257,0
8554,0
95885,0
32771,3
85769,3
41708,0
13035,0
22765,0
11830,2
71009,0
6158,0
78814,0
4160,0
42284,0
83965,0
79429,0
3511,0
30468,0
46960,3
56576,2
75949,2
99052,0
44495,0
8323,0
24913,0
11557,0
96151,0
40740,2
1739,0
98614,0
47197,0
44578,0
18673,0
81548,0
92657,2
46656,0
51252,0
70550,0
35451,0
67959,0
35246,0
40824,2
87715,0
17176,0
17572,0
32709,0
80361,0
98410,0
4675,0
12821,0
90400,2
43766,0
45866,2
83256,3
14312,1
71056,0
98827,0
57329,0
77649,3
54978,0
62051,0
8173,0
16743,2
88020,0
98679,2
94446,3
79348,0
2485,0
43463,3
9788,2
53298,0
40553,0
88890,1
15907,0
86363,2
13668,0
68031,0
98331,3
21321,0
81362,3
41768,3
4433,0
84592,3
82611,0
98733,2
16078,3
71799,0
74724,2
33340,0
28971,0
17856,0
76448,0
10971,0
35294,0
64858,3
51545,3
77751,0
48349,0
35234,0
70932,0
96837,0
74191,0
70171,0
84234,0
82467,0
816,2
32505,0
79403,3
55234,0
99213,0
35257,0
87004,0
1361,0
1365,2
6606,0
78264,2
62426,0
8567,2
10227,0
27548,2
74340,0
20250,2
12235,2
56771,3
53303,0
75152,2
21898,0
1419,0
36176,3
53681,1
88943,3
98128,0
3956,0
42856,2
1959,2
9312,0
38838,0
35807,2
57792,0
91452,0
73873,3
10045,0
46616,3
73869,2
76776,0
91527,0
59790,2
61385,2
95898,0
43004,3
69893,3
29113,0
20454,2
72118,0
60402,0
64316,2
9521,0
50865,0
73801,0
98578,0
61768,2
61809,0
97181,0
55717,2
10486,3
40307,3
78703,0
83860,2
6633,0
53349,0
29720,0
58390,0
95175,3
4564,0
38493,0
48132,2
35715,0
88701,3
86793,0
99788,0
50258,0
89128,3
19072,3
70462,3
55813,2
89950,0
80223,0
22359,0
44358,3
89428,0
47878,0
90371,0
28888,0
43824,2
55266,0
92938,0
51281,2
42445,2
851,0
20416,3
583,2
27924,0
59296,2
46268,1
46705,0
21807,0
62586,0
81955,0
65264,0
83325,0
70208,0
57255,2
63414,3
56960,2
71819,0
3210,2
98386,0
56222,0
51244,0
33946,0
14424,3
25690,0
53408,0
23042,0
28476,0
37159,0
53097,3
32151,3
85837,0
19034,0
79831,0
50063,3
47929,3
78527,2
21408,0
27539,0
76874,0
96002,0
95264,3
94237,2
33278,0
31501,2
88941,0
69683,0
75630,0
93573,1
39472,0
87126,0
88490,0
63434,0
92910,2
33623,2
15953,0
32380,0
26675,0
24675,0
74368,0
36855,0
56388,2
27025,0
87257,0
7423,0
6569,0
16967,0
59530,0
27266,3
71370,0
49943,0
26187,3
2677,2
21943,1
64677,0
42645,0
76184,0
13779,3
35691,0
12443,2
77805,2
83535,0
26840,2
43290,0
52598,0
6459,0
16050,0
90540,1
91604,0
41724,1
68213,3
71113,0
15776,2
74829,1
73104,0
994,0
97979,3
66933,3
26721,0
42833,3
39304,0
59586,0
62836,0
99872,2
14524,3
72707,0
59070,0
3558,0
86796,3
49080,0
15363,0
62535,0
92365,3
53359,2
83473,2
30182,0
54558,0
70922,2
51034,3
75817,3
31003,0
17682,3
62386,0
40260,0
18357,0
15327,0
63661,0
22483,0
82047,2
96223,0
26771,3
91209,0
65490,0
53244,0
54574,0
53122,0
89053,2
21106,0
95336,2
60859,0
4189,0
45237,2
17769,3
98786,0
75046,1
75752,0
5922,0
12995,0
95358,0
18009,0
77367,3
16485,0
66209,3
37669,0
27986,0
29500,0
11165,0
45208,0
20041,0
39648,3
33022,0
73690,0
42957,3
97175,0
86702,3
85533,3
50257,2
44516,3
69556,2
49983,0
89464,3
5659,0
57265,0
41884,3
30180,0
28519,0
12820,0
52695,0
65541,0
89211,1
87911,0
42880,0
28165,0
29819,2
91037,0
59651,0
86187,0
42060,0
27762,0
50392,0
48533,0
9155,0
22090,0
68985,0
14478,2
83207,0
13755,2
34633,0
37189,3
700,0
83397,3
42776,2
55806,2
95739,2
68230,0
72032,2
58178,1
90402,0
25947,0
84643,3
26825,0
27333,0
69671,3
80595,3
67194,0
34023,0
51769,0
13320,0
42370,0
69471,0
32386,3
25354,0
41810,0
45163,0
63590,1
78248,0
68692,0
37656,3
62524,0
12952,0
38500,0
54373,0
64992,3
72417,3
12864,3
56896,0
39538,0
69486,0
53113,0
5421,0
43992,0
44525,3
11769,2
6234,0
8826,0
4920,0
56486,0
78652,3
10237,0
81924,0
15354,0
525,0
14645,0
399,1
6796,2
92136,0
91139,0
94763,3
84399,3
15231,0
2959,3
56589,0
74211,0
66717,2
19223,0
63266,0
21414,2
36863,2
26948,2
40536,0
21031,2
22661,3
27250,0
16270,2
74423,0
78528,3
63165,1
42618,0
98330,1
7069,0
57323,0
51066,2
80563,2
57432,3
39972,0
64645,3
40129,0
72799,3
76698,0
51757,0
94518,2
77600,0
84025,0
91795,2
11764,3
78391,2
3856,0
27423,0
66837,0
43634,3
16272,0
66141,3
90872,0
78035,0
81367,3
26731,0
90364,0
55116,3
70162,0
97753,0
9333,0
86469,2
8563,3
16628,1
2232,0
70935,0
57306,0
78162,3
12229,0
37483,2
17059,0
66347,0
55006,3
42326,0
36772,0
90034,0
41715,0
1305,0
34429,0
23264,0
64854,0
55411,3
97135,2
72714,2
53682,2
66653,0
28718,0
61000,0
38525,3
40574,0
2688,0
4733,2
3785,0
30943,2
42166,0
91817,0
93618,0
15728,0
56309,0
97610,0
46554,0
10574,0
50535,0
33457,3
31161,2
72686,0
65311,0
23319,2
65576,0
46744,2
3367,2
71777,0
2492,0
10843,0
40515,0
21678,0
26457,1
6078,0
29885,0
99760,0
35255,0
81607,0
60175,3
29630,0
41753,0
89087,2
79702,3
6757,2
97876,1
51710,0
2684,0
20300,2
57650,3
88208,0
99249,1
12338,2
18542,0
10006,2
27506,2
36732,3
40808,1
6926,3
63602,2
95272,0
64657,0
28450,0
54311,0
65428,2
50529,1
54722,3
24224,3
60798,0
32584,3
36023,2
20916,0
71215,0
38523,1
80632,3
7247,3
28906,0
80528,0
39224,0
90377,0
98687,2
91443,3
51262,0
78944,0
40251,0
74164,2
63032,2
71902,0
5260,0
54917,0
52682,0
8606,0
76409,2
15833,0
93097,0
32530,3
36011,3
9519,2
30266,0
32221,3
25544,3
47454,0
2939,0
52464,3
25931,0
11130,0
82001,2
87761,0
30168,3
82568,3
16128,1
89228,0
34263,0
70621,0
8548,0
52130,0
16016,1
14811,3
54728,0
19000,0
32094,0
83341,0
16697,3
91718,0
76782,0
35680,3
83350,0
82087,2
87444,3
31075,0
38929,0
98150,2
62848,0
80987,0
18050,3
87914,2
76066,3
58717,0
59016,0
72127,0
49602,0
50551,0
71505,0
83698,0
92351,0
74034,3
64270,2
71210,0
94773,0
87371,0
86506,3
93312,0
18769,0
45001,0
96490,1
21906,0
62500,0
44356,0
1583,0
15842,3
64587,0
49604,0
9859,0
66576,2
68318,2
31995,2
11672,0
71213,0
5931,0
11116,2
75787,0
28783,3
37245,3
31086,0
69437,0
83759,1
10180,3
41954,3
45169,0
89813,0
97685,0
74392,0
66453,0
82524,3
73810,0
66066,0
96214,0
11859,0
51763,3
7949,0
24271,0
57816,0
15766,0
19859,0
72134,0
74762,0
86751,3
49369,0
19276,0
36175,2
19532,1
32449,0
80968,0
95773,0
74356,2
25979,3
30575,0
71477,0
41356,0
73708,0
90045,0
98934,2
71500,0
68656,2
31798,0
74029,0
2777,2
81957,1
21735,3
2248,0
82529,0
8764,0
90914,0
32024,0
76399,0
58260,0
84940,0
95244,3
99838,3
18660,2
21028,0
24740,1
6710,0
1885,1
38466,0
53993,0
83927,0
62197,2
79669,0
35012,0
10586,0
36351,2
40697,2
27149,1
30864,2
87565,1
50272,3
86497,3
72070,2
1403,3
5596,0
28194,0
57812,0
93478,2
13970,0
33575,0
76900,0
25234,0
22044,0
49768,0
16542,0
5498,0
1111,0
96948,1
81049,2
45998,0
42220,3
73240,0
86995,0
69928,0
27803,0
75065,0
76713,0
86207,0
37610,0
33904,0
93109,0
12482,0
75010,3
98585,0
92054,0
91773,3
6520,0
34895,0
29806,0
68328,2
19862,2
14454,3
15356,0
56321,0
23104,0
77771,2
90981,2
49204,0
77635,3
79030,0
4553,0
32627,0
64598,3
74593,0
49494,2
12969,3
54253,3
84586,0
72963,0
44911,0
11585,3
98382,0
89366,2
65019,0
93892,0
584,3
36935,3
55959,3
39754,0
16149,0
7058,0
12672,0
20940,3
67968,0
34792,3
96717,0
75495,2
22842,3
40931,2
99480,3
96770,2
68757,2
47185,2
21916,3
58430,0
26322,0
30606,2
94488,0
77639,2
46630,0
77943,0
34004,0
39351,3
56610,3
80683,0
82532,2
47824,0
91371,0
7414,0
32479,0
67501,2
39107,0
42737,0
7942,2
19076,2
90308,0
66187,2
18419,0
94734,0
51110,0
61886,3
36432,0
25431,0
82509,0
63679,0
27425,0
32047,3
48659,3
17263,2
40197,0
45648,0
97607,3
76123,1
87872,0
37840,0
28038,0
9963,2
65220,0
72567,0
56942,0
99096,0
90501,0
93217,0
56013,0
30254,2
39300,0
52111,0
63516,2
45105,2
20331,1
62282,0
15193,0
84521,2
96695,0
13977,0
44994,0
28346,3
69360,3
27918,0
80414,0
8001,0
83266,0
88266,0
69571,0
27652,0
2820,1
94276,0
81605,3
77614,0
91752,3
93399,2
96930,0
17221,2
63548,0
92177,0
3437,0
29715,3
25084,0
63937,0
85556,0
81772,3
51162,0
67766,0
90270,0
31538,0
83066,0
15335,1
83430,3
76477,0
81412,0
36827,3
51571,0
35349,2
80926,0
61569,1
85151,0
48063,3
85312,3
75845,3
61786,0
37666,0
75926,3
344,0
17297,2
93492,0
4656,0
57626,3
61434,1
34693,2
88763,0
30437,3
9046,0
24185,2
61074,0
28086,2
18250,0
85679,0
33023,0
72956,3
32920,2
9116,3
57557,3
50815,2
11236,0
5059,2
627,3
87189,0
28246,0
54573,2
34264,3
83959,0
16072,0
59833,2
54621,3
51316,2
2793,2
71748,0
20870,1
20890,2
38309,1
32807,0
36637,0
89927,2
25876,0
70004,2
51150,0
21457,0
20241,0
54644,3
59710,0
82691,0
43551,0
36949,0
32752,0
88918,3
96526,2
54721,0
33113,0
61640,0
7021,0
63003,0
83432,2
6018,3
59428,0
7918,3
18996,0
53010,0
6747,2
16294,2
15336,3
55582,3
54508,0
47136,0
97340,0
79513,0
45239,0
54038,0
31284,2
38146,0
53487,0
11867,3
82000,3
58939,0
73363,3
71155,2
4964,0
1115,0
15562,0
72496,0
40761,3
33936,2
66603,0
51220,0
70181,2
38249,0
80793,0
16806,3
51727,1
56601,0
18240,3
43725,0
27104,0
25486,1
69517,0
78317,3
48158,0
81609,0
47794,0
50343,0
14775,0
77064,0
47471,0
40513,0
69327,3
69338,3
55851,2
23277,0
85397,0
72431,2
35992,2
5688,0
71097,0
47403,0
63454,0
48113,0
52943,0
19655,0
10468,0
15615,0
61572,0
21272,0
43129,0
12760,0
30824,0
52058,3
90047,0
17931,0
11774,0
9465,1
57597,0
65741,0
66220,0
34102,3
9284,0
70377,2
52495,2
54078,0
56007,0
4291,0
33311,0
36662,0
80958,0
8588,3
81556,2
28660,0
78068,0
92318,2
94869,3
77251,0
48884,0
8141,0
38161,0
89458,3
1760,2
88376,0
78173,0
93575,3
4137,0
95707,0
63213,0
12686,0
63965,0
60945,0
18379,0
81543,0
22623,0
39670,3
24180,0
64629,0
51154,0
97644,3
70166,3
92844,0
80775,3
30787,0
62181,0
86417,3
51016,0
65299,0
54339,0
58464,0
43491,0
41634,0
48700,0
11486,2
51896,0
62491,0
38326,3
47012,0
17131,0
57021,0
50448,0
23686,0
71678,0
54446,1
48309,0
23119,0
29709,3
17687,3
24485,0
95630,0
89677,1
22758,0
94626,3
69989,0
63413,2
25184,3
61336,0
3001,3
84308,0
84821,0
44441,0
16644,0
73849,0
38052,0
32775,0
79256,0
54886,0
78096,0
87531,3
55069,0
48419,2
19776,3
84104,2
45564,0
16852,2
60896,0
59450,0
81948,0
78505,0
10368,0
799,1
96668,3
85593,0
96754,2
52383,0
8428,0
29289,2
84065,0
60925,0
26810,3
56360,0
28890,3
23518,0
86974,3
51969,0
61268,3
23205,0
24532,2
28666,0
86938,0
80546,0
41961,0
86416,0
23562,3
68476,0
67643,1
87643,0
17406,0
44218,2
70629,0
79138,0
10801,0
89973,0
52299,3
82788,0
63229,3
62271,3
53717,3
23106,0
87608,0
99708,0
47721,0
40494,3
38614,2
66914,3
72302,1
43065,0
30222,0
47606,3
3706,0
57543,0
98375,0
68770,0
22184,0
13836,3
31033,0
32515,3
133,3
75789,3
80727,0
33699,0
33783,0
64356,0
61943,0
63800,0
7811,0
27134,0
488,0
49815,3
22181,3
80656,0
81616,0
26886,0
86475,0
10995,0
87338,3
37715,3
96574,0
49514,0
56079,0
44715,0
76701,0
90412,0
87359,2
245,0
45833,0
27083,0
22126,3
39055,0
25930,0
86861,2
2956,2
93050,0
62202,0
47777,0
927,3
60924,0
80016,2
33744,0
65342,0
15798,0
29169,0
5691,0
22127,2
3067,0
1467,2
35173,2
39290,0
47355,0
78660,0
71949,3
35079,0
32041,3
51524,3
16327,3
42067,0
23375,1
67030,0
61732,0
61043,3
47229,0
91328,0
84767,0
58948,0
31657,0
68365,0
31904,2
40043,2
70777,0
58354,0
51822,3
8070,3
69382,0
96592,0
48822,0
60186,2
4643,3
99408,3
93293,0
38236,0
31454,0
14157,0
41034,0
47894,3
42794,0
18377,0
28183,0
89575,3
18506,0
61608,0
34054,0
64460,3
61244,3
96134,1
95507,0
60319,0
38880,3
86784,2
22642,0
80180,3
53675,0
25875,0
46956,2
21882,0
76804,0
59135,0
9416,2
78636,3
62191,2
16745,0
34103,1
17854,3
85655,3
96252,3
8284,0
68026,0
85435,2
77380,0
28625,0
47956,0
78149,3
36963,0
63614,2
88315,3
44207,2
4477,2
20447,0
50264,2
11918,0
97510,0
19125,0
94487,0
34910,0
35725,0
88629,3
14956,3
87937,3
73820,0
11999,3
45939,0
31212,0
98009,2
21244,2
4080,0
55559,0
72408,0
37699,1
87555,2
21480,0
11823,0
41297,3
27695,2
6386,0
80434,0
74710,0
57594,2
70313,0
41851,0
74799,2
49181,0
68929,2
94209,2
32841,0
36648,2
86292,3
93816,0
43403,3
27659,3
5862,2
18157,0
7618,0
1478,1
49718,0
10731,0
96441,0
7403,1
14483,0
35780,0
65499,0
72316,0
88876,0
29065,0
12326,3
56977,0
5453,2
78835,2
66627,3
53465,0
53817,0
67659,0
80807,0
48794,0
87129,0
85107,0
54048,0
51552,0
19212,0
75158,0
21043,0
22771,2
60307,3
78977,3
5114,1
88244,3
52736,0
20228,2
61813,0
51337,0
68696,0
40130,3
59789,1
34585,1
45797,0
25966,3
25730,0
4121,2
74367,2
98037,2
86806,0
56023,0
51128,2
52915,0
46480,3
3357,0
75377,0
94902,0
43364,0
99614,0
76207,3
98240,0
69017,3
98085,0
36215,0
83506,0
9020,0
66763,2
60449,3
70163,0
98077,3
23457,0
27264,0
66031,2
23642,0
26081,2
84090,0
12552,0
58154,2
93751,0
10591,0
43018,0
84402,0
930,2
69320,3
33349,3
53381,2
26411,2
66667,2
79538,0
73539,0
91550,0
66039,1
80419,3
329,0
39953,0
88561,0
35898,0
68257,0
80789,0
82010,0
88600,0
12727,0
26003,0
1340,3
63902,0
97579,2
20582,0
59976,3
48434,0
43632,2
12825,0
10942,0
51564,0
27170,2
29613,0
1843,3
1238,0
68357,0
96067,0
5809,0
29962,0
36698,3
1775,0
25609,3
71374,3
29590,0
65465,0
7375,0
51445,0
34593,0
18830,0
45678,0
3351,0
95542,2
32503,0
92849,0
88736,1
89650,0
40375,0
23247,0
60008,0
90107,2
12169,0
60949,3
96757,0
65330,0
80875,3
45525,0
84596,0
76887,0
81340,0
10327,0
13860,3
14786,3
30203,0
88621,0
69006,0
53112,0
6338,2
61184,0
43680,0
3784,2
27786,3
95610,0
46922,0
8040,3
96744,0
51318,0
89781,0
22549,0
44208,0
78228,0
61711,0
99387,0
19547,0
53119,3
98838,3
97122,0
70433,3
35711,0
2672,3
93063,0
1909,0
26192,0
55545,0
44633,3
11760,0
22507,0
37820,0
98862,0
33966,0
13604,0
35185,0
91063,3
34315,0
61846,0
85641,2
22532,0
39691,3
68156,0
39515,2
39325,0
83760,0
1907,0
21721,0
8562,0
38386,2
71953,2
72910,0
5834,3
31644,3
471,0
29338,0
80834,2
82005,2
35027,0
75298,0
95260,3
1237,0
44139,0
40520,0
78678,0
32610,0
99482,0
73234,0
26323,3
11876,0
8910,3
42483,0
27296,1
97416,0
76994,0
37082,0
73710,0
83888,3
4235,0
823,3
39804,0
48033,3
75735,0
42621,2
41829,0
95522,3
77320,0
1852,0
95926,0
64885,0
67704,0
9107,3
38000,0
9412,0
85235,3
58208,0
89020,2
86982,1
73497,0
13407,0
85484,3
3429,0
63155,3
16079,3
88679,3
78715,3
31691,2
92533,0
41236,2
75766,0
35800,2
66702,0
97007,0
35950,2
47987,2
61033,0
8019,0
57024,0
20964,3
33217,0
67826,0
17175,2
64654,0
28515,0
49516,1
41877,0
63644,3
7757,0
57737,3
43439,0
19853,0
51260,3
81699,3
95656,2
1888,0
33378,0
82017,0
83055,0
90561,0
90128,3
32776,2
23585,0
11701,0
90387,0
76601,0
73068,0
9987,0
25721,0
96945,0
62175,0
69715,0
79137,2
58893,3
40177,2
70453,0
74268,3
66944,0
49738,2
10352,0
9661,2
76274,0
44836,0
51556,3
46826,0
2703,0
28353,0
21338,0
17966,0
96040,0
91197,0
17690,2
48983,3
54685,3
86763,3
53799,0
62645,0
57438,0
33828,0
40076,3
96415,3
53549,3
99877,0
23885,3
2256,0
9495,0
25055,3
30846,0
1829,0
73756,0
28222,0
81621,3
13526,0
96800,2
42965,0
76457,1
13092,0
95725,0
34116,3
24501,0
10267,2
91091,0
71410,2
86640,0
16724,3
39920,3
97843,0
49878,0
24597,3
52209,0
68079,0
29302,0
58319,3
65310,0
68598,3
38707,3
23374,0
6627,3
21810,3
61996,0
24433,0
78323,0
40527,0
11781,0
28964,2
90974,0
26199,2
3738,0
89675,0
39156,0
22152,3
29636,2
63097,0
60816,3
36433,0
69949,3
81725,0
11745,3
52156,0
24816,3
94356,0
8536,0
1357,3
81418,3
87668,0
15301,3
63440,0
20277,3
80386,0
87118,0
72983,0
82558,0
94010,0
14037,0
31213,0
23224,3
49325,0
45946,0
47013,0
9355,3
53922,0
51598,1
92796,1
57787,0
56938,0
53914,0
67711,0
79289,3
36134,0
46486,0
58987,3
810,3
5679,0
34713,0
51532,0
37892,0
77382,2
35880,0
56075,0
26438,0
45026,0
49589,0
24087,0
442,0
67357,0
29046,3
59705,2
60431,1
11333,0
62211,0
57590,0
87750,0
24451,0
26280,0
8005,3
95976,0
23478,0
6607,0
89333,0
20296,0
58619,0
12770,3
26379,2
39057,2
81522,0
53014,1
82733,0
32513,3
76977,0
51659,0
1236,1
16984,0
22032,0
90091,1
46066,0
36718,0
15984,0
34911,3
74174,0
45432,0
7322,0
21183,0
91250,2
64317,0
29444,0
46461,0
57953,0
18373,2
16612,0
7419,0
63086,0
11797,2
37921,0
70327,0
64123,3
65350,0
85081,0
65840,0
89993,3
74686,3
19214,0
88702,0
27919,0
75673,0
67904,0
21931,0
85061,0
61259,0
99559,3
68861,0
42192,0
67429,2
99147,0
23700,0
4547,0
63535,3
35424,0
71539,0
71331,0
92846,0
64811,0
79500,0
42238,0
32757,0
68470,0
15474,0
25890,0
46742,0
54314,0
95275,3
71755,1
88706,3
99508,0
847,3
67794,3
90723,0
6488,0
67040,2
91385,1
46628,0
19050,0
99431,2
97413,0
29858,0
52310,3
39154,3
19881,0
86918,0
18203,0
65394,0
80755,3
1335,0
967,3
93859,3
91819,0
63260,0
31621,0
79684,0
66810,0
10496,3
3885,0
38632,0
28944,2
41107,0
96336,2
36511,0
4186,0
54941,3
16571,3
12578,0
28524,2
65003,0
42625,0
10443,0
49141,0
15449,3
54875,1
70107,0
11082,0
14627,3
48744,0
60608,2
7084,2
14387,2
19448,3
42455,0
49035,3
56472,0
51562,0
27026,3
70770,2
53315,0
83538,0
74076,3
10819,0
80700,2
38822,0
5552,0
20206,0
67868,2
33257,0
24896,0
72092,3
41446,0
49388,3
17783,0
14846,0
26634,0
96010,0
20087,1
59330,3
63036,3
62402,0
39283,2
50565,3
19994,0
13542,0
29534,0
990,2
75459,3
90718,0
96643,3
45257,2
25567,0
65730,0
6920,0
94271,2
41254,3
88815,0
34146,0
12801,0
23255,0
89261,0
68360,0
83836,0
84435,3
39207,0
1497,2
14253,2
68196,0
88388,0
92913,0
9522,0
61829,2
54454,0
55313,0
31438,0
72367,0
93187,0
17926,0
3066,0
59891,0
38431,0
66329,2
80038,0
15047,2
40788,2
88865,0
85786,1
70470,0
74016,3
56744,0
18620,3
11367,2
55278,0
87026,1
34368,2
83026,0
52151,0
6602,0
73035,0
30186,0
36107,0
23369,0
53218,2
88060,0
55690,0
22368,0
84231,3
59875,0
3658,2
12515,0
16951,0
9128,2
22380,0
5318,0
74655,3
19962,0
42417,0
5291,1
68247,2
54597,0
24710,0
70465,0
1254,0
24698,0
44320,0
85044,0
92079,0
66244,2
5172,0
30063,0
36836,0
38900,3
2711,3
931,0
34700,3
11576,0
53875,0
13857,0
20879,0
51433,2
80508,3
18713,3
87360,0
88689,3
30689,3
77814,0
42138,0
34647,0
5942,0
28053,2
65712,2
5601,0
47027,0
1138,0
10796,3
47243,2
80478,0
29694,0
43854,2
55307,0
99240,0
61171,3
47667,3
58326,3
60154,0
11066,0
91471,0
61722,0
14409,0
13045,0
79618,0
32968,0
98558,0
31826,0
70906,0
77980,0
33671,2
7186,0
33694,2
74491,0
34780,0
32700,0
63831,0
94693,0
664,0
67578,0
74793,0
2430,3
9995,3
80136,0
26928,3
10725,0
65553,0
17402,2
99644,0
36095,3
96634,0
96808,2
99943,1
79528,0
98908,0
96278,2
12882,0
84946,0
32552,0
62435,0
23730,1
54353,0
34470,2
12966,0
9543,3
2449,2
88712,0
49240,0
20663,3
96714,0
4297,3
59275,0
86032,0
26940,0
70765,1
51210,0
2328,3
81378,0
64403,0
63747,2
41458,0
48504,2
13637,2
53440,0
53210,0
15415,0
90272,0
68832,3
14138,0
12986,0
11056,0
85497,0
65618,2
62624,3
29955,2
87554,0
1958,0
33272,3
60997,2
97319,3
4131,2
51775,0
58617,0
40077,3
90817,0
60437,0
68640,0
32612,1
50141,0
5706,0
16606,0
50277,0
9556,0
80503,0
28799,0
1257,2
29930,3
74332,2
67918,0
76006,0
2367,0
29513,2
51197,0
50330,0
88512,3
21104,3
92376,2
38014,0
78218,3
28182,0
94026,0
90017,2
8918,2
60179,0
11785,3
40412,0
2148,0
24521,0
69628,0
52256,0
69385,0
67407,3
69586,0
32802,3
89651,0
43588,0
28029,0
25824,0
36251,3
62290,2
67142,0
60971,0
81953,0
19807,2
4333,0
96402,0
77403,2
92443,2
24881,0
80889,0
93574,0
56865,2
545,0
9982,0
99258,3
38193,0
67996,2
92888,0
20597,0
16404,0
10803,2
10770,0
80665,3
29333,0
21607,0
66226,0
16486,0
89289,2
82156,2
11188,0
11851,0
95777,2
76511,0
68854,0
63401,0
40138,0
45680,0
86210,0
41886,0
76357,0
61557,0
35138,0
79576,0
91138,3
58066,0
59948,0
91937,3
51917,0
69001,2
37043,1
34609,0
61566,3
74687,2
9631,2
31143,2
77401,0
84125,0
51327,0
45677,2
14085,0
50810,0
29198,3
3871,2
30648,2
57209,0
7977,0
40140,0
17,0
39620,1
4611,0
94507,0
59996,3
10398,2
86011,0
9260,0
65552,2
99248,0
44115,0
11209,2
48931,2
44471,0
92037,0
4773,0
18656,0
23558,2
7503,0
7725,3
46382,0
29370,0
53884,0
43058,0
76991,0
19259,0
48539,0
38597,0
73996,0
7980,0
96858,0
43293,0
6875,0
608,0
8443,0
46290,0
77824,2
69637,2
84347,0
51679,0
71197,0
94055,0
72647,2
48793,3
26048,1
27573,3
11555,0
65829,0
65100,0
53615,0
91851,0
38104,0
20598,2
46170,0
15480,2
94713,0
20954,2
34500,3
39356,0
50822,0
63419,0
61614,2
57069,0
62921,2
98145,0
32287,0
11835,0
48810,2
14752,0
88715,0
45477,0
80666,0
88863,0
10612,0
66814,3
29615,1
86168,0
73762,3
83415,2
41071,2
62150,3
27664,0
88552,0
41755,3
72049,2
91502,0
97241,0
53767,0
27589,0
84012,0
13040,2
35542,0
20847,0
36234,0
73528,0
39590,2
37488,0
80938,0
20370,0
69097,3
40838,0
53249,0
77647,0
28634,3
37498,0
7289,2
98969,2
83224,0
44660,0
82203,0
89003,3
45480,0
50431,0
47309,0
64688,0
8317,0
14402,0
60741,3
25252,1
10876,0
29964,0
22459,0
68822,0
58275,0
5908,3
82593,0
98161,3
90520,2
47849,0
34180,3
75796,0
44466,0
68088,0
3474,2
63332,0
17964,2
1192,3
55447,3
32082,0
72664,3
14809,3
44308,3
79776,3
34659,0
22493,0
9257,2
70225,3
92993,0
9871,1
70401,0
76969,0
55090,0
56154,0
18381,0
52910,0
72381,0
11919,0
52033,0
70658,2
81576,2
60148,0
41699,0
99229,3
69832,0
63216,3
22119,0
60518,2
13349,0
66614,0
2,2
58045,2
65653,2
68176,0
71469,3
31762,0
18458,1
37544,0
67367,0
19335,2
74282,0
42592,0
23149,0
93053,3
57894,0
61510,0
57609,0
78475,0
62085,2
33874,0
90876,0
55564,0
10610,2
962,2
56668,3
14040,0
71518,0
20489,0
77438,0
47641,0
59965,0
70347,3
95556,2
78426,0
12878,3
32714,0
97804,0
82013,1
18221,0
75147,0
360,2
84187,3
3849,0
81596,3
10255,0
18372,3
8987,0
11891,0
81960,0
43652,0
54005,0
68601,3
82188,0
89030,0
91999,2
42408,2
8046,0
9820,0
43542,0
13565,0
89092,0
82128,3
7343,0
53844,2
33426,0
77053,2
79780,0
96909,1
38258,2
41147,0
83666,0
17357,0
78360,3
41267,2
54416,2
41114,1
77213,3
84430,0
32676,3
82628,0
70008,0
83439,0
31420,0
80679,0
77164,0
66485,0
94285,0
94020,0
59582,0
46102,0
45845,2
77370,0
48176,0
87831,0
35521,0
72628,0
86891,0
49277,0
47031,1
88146,0
125,0
52171,0
69003,2
70498,0
56125,0
50877,3
43761,0
99610,2
84897,3
32711,0
25394,0
50242,0
23751,0
47230,2
41788,3
75597,0
79833,3
25861,3
51293,2
2694,2
59990,0
96095,0
46892,3
31238,2
81597,0
27792,0
21166,2
89791,0
66335,2
54514,0
13334,3
41840,0
9283,1
83605,0
36828,0
19011,0
96772,0
96742,3
66238,0
61648,0
81406,0
1263,0
15977,2
28788,0
63130,2
89779,0
11202,0
12877,3
57697,0
2384,1
95784,0
45278,3
47917,0
64219,0
78786,0
98261,0
71140,3
97713,0
30232,2
27777,2
17430,0
67737,0
12748,0
98480,0
82343,0
71473,0
66711,0
45228,0
71810,0
95894,0
84705,0
61286,0
15057,0
41626,3
65132,0
40193,3
56679,0
41148,0
9899,3
93287,3
61432,3
51114,0
92883,0
67789,3
97807,3
45637,0
51305,0
96463,0
81014,0
9972,0
28610,1
62600,3
89267,3
22428,2
13143,0
84889,0
46566,0
97629,3
75893,3
24338,0
3729,0
7156,2
80902,2
78054,3
1213,0
90313,0
74676,0
36894,0
81077,0
70832,0
71558,0
17230,3
76615,0
64391,0
5045,1
1707,3
7359,0
70324,2
17627,0
25949,0
5426,0
43462,0
59260,0
29554,0
48621,2
82599,0
9815,2
7834,0
99763,0
91875,0
6821,0
29648,0
15182,0
41551,0
82385,0
38356,0
26653,0
66622,0
78959,0
57389,0
41697,0
36332,3
94983,0
45441,0
9590,0
8491,0
55286,0
30277,0
33709,0
42601,0
31292,0
98621,0
20992,3
97659,1
10380,2
96891,0
45099,3
2806,0
87516,3
75802,0
67232,0
35825,3
44989,0
19379,0
53486,0
70074,0
45337,0
63786,3
88418,0
49134,0
45072,0
55737,0
89483,0
74428,0
17763,3
64643,1
34309,0
50654,2
89145,2
87116,0
82351,3
33824,0
83727,0
74832,0
68145,3
37001,0
57106,3
77330,0
74583,0
16540,0
62421,3
35601,0
16685,0
61355,3
43995,3
71955,3
89873,2
16011,0
56281,0
8855,0
22523,0
34099,3
52742,2
56904,0
751,3
42150,2
45458,3
21779,3
74784,0
95453,3
47322,0
3893,0
64767,0
49722,3
58000,3
12867,0
92718,0
80633,0
35592,0
90320,0
10071,0
62296,2
53639,0
27420,0
21830,0
33126,3
32073,0
92349,0
89216,0
69679,0
52207,3
11928,0
75124,3
94889,0
32026,3
63636,3
31338,0
97475,3
86479,0
87242,3
97070,0
28412,2
69341,0
74022,0
25723,3
50882,3
14803,0
56799,3
58471,1
95303,0
87850,0
27878,0
14194,1
70531,0
24103,0
87508,0
16113,3
30633,3
18630,0
24684,3
6593,0
44945,0
76456,0
53559,0
92452,0
25036,0
77951,3
3476,0
92402,3
76065,0
67209,0
38714,0
66721,2
6414,0
70577,3
48025,0
24789,3
57734,0
71530,3
79111,0
80766,0
90666,0
79161,2
72756,2
99828,2
44664,0
69939,0
33483,0
47991,0
75824,2
56340,0
75836,2
54623,0
56539,0
28952,0
40420,0
75843,0
68326,1
34363,3
81444,0
38010,0
95408,3
65708,3
82092,0
99637,1
68859,0
94912,0
22188,0
54000,3
8062,0
68317,0
10253,0
6262,0
89616,0
86462,0
14590,3
74620,0
65830,3
13277,0
48111,0
58816,0
54201,0
30425,0
77159,2
92152,0
71812,0
84207,0
9089,3
1285,0
41955,2
5224,3
40454,0
54990,0
10556,3
22453,0
63457,0
85293,2
66491,0
40508,0
28081,0
99334,0
5674,0
75705,3
72599,3
76875,0
7149,3
13803,0
22167,0
12941,0
64,0
46683,0
11548,3
42760,0
69417,3
84323,3
94554,0
1180,0
42392,3
52612,0
42215,2
33418,0
17640,3
86976,1
43308,0
34738,0
28826,1
48680,0
87296,0
67313,0
6846,2
20640,2
35832,0
13392,2
37191,0
27699,0
94798,0
64398,0
68948,3
71101,3
49053,0
87211,1
54594,0
25134,2
66856,2
39232,0
3641,0
62506,0
54410,0
3963,0
47822,0
74391,2
82061,0
24545,2
7135,0
66908,0
9711,0
97310,0
77176,3
80076,0
58984,2
62178,3
83427,0
67190,2
64011,0
30523,0
53342,3
58152,0
4838,0
25558,0
65966,3
8013,3
47813,0
94400,2
42501,0
60652,3
43838,0
67505,1
59102,0
84971,0
66534,3
46005,3
78547,0
82209,0
55120,2
33628,0
11953,1
89359,0
66143,0
67031,0
57596,0
90790,0
37707,1
25085,0
5647,0
20073,0
36416,0
70673,0
90894,0
87452,0
93990,2
98633,0
60641,0
72117,3
26059,0
37264,0
10295,0
83809,0
23614,1
38450,2
97611,0
69931,2
68299,0
95825,0
17581,1
84880,0
56659,0
64840,0
59420,0
30798,0
58989,0
90595,0
3609,0
35107,0
43827,3
30997,0
97613,0
59362,0
89376,0
85305,0
47158,0
44987,0
40221,2
2518,0
94563,2
38022,2
74095,2
29415,0
99432,0
37019,0
57612,0
16509,0
54455,0
64422,0
18301,2
67139,3
3215,0
15339,3
85811,0
36106,0
63808,3
13480,0
82638,0
62736,0
28186,0
18864,0
46055,3
70238,0
20538,0
30101,2
56897,0
2149,3
44779,0
77837,1
48203,2
20224,2
16305,0
69751,0
54926,3
79213,2
28574,0
82857,3
67078,0
40711,0
61397,0
34584,0
11723,2
30299,3
80490,0
71421,0
57155,3
32240,0
18001,0
58425,3
35709,0
50068,0
68846,0
90978,2
76667,0
1366,2
41321,0
42650,0
43694,0
54093,0
89547,1
53063,0
88691,3
54213,0
49561,0
25463,1
58337,3
73992,0
43892,0
27705,2
52188,1
44806,0
61659,0
17971,0
17879,0
36006,2
53383,2
72179,0
28735,3
54315,0
87901,0
56855,0
20181,0
244,0
92997,2
41112,0
23944,0
77416,0
12800,3
36037,0
29888,0
12064,3
6431,2
91589,0
26309,3
92599,3
97525,2
87764,0
84196,0
87050,0
27167,3
96459,2
61810,0
15988,0
36327,0
28998,3
96626,2
93510,0
87702,3
71464,0
98424,0
84409,2
95912,0
58992,0
72842,0
62146,3
56224,0
36085,3
61708,0
40518,3
33070,0
43206,0
32763,0
57986,0
57593,0
33653,3
88497,2
43085,0
32339,2
89076,0
44184,2
69473,3
96003,0
79704,0
21987,0
22269,1
53742,3
34434,0
20414,3
53455,3
96610,0
84514,3
93031,3
69411,3
68243,0
22482,0
34034,0
37300,3
47094,0
59816,0
26251,0
74408,0
62023,3
24904,0
48247,3
96070,3
74483,3
69796,0
95757,0
99459,0
44467,0
33785,2
90335,0
82261,3
73852,0
64249,0
74390,1
7568,0
26443,0
98442,3
77498,0
54040,2
14727,0
45386,0
8272,0
79519,0
3969,0
58977,1
8321,0
61384,0
19830,3
3245,0
6612,1
63951,0
35141,0
49407,0
77594,0
7831,0
45146,0
76083,2
47122,0
77851,1
98311,2
51688,0
10297,3
90984,0
27084,0
9783,0
13471,3
15925,0
34699,0
68934,3
55614,3
13827,2
37028,0
5367,0
86508,0
67878,0
54113,0
87059,0
62162,0
21819,0
3464,0
91763,2
1444,0
97254,1
24775,1
94942,2
77536,0
36057,3
40475,3
67865,3
60588,1
30367,2
64922,0
95768,3
8035,3
42846,0
22586,0
3473,0
70115,0
38135,2
23547,0
29486,3
30535,2
44774,0
18768,0
25554,0
4558,3
46637,0
21259,0
48549,0
44961,1
69095,0
15071,3
1608,3
73617,0
4251,0
68309,0
43105,0
55858,0
40701,0
58766,3
40003,0
52779,0
96495,0
30695,3
91291,0
40116,0
8119,0
89613,0
55754,0
43188,0
12266,0
51485,1
8051,2
14325,0
16570,0
92952,0
3496,0
98045,1
83763,3
40479,2
47,2
27280,0
23018,0
77415,3
28433,3
15507,0
84248,2
3905,0
20703,0
63449,0
86905,1
74291,0
5884,0
754,3
81593,2
38404,3
61037,0
77263,0
38420,3
75719,0
44047,0
62498,0
80148,0
79057,0
88202,3
10788,3
68659,0
63437,0
62307,0
92437,2
97535,0
63076,0
26696,2
73543,0
9055,0
15438,0
62680,3
15147,0
16836,0
53042,0
45608,0
98791,0
22881,0
65190,2
28973,0
82855,0
79478,0
47083,2
39931,0
5423,2
83714,3
54394,0
93250,3
32826,0
16543,0
72946,2
20559,2
9186,0
28430,2
33600,0
12816,2
34649,2
59443,0
32436,2
23997,0
58733,1
83237,0
28292,0
86489,0
79917,0
38028,0
99209,0
6147,0
76822,3
64538,0
3727,0
98083,0
28929,3
66649,0
24394,0
46466,0
10176,0
1456,0
71255,2
42627,0
71116,0
97436,0
14065,2
83338,2
72139,0
48278,0
11065,0
60736,0
46250,2
31384,0
56104,0
71744,0
26668,0
69155,2
83086,0
81659,2
49679,0
83827,0
97008,0
69287,0
35024,0
20666,0
3117,2
4295,3
91173,2
37602,0
2205,0
59435,2
74757,0
60442,0
1492,0
45128,3
32909,0
58761,0
34953,3
82539,0
24517,2
22809,3
67497,0
55123,0
73748,2
99871,0
30492,0
74165,0
30749,0
85113,0
45192,0
43179,0
87908,0
92906,0
78271,0
85978,2
93936,0
41416,0
57489,1
1250,0
87647,3
58614,2
46143,0
30209,3
43012,0
22622,0
4921,3
63996,3
2146,0
96486,0
82903,0
79262,2
98488,0
27957,0
52707,0
58964,0
79261,1
84729,1
13948,2
28461,0
17080,1
41548,0
4781,3
80480,0
14405,0
38033,2
64705,0
59250,3
76155,2
14143,0
26390,0
87477,0
62433,0
65735,3
420,0
57317,0
32217,0
18242,0
34535,0
98577,0
27587,0
25894,0
1712,0
25129,3
27441,2
51017,2
76177,0
72826,3
79787,3
74848,0
25361,0
17941,2
18254,0
22998,0
17494,0
58973,3
83925,3
94564,2
56757,2
89137,0
99,0
75543,3
27708,0
99401,1
98870,0
43328,0
16431,0
98316,0
7650,0
86192,3
90483,0
39910,0
88844,2
12279,2
88070,0
59173,0
98656,0
90583,0
38357,1
21835,0
63385,3
16515,0
34891,0
54260,3
27947,3
45297,1
97409,0
41529,3
44665,1
63509,0
93275,3
32754,2
68905,0
53942,0
84039,0
91410,0
25016,0
27109,0
44114,2
10351,0
85301,3
52455,0
7553,0
93457,0
48438,0
86488,0
85853,2
73472,3
36622,0
73942,0
44649,0
46317,0
61762,0
14919,0
94604,3
96718,3
49862,0
66108,0
96609,3
74196,0
848,0
4695,0
65983,0
78987,0
58415,0
18939,2
13059,2
99476,0
51105,1
91760,0
33301,0
99557,3
14110,2
26024,2
99089,0
36596,0
47690,3
89246,0
99648,0
67493,3
3797,3
93417,0
58747,0
70899,2
43259,2
52170,0
17132,0
87650,0
46398,3
20558,0
981,0
88840,3
37547,0
60488,0
55573,0
80838,0
52700,2
43655,0
38948,3
23133,0
11695,0
4286,0
4225,0
79278,3
42781,3
76174,1
85438,0
31948,0
95469,0
69227,2
96747,0
18619,0
57919,3
14149,0
65513,0
94894,0
15955,3
82707,0
59332,2
26150,0
97725,0
94113,0
50208,0
46010,0
36326,0
31943,2
37810,1
4516,0
54153,0
49334,0
87815,3
33171,0
81769,3
57363,2
16471,0
98101,0
71489,2
58282,0
49164,0
10577,0
19844,0
36735,0
76076,0
11677,3
29229,2
22129,0
50574,0
93360,0
68068,3
4646,3
5033,0
73442,3
75782,0
89566,0
29041,0
27672,2
74352,0
72040,3
51448,2
14615,3
62691,2
64021,2
65970,2
11023,0
28953,3
35417,0
60106,2
44396,2
70266,0
84173,0
61112,0
79829,0
80704,0
7028,2
55405,1
31328,2
48395,2
61576,2
24080,3
8661,0
11046,0
76783,2
31521,3
71098,0
2187,0
86443,3
63111,3
24251,0
17323,0
5480,3
41080,0
16521,0
13693,0
77642,0
51384,0
50713,0
49389,3
85002,0
75018,3
69845,0
50119,0
56115,3
86050,3
69769,3
99430,0
55341,2
2015,0
84309,2
66313,0
62573,3
12533,0
94453,0
32333,0
2802,2
32810,0
28221,0
39100,0
89977,3
21092,0
93901,3
43421,0
21418,0
1078,0
20252,2
92193,3
30524,0
68188,3
99699,0
95906,3
92480,0
56863,0
73078,0
39053,0
69842,0
61878,3
18152,0
17659,0
27193,3
10969,0
92960,0
75651,0
30030,0
5107,2
47762,0
64861,0
74331,0
43642,3
2529,3
47107,3
51704,0
70578,2
69232,2
10968,0
81849,0
25474,3
52799,0
57776,0
55730,0
93392,0
41689,0
64742,2
53587,0
79181,0
35901,1
58980,3
42649,2
92262,0
65275,0
18322,1
10204,0
18698,3
18171,0
19140,2
69204,0
29042,0
57958,0
22667,0
14522,1
11393,0
70897,1
81495,3
41547,0
80252,0
74968,0
1272,0
91974,0
5015,0
71525,0
55112,0
80260,0
80396,3
98116,0
88652,0
12392,0
67101,0
19557,1
48996,0
1390,2
95313,0
23331,0
51819,0
96189,3
2572,0
14016,0
74311,3
62774,0
72214,0
73283,0
9758,0
53147,0
31792,0
53380,0
34767,3
7207,2
27080,0
54616,0
49090,2
44701,2
19272,0
30007,0
98940,0
47298,0
86744,0
24350,0
70930,0
37329,0
43125,0
86214,0
13818,0
99324,0
71198,0
46349,3
14929,3
52309,0
8222,0
80056,0
24907,0
90584,0
81174,0
75663,0
44200,0
87637,0
37147,2
7761,0
58786,0
25386,0
38069,3
77809,0
21503,2
37284,0
62638,0
27823,0
49612,3
4536,0
52646,0
39231,3
98460,0
5034,0
96052,0
67089,0
85215,3
55926,0
69924,0
90537,0
22501,3
25560,3
24512,1
90489,2
37081,3
31450,0
32032,0
47578,3
14636,0
47587,0
29677,0
47992,3
87920,0
43814,0
40949,3
29322,2
42058,0
85440,0
69185,0
76486,2
38064,3
87954,3
726,3
5490,0
43017,2
61169,0
18524,0
57180,3
99668,3
94521,3
48749,0
87584,0
67847,1
34540,0
36541,3
8376,0
86985,1
92057,0
17404,0
66499,2
69987,0
28036,0
91268,0
78357,0
92243,3
32123,0
18441,0
44860,3
1721,3
70986,0
67107,0
27542,0
14863,2
94878,3
89587,0
96620,0
89581,3
83281,3
90844,2
56336,0
76167,1
94516,0
84827,0
37960,0
9839,0
89220,0
84901,0
97345,0
16674,0
1931,0
41809,0
81994,0
49651,1
2470,0
9920,0
23819,0
36730,0
10038,0
99428,3
68824,2
34288,0
19965,3
46355,0
20162,3
99824,0
85078,0
46006,0
74898,0
34583,0
2867,0
9428,0
90278,0
80785,1
13793,0
57829,0
91152,0
89596,3
3461,1
95962,0
10013,3
95347,3
45716,3
32952,0
54175,0
59730,0
15896,0
70738,3
19758,3
13872,0
76951,0
27737,3
80213,2
83608,2
55317,0
71725,0
85032,0
91514,1
6706,3
11345,3
13049,0
57674,2
98111,3
1890,0
75286,0
98756,0
35581,2
71479,1
4913,0
22000,0
81407,1
23576,0
10832,0
80995,3
97038,0
27361,2
74152,0
8906,1
25043,0
24314,0
78640,3
87265,2
49919,3
96554,3
14939,3
2038,3
44186,0
27701,0
27783,0
79180,0
63966,0
10519,0
66872,0
26568,2
63526,0
6132,0
62578,0
49665,2
66359,0
37605,2
91345,3
46150,1
55146,3
41159,3
41790,3
27053,0
16510,0
62733,1
10393,2
28231,0
38691,0
10400,0
3373,3
65273,0
81227,2
36807,2
77753,0
36157,2
52352,0
35048,0
87941,2
28439,0
59326,0
41510,3
56568,2
59760,0
42785,0
89185,0
87291,0
81191,0
68677,0
53980,0
45054,0
32891,0
95104,0
78994,0
15181,0
81477,0
89310,3
83826,0
35042,0
36120,0
71756,0
91348,0
35980,0
2467,3
97337,0
68098,0
32868,0
30706,2
97264,0
2988,0
95585,3
16763,0
26462,0
32100,2
23569,0
57378,2
76350,0
12605,0
15374,0
57336,0
90404,2
68525,2
92946,0
98714,0
98911,3
87564,0
60510,0
77284,2
16263,0
95051,0
93592,2
83221,0
84013,0
46929,0
22166,0
8740,0
58101,0
61744,0
47172,0
49580,2
26357,0
81827,0
63956,0
49792,2
48747,0
75320,3
86549,3
36906,0
86758,2
83033,0
14874,0
54681,0
47543,0
84699,3
44831,2
58805,0
95660,3
59149,2
162,0
43459,0
30852,0
32314,0
38332,0
95491,1
33784,0
24578,0
47070,1
59072,0
42469,0
14092,0
66351,0
52816,0
92107,0
58917,1
79549,3
15627,3
40417,0
67514,0
94016,3
19576,0
50465,0
26244,3
63118,0
11053,0
62767,0
49190,0
31167,0
25344,0
70410,3
13467,0
25952,0
40525,0
65802,0
70645,2
699,0
26947,3
76190,0
55275,0
2036,2
55309,0
9482,0
53941,0
67635,3
36286,3
45571,0
44414,0
52599,2
13781,2
2548,2
19230,3
84970,0
47053,0
55001,0
63393,0
27192,0
21853,0
23924,0
41209,2
64394,0
13525,0
79740,2
82123,2
19381,0
3188,0
41590,0
38245,0
94254,0
95174,0
11296,0
25131,0
15140,0
59446,3
91490,3
65316,2
3248,0
34594,1
88473,0
82198,2
78709,3
59267,0
67444,2
34456,2
22006,3
29866,0
51910,2
52840,0
9401,3
51581,3
33075,0
26905,2
58513,0
39654,2
345,3
27905,0
70746,0
35170,3
7384,0
32915,0
12364,0
10665,0
33787,0
95151,0
32588,2
20743,0
85816,0
12913,0
35899,0
44551,0
11673,0
21021,3
2852,0
34389,2
67522,0
94781,0
12295,2
31777,1
75542,0
18092,3
73985,0
25851,2
72860,0
83498,1
64599,0
32329,0
60679,2
67250,0
71696,2
87933,0
32429,0
57552,0
55136,0
66072,0
35071,0
13339,0
7997,1
39732,3
22962,2
20101,0
22555,0
32712,0
30727,0
40532,0
31152,0
81983,0
19086,2
68259,0
72388,0
29064,0
33283,0
2427,0
60387,0
52362,3
73200,2
95276,2
42525,2
177,0
68857,1
25248,3
23963,0
22386,0
76706,2
90466,3
25370,0
86399,2
72192,0
99566,0
39600,0
4550,0
87347,2
9943,3
45240,0
90109,2
5918,2
61628,1
45436,3
54349,0
87883,1
42766,3
32451,0
73563,0
73745,2
34364,0
45319,0
26161,0
74953,2
62015,0
18497,0
92197,0
11803,0
77175,0
54583,0
85731,1
47385,0
54937,0
13737,1
34423,0
99022,0
52356,0
5562,0
63884,0
45174,1
62283,2
45343,1
54369,0
55403,0
96327,0
43978,0
17113,0
10822,0
24950,0
71389,3
74988,2
11720,0
61806,0
70140,0
49640,0
48456,0
99399,3
62494,2
4172,0
69440,2
4081,0
97910,0
82909,3
25572,0
34489,2
86563,0
91798,0
46696,0
80787,0
12893,2
69568,2
59241,3
57267,0
64044,0
13545,1
84143,0
99653,0
35991,2
36305,0
9329,2
62620,3
64567,0
62456,2
98692,0
42323,0
21950,0
93068,0
87506,1
78925,0
78315,0
64831,3
84613,2
41745,3
90057,0
38999,0
66372,0
36882,0
98496,0
54444,0
78437,3
39066,0
95893,2
31650,0
36946,0
78145,2
77435,0
60999,0
70900,0
96050,0
21665,0
35652,0
24147,3
84823,3
66025,2
61280,0
22593,0
81766,0
58146,0
45565,0
8531,1
45063,1
69997,0
76243,0
64850,3
21271,3
91408,2
45974,0
89624,0
17364,2
77985,3
38700,0
66040,0
73602,2
79747,0
56279,0
57483,0
33735,0
58237,2
12613,0
50826,0
42237,3
33916,3
84314,0
29218,0
49940,3
76644,3
13670,0
81217,2
24524,2
12536,0
99904,0
2667,0
17751,0
80320,0
45135,0
23461,0
54744,0
4325,0
31254,3
15531,0
86224,3
4163,0
73972,3
34403,3
86400,0
20922,0
80542,0
78653,0
34893,2
44350,0
4870,2
20878,0
29436,0
91398,1
60585,3
79622,0
56342,0
64772,1
29847,2
80360,2
35115,0
43021,0
65759,2
85098,2
97076,0
46740,2
16888,0
37939,0
53166,2
28719,3
26998,0
54235,3
31334,3
64228,0
78270,0
42009,0
95415,2
93158,0
23507,0
15075,0
20020,0
24842,3
29167,0
79023,2
25822,2
89509,0
74315,3
52095,0
52990,1
44150,0
40299,0
89852,3
29376,0
61911,1
18010,0
45650,0
30140,0
21492,0
80093,2
34047,0
96880,3
13161,3
24900,0
84050,0
51432,0
66366,0
1063,1
60314,0
25267,0
23735,0
85213,0
64660,0
99625,0
69764,0
67229,0
87807,0
6390,0
79839,0
40134,1
6755,0
83024,0
81786,0
1501,3
69515,0
13751,0
96699,0
46613,3
40247,3
68514,2
55125,0
43724,0
48240,0
23290,0
91959,3
28141,0
81064,0
2829,0
37135,3
72461,0
77336,1
39412,2
49706,0
52512,0
17556,3
74775,0
76125,2
19755,0
27853,0
35241,2
55413,3
92986,0
6624,0
49019,0
65640,0
49177,0
78491,0
43932,2
98769,0
7603,2
45746,0
31065,2
43431,0
66569,0
12963,0
82356,0
54138,0
54391,0
62812,0
44019,0
25271,0
98555,2
42104,0
26872,3
49087,0
10664,0
905,1
97939,0
68552,0
86056,2
82635,0
5900,1
27607,0
36026,0
9081,0
51462,2
75746,0
96823,0
39993,3
65076,3
61749,0
20459,0
49700,0
99864,3
69406,0
91745,0
10325,0
24141,0
46699,0
47423,0
49965,2
88414,0
40901,0
34868,0
21662,0
81147,0
87164,3
1532,2
69059,0
66202,2
2584,3
51406,1
64212,3
28252,0
22268,0
39541,0
52589,0
50991,3
45272,0
72242,0
52619,3
88393,0
79134,0
13626,0
44079,0
3309,0
14785,0
98581,0
89383,0
95867,3
18430,0
69228,0
67809,3
26521,3
75191,0
99161,0
76412,2
87866,2
94524,0
15771,0
85020,0
51689,0
46119,0
4364,2
25048,3
30435,0
78525,0
11802,0
83011,0
26336,3
54899,0
70226,0
37239,0
57480,0
55833,0
27606,2
85175,2
44273,3
53611,3
10698,0
32972,2
75960,0
27039,0
12085,0
10915,2
14804,2
64379,3
2508,3
79260,0
81760,3
52720,3
62572,2
73178,0
57258,0
95890,2
68220,3
53619,1
72136,3
59660,2
90710,0
60653,0
39815,0
7982,0
60701,0
46769,2
94731,0
68468,0
27150,3
7937,0
40181,3
81901,0
18399,3
9124,0
52338,0
5058,1
30143,0
61082,0
30989,2
24550,0
45465,3
65894,3
11042,0
82890,0
22818,3
91102,0
10027,2
44129,0
31070,0
80891,3
85046,0
9585,0
86614,3
115,0
17517,2
52792,0
26857,0
69915,0
25121,0
35724,2
60498,0
13434,0
93761,0
72100,0
6360,0
71027,0
86395,0
62098,3
26890,2
3469,0
1274,0
23081,0
91710,1
85304,0
97690,0
23804,3
80065,3
40545,2
24235,3
88753,0
55831,3
47473,3
69867,0
34046,3
20344,2
28056,0
88281,0
34112,1
74138,0
32632,0
16669,0
57073,0
33116,0
56758,0
85534,0
98629,3
17104,3
75892,0
18815,3
71177,0
89365,0
57544,0
11980,3
17896,0
14596,0
21980,0
33117,0
53228,0
58258,1
62769,2
84600,0
56433,0
66979,0
92128,0
80174,0
62699,2
40380,0
89663,0
78551,0
66106,3
41072,0
51443,3
86261,0
81664,1
59659,3
42480,3
15049,0
10216,2
37095,3
6192,2
59759,0
97469,0
74573,1
97263,3
68811,0
8319,3
63772,2
77037,0
61029,3
17698,0
9133,2
55449,2
78055,3
17959,0
57040,0
8786,0
32426,0
74353,0
61498,2
66869,0
76289,0
21306,0
70648,0
18707,0
25317,3
13114,2
35343,0
4237,0
35576,0
19767,0
90476,0
43113,3
30304,2
49149,0
64913,2
67658,0
44655,2
91320,1
61374,0
32981,3
15703,0
47176,0
52719,0
46636,0
51417,0
14732,0
96661,0
85290,0
24418,3
43150,0
57844,0
50585,0
70926,0
24613,0
43514,0
96730,0
4509,0
83715,0
58293,0
29646,3
75943,2
8133,2
59512,0
16478,0
33141,0
11334,0
77085,0
47028,2
56560,0
74062,1
78950,3
94007,2
55038,3
11513,0
88085,2
13496,2
31746,0
19766,0
44552,0
18471,0
28464,3
7461,1
61987,0
40844,2
68506,3
11178,3
20111,0
24928,0
57415,0
2324,0
62269,3
72836,0
22050,0
11892,0
61653,3
5605,0
47662,1
1470,0
54863,0
59106,0
79662,3
51213,0
5777,2
80328,3
31088,0
20790,0
27168,0
2502,3
89686,0
23235,0
99441,2
47648,0
68683,0
37851,0
73629,2
72994,0
34349,0
23163,0
54452,0
64553,3
87716,3
38467,0
69213,3
83870,3
38286,0
33346,3
5162,0
34569,3
79147,0
32767,0
61129,0
38870,3
29490,2
57192,3
60809,0
67238,3
65706,0
91042,0
65432,2
42118,0
68641,0
45971,2
4524,2
62194,0
38609,0
62030,2
30640,0
54003,2
4632,0
12406,0
74794,0
53266,2
15518,0
24097,0
87846,3
40956,0
81319,3
16387,0
89773,0
45339,0
99972,0
9080,0
56307,2
7485,2
35407,0
73161,2
72046,0
52845,0
59285,0
69816,0
68380,0
48217,2
18738,3
55201,3
10933,0
81300,1
84566,0
89657,0
4429,0
7682,0
10416,0
54919,0
42324,0
43640,2
35865,0
80129,0
71242,0
28738,0
80675,3
18490,0
40491,0
56644,0
75966,0
47814,0
72454,0
71816,0
95694,0
27412,0
96947,3
11856,0
12314,2
48764,1
58970,0
43773,0
33809,0
52516,0
99561,0
458,0
13027,2
92000,1
48186,2
22785,3
60575,3
47435,0
23539,0
80039,3
5440,2
62425,0
31905,0
58693,0
12713,0
94496,3
24973,2
35946,3
35510,0
30879,0
95438,0
53750,0
12009,3
35318,0
1266,0
44732,0
75544,0
75679,0
7049,0
92327,0
47468,0
36166,2
15213,3
48589,0
70137,0
85178,0
56772,3
33693,0
73217,3
33500,0
23183,0
69118,2
2670,0
94494,2
62220,3
29062,3
60599,0
86392,0
84035,0
86961,2
19232,3
23308,0
78973,0
79891,0
56190,0
60265,0
12564,3
44820,2
51395,0
23282,3
26533,3
75402,0
48564,2
86282,3
12409,0
71133,3
37137,0
13061,2
49764,0
34598,3
43358,0
67252,0
66811,0
9912,0
86667,2
19071,0
64274,0
24472,0
31653,0
84191,0
1698,0
85042,0
8997,0
9263,2
6944,0
28693,0
44394,0
98720,0
51676,0
97438,0
52757,0
38370,0
36191,0
42418,0
72625,3
66400,3
91475,0
79708,0
55535,3
34060,0
15169,0
67725,3
17662,0
67828,0
36296,0
62467,0
71580,0
35180,0
16303,2
79722,0
69094,0
31907,0
6598,0
49643,3
27273,2
71293,0
68807,0
59945,0
15747,0
89835,3
10455,2
26649,2
90002,0
12197,2
49705,3
13677,1
61624,0
50463,2
2431,0
87445,3
73303,3
5393,0
56495,0
3498,3
70394,0
8129,0
2268,3
61313,0
62441,2
24307,0
8778,0
4457,3
28646,0
23221,3
18557,0
5372,0
27097,3
52270,0
17026,0
66314,0
3765,0
11138,2
40708,0
77794,0
53583,0
34455,0
19639,0
20787,0
46315,0
72055,0
13667,0
48702,0
92339,0
25759,0
1466,0
58115,0
65895,0
4192,1
6383,3
58180,0
87876,3
16057,3
6193,2
25409,0
92669,2
41759,0
58150,0
33487,0
28758,3
90608,0
48462,3
86310,0
97721,3
91344,0
56710,0
78246,0
17018,1
64610,0
14303,0
24358,3
6857,0
59303,0
15487,0
95800,0
46134,0
99577,3
78687,0
29959,0
2504,0
92027,0
66780,0
88519,0
59194,0
3405,3
28916,0
76016,3
9840,0
39225,0
97128,0
61545,0
79259,0
12310,1
81073,0
15413,3
93282,0
60054,1
92271,0
30388,0
59127,3
47834,0
20977,0
74011,2
46755,2
53779,0
92370,0
58746,1
65648,0
54224,0
10072,0
18682,0
38072,0
74401,0
54634,0
5998,2
11693,3
23151,3
78014,0
62184,0
35440,0
13119,2
24782,1
35913,0
27551,3
55428,2
20815,3
658,0
28336,0
28602,0
11122,3
15484,0
18347,0
74996,3
15670,2
79281,0
47504,3
88903,2
27667,0
48477,2
21135,0
68496,0
70404,0
61535,3
50255,3
1113,3
24072,0
86052,0
17442,2
88513,1
87168,2
89639,0
52389,0
61323,0
33686,0
16562,0
64928,0
75427,2
37157,2
29896,3
95071,3
93477,0
58537,0
26325,1
73519,0
80857,0
78587,0
35357,0
29610,0
23223,2
98976,0
35770,0
34917,0
69695,2
50678,0
51843,0
48341,3
24937,3
51302,3
13310,3
78078,0
95414,0
24620,0
64132,0
61588,0
1919,0
707,0
42515,0
9743,2
67369,2
11068,0
17226,3
87468,0
67494,1
31940,0
14011,0
22695,0
78256,2
90089,3
21171,0
25054,3
96750,0
64694,0
46567,0
40728,0
70553,3
11959,0
36163,1
14518,2
31860,0
92044,0
59189,0
79974,3
17714,1
79881,0
16248,0
89970,0
85345,0
23662,0
91053,0
96821,0
48159,0
70094,0
14044,0
25716,0
50773,0
39390,0
38765,1
90511,0
22292,0
33000,0
11942,0
88807,0
47148,2
20142,2
77376,2
68884,0
23739,0
76305,3
94185,0
63961,0
32881,3
21473,2
98962,3
59569,2
46615,0
29408,0
74045,1
47003,0
45543,2
66988,3
58947,0
39794,0
83158,0
57839,0
49148,0
92861,0
89258,1
49110,0
67116,0
46549,3
28807,0
56078,0
90682,1
18838,0
69372,0
26831,2
58025,0
63172,0
10982,1
93792,2
9325,3
71757,2
13491,0
9819,0
82101,3
32127,1
75899,0
70961,0
81110,0
17847,0
15118,0
17397,0
68147,0
30426,0
2471,3
75957,0
66784,0
76282,0
47570,0
33856,0
33825,3
84526,3
95319,0
61126,0
59971,1
70679,2
51062,0
31671,0
94880,0
39282,3
67870,2
65408,0
35914,3
73388,0
85331,3
27075,3
28009,0
65148,0
10347,0
40059,0
73921,3
11228,0
61041,2
3617,0
53566,3
71220,0
15533,2
92916,2
610,0
76330,3
8539,3
59767,0
2454,0
14666,0
11539,0
23373,2
33357,0
28131,1
83102,0
51558,0
10702,0
8371,3
38997,0
81516,0
48264,0
34687,0
93207,0
93929,0
69030,3
17972,0
2439,0
3376,0
65476,2
87949,0
23229,2
51177,2
71008,0
30109,0
71544,0
16474,0
26263,0
46686,2
12007,0
68455,0
63606,0
86483,0
49054,0
83347,0
96435,0
17773,0
20065,0
54103,2
48594,0
84730,0
30714,0
77006,0
7719,0
57964,0
69957,0
2552,3
4952,0
95470,0
1604,0
89127,2
49111,0
30082,0
75016,3
29435,0
93880,0
32903,2
8502,0
87352,0
42281,0
2930,0
21976,0
98722,0
21081,0
49854,0
33810,3
68754,0
11120,0
56327,0
28733,0
20366,1
7736,2
6897,0
67936,2
51453,0
95570,3
25808,0
12897,3
98837,0
67242,0
17234,0
84736,2
38573,1
59389,0
82204,3
83596,0
69597,3
33348,0
33968,0
63585,3
8704,0
5642,0
7016,1
53739,0
47492,0
71813,2
79741,0
20704,2
130,0
69295,0
28423,0
77792,3
16275,0
47308,0
94347,0
6349,2
79667,0
32592,2
49034,3
44909,1
83483,2
80206,0
30058,0
14537,0
30868,0
46923,0
62701,0
8252,0
19805,3
29343,3
50346,1
47279,2
61395,0
34920,2
59300,0
19544,0
78887,2
81523,0
19165,0
22073,0
94789,0
82407,2
16000,2
62972,0
79583,3
4506,0
56024,0
34692,0
85211,0
3693,0
85225,0
46784,0
70626,0
98252,0
68071,0
72235,0
7788,3
59075,0
43592,0
90269,0
61476,0
54061,3
70693,3
75251,1
78023,3
80369,0
69221,0
84203,2
6909,0
2109,2
72460,0
84742,0
42527,0
70293,0
10348,0
61393,0
52071,0
69416,0
33368,0
49945,0
66322,0
8582,0
95499,0
73480,3
49783,0
86764,0
11308,0
87184,0
11320,0
95708,2
85542,0
32718,0
85847,0
81539,3
77984,0
91366,0
82368,0
38066,0
83766,3
18776,0
62920,0
65385,2
77541,0
65015,0
15521,3
27428,2
79279,2
61305,0
57119,3
34355,0
91078,0
64084,3
3788,3
85325,0
6489,0
66957,0
35666,0
16281,0
73125,0
38186,0
64606,3
42509,2
38886,1
23091,0
77978,0
57538,2
88429,0
55391,0
82022,0
44929,2
23141,2
20794,2
73615,0
7667,1
4647,0
38229,0
12264,0
42013,0
27640,0
15090,0
10568,3
91088,0
40982,2
29275,0
13375,0
7573,0
53398,0
73631,0
24919,0
70126,3
87704,0
4772,3
13859,1
98887,3
7572,0
72351,2
56216,0
15789,0
20221,3
46653,0
48418,0
40333,3
38387,0
98902,0
18302,0
86867,2
62881,0
94217,0
32354,0
57610,3
77312,0
39335,0
32817,0
81113,0
59242,3
95080,0
15894,0
51605,0
46312,2
52196,3
4604,0
128,2
72827,3
15298,0
26647,0
65570,0
51778,0
95557,0
90237,3
35050,0
55064,0
54064,1
8738,3
76347,3
38909,0
63017,3
14327,0
81993,0
64699,0
60247,3
86010,0
46672,1
39870,2
937,2
26101,0
16178,0
95054,0
93986,3
75296,2
52176,2
20754,0
82077,0
35139,0
61646,3
13042,0
95325,0
40506,0
20932,0
36629,3
40819,0
95796,0
834,2
57827,0
75944,2
48383,3
18185,2
14426,3
60045,3
86446,2
76745,0
77947,0
53099,0
42594,0
21042,0
35674,0
34185,3
91423,3
66583,0
17765,3
36227,0
24084,2
64508,0
58322,3
13361,2
56335,3
3082,1
90214,2
36998,2
81964,0
50790,0
64260,0
44084,3
1416,0
64604,2
208,0
62395,0
88960,0
21515,2
93828,0
16790,0
36325,3
55162,3
56138,0
98947,0
65241,0
13584,0
11282,3
52833,0
17897,0
85942,0
52594,0
87895,0
36148,0
50696,0
46169,0
17413,3
88026,0
56202,2
93911,0
31308,0
99839,1
89818,0
78776,0
36919,0
90672,2
58712,0
50893,0
71196,2
53826,0
98089,0
37565,0
81437,0
48894,0
79420,2
19029,0
41678,2
28233,0
24536,0
57424,0
52633,0
71660,0
45754,2
95298,0
55098,3
92474,0
26997,0
13674,0
77008,0
52908,1
29214,0
48427,0
40041,0
52618,2
35794,0
76496,0
32012,0
64783,0
69740,0
78216,2
36070,0
67253,0
9125,3
42586,0
4275,2
75582,0
5005,3
37866,0
51415,3
10413,0
21108,0
75318,0
64703,0
379,0
98909,1
98504,2
32461,2
1421,0
34492,0
88229,0
94618,0
78948,3
529,0
70216,0
42102,0
5074,2
58809,0
68135,2
99801,3
45361,0
48844,0
97429,3
18670,0
52182,2
8308,0
10109,3
74949,2
91194,0
86062,2
57177,3
98783,3
4548,3
22912,3
5723,1
94450,0
51503,0
82563,0
2340,0
26769,0
31327,2
30551,0
42259,3
76361,0
52963,0
33877,0
66423,0
38225,0
74901,3
9289,3
63035,0
94252,0
68320,0
53109,3
54515,0
18424,0
56454,0
16911,3
82549,0
88009,2
29668,2
76215,2
19560,1
45095,0
71930,0
60915,0
18990,3
82301,0
25641,3
24098,3
50507,0
39936,0
82479,0
38837,0
68457,0
7325,3
95091,2
47256,0
9761,0
76413,2
16239,3
36009,0
78130,0
60667,0
49972,0
42526,0
4523,0
7371,1
89370,0
57289,0
56689,0
37240,0
44868,3
91601,3
82138,0
76599,0
31857,2
82213,2
13554,3
39094,0
56729,0
59181,0
69820,0
43350,0
71673,0
80599,0
65265,0
35190,0
18782,0
51053,3
46738,0
66342,3
13906,2
65287,3
11498,0
41404,0
49839,0
21375,0
17267,0
28184,0
82052,0
9436,0
36558,0
32272,0
50944,2
43337,0
86119,0
3612,0
93273,3
78816,0
5238,0
25958,0
47175,0
97856,0
49601,0
7034,2
66282,0
6350,2
68453,0
57312,2
72793,0
49390,0
9102,0
31658,2
82911,0
40127,0
68430,0
63510,0
73331,0
1696,2
90957,3
2040,3
36329,0
17274,0
43841,3
83985,0
43288,0
33271,0
19597,0
42043,0
53438,0
53252,2
37387,1
36595,0
65289,0
65472,2
10408,0
91692,0
67916,0
58099,2
19242,0
52609,0
87599,0
32294,3
17216,0
43200,2
15120,0
84123,0
9357,0
60950,0
40429,0
77283,0
58681,0
31225,0
65863,0
12520,0
4267,0
26149,0
16966,0
7279,3
27139,0
63235,0
91027,0
14541,0
3279,3
92602,3
82904,0
87882,0
65638,0
59585,0
51425,3
85418,0
2874,0
94712,0
48463,2
18937,0
13882,3
48614,0
75502,0
56386,3
57285,2
30396,2
78526,2
44833,0
90299,0
62644,0
77234,2
15970,3
66472,0
22372,0
22733,3
19945,2
65244,2
42223,0
6494,2
89780,0
98566,3
91304,0
85209,0
17766,0
53707,3
73453,3
15993,0
40870,0
1353,0
31464,2
55975,0
56782,2
69153,2
27133,2
3985,0
3553,3
74147,2
29828,0
44284,0
74889,1
28197,0
87644,0
77879,0
28016,0
40194,0
74437,0
17798,0
69494,0
88677,0
43699,0
37647,2
5012,3
99754,2
80734,0
82535,0
46972,0
65778,3
43420,0
89765,3
41221,0
45822,3
23195,0
37070,3
39779,0
7162,0
87789,0
57248,0
96716,3
2960,3
36873,0
20525,3
4440,0
69786,3
64468,0
15903,0
11373,0
68348,0
80535,1
38223,0
36635,0
68107,0
3576,0
29918,3
50259,0
31993,2
39124,1
7707,0
75212,1
11733,2
636,2
79268,0
93823,0
23509,0
17735,3
27773,2
38960,0
79431,2
56456,2
15274,0
99262,0
72270,2
64788,0
37442,0
21009,0
90236,0
19246,0
81063,0
91569,3
2587,0
66294,0
49117,0
90757,0
53242,0
78470,0
97991,2
60756,0
2437,3
60947,0
30507,0
82859,0
56153,2
93893,0
35751,1
71058,0
62040,0
34444,0
97548,0
69862,0
32424,0
75378,2
459,2
5120,3
66328,2
98090,0
92832,1
45357,0
71237,0
36194,2
61610,3
17100,0
86193,0
56705,0
91187,2
37976,0
46691,0
53221,0
35583,0
83953,2
65710,0
77840,2
33048,3
83790,0
21076,0
54381,0
50714,3
40242,0
30377,0
51499,0
38230,0
40904,0
69819,2
10442,0
28695,3
82194,0
13169,0
76993,0
19969,2
20826,0
43969,0
63290,2
90044,0
28700,3
63281,1
99996,2
76758,0
87746,0
45599,3
46984,2
11620,0
59521,0
53446,0
22908,2
83832,2
21248,0
92719,0
34956,0
93608,0
83126,3
15543,0
86211,2
44712,2
57647,2
89687,0
67620,0
47217,3
99809,2
84031,2
49203,0
40909,0
69638,0
53219,0
89748,0
85696,0
90736,3
12468,0
44046,1
34011,0
11515,2
78548,0
62045,0
16430,3
73191,3
87843,1
74838,2
22519,0
92521,0
74456,0
40218,0
36694,2
90967,3
35900,0
38083,0
89593,2
18865,0
10018,3
35117,0
8705,0
36181,0
54554,0
98891,0
88664,3
40187,2
64367,0
6027,3
2450,2
30567,0
91850,0
75097,3
42143,0
88595,0
35497,0
34057,2
86878,0
5125,0
6659,0
87455,0
92972,3
21027,0
56648,2
13224,0
30318,0
97257,2
22995,2
55402,0
74672,3
81632,0
58287,0
14564,0
7093,0
62797,3
55613,0
8828,3
47863,0
99146,0
78217,0
93449,2
537,0
15585,0
32642,0
31136,3
41143,1
77613,0
50358,2
96628,0
25447,0
72705,0
79501,3
51646,0
86364,3
51308,3
98147,0
39849,0
89245,0
39322,3
24505,0
56345,3
35161,0
83986,1
6487,0
86359,3
9007,0
64196,0
66656,2
29838,0
45960,0
46912,3
19644,0
94761,3
11875,0
54500,0
12676,2
90857,3
20027,0
23241,0
39646,3
21012,1
51481,0
15482,0
85358,0
28170,0
86593,0
67378,0
58832,0
43352,3
36825,3
53020,0
40271,2
67138,0
89669,0
18570,3
43010,0
59413,0
81891,0
3454,0
73269,0
32403,0
93856,0
65517,0
99237,0
71834,3
2461,0
72527,0
98121,0
81686,3
1915,0
36248,0
17296,0
39406,2
97050,0
6179,0
42056,0
66183,0
98211,0
75666,3
25578,0
54497,0
6485,0
33479,2
93930,0
9511,0
79219,0
75284,0
84199,2
46402,0
23165,0
44837,0
77267,0
21690,3
48799,0
23489,0
89151,0
47724,0
65820,0
82771,2
99862,0
25343,3
78671,3
65636,0
6856,0
23455,0
53961,0
10385,0
89711,0
88564,0
34129,0
82659,3
51701,0
68535,0
21231,3
34768,0
40195,0
26465,1
53572,1
60052,0
91903,0
26724,2
87036,0
77368,2
81747,2
94120,0
78743,1
94565,3
18515,0
36607,2
36688,0
12332,3
89294,2
93673,3
9198,3
40985,2
32699,0
81592,0
26580,3
12413,0
33123,3
88588,2
78909,2
70993,3
93964,0
76872,3
37843,0
89083,0
87032,0
11960,0
31630,0
61710,0
24069,0
47910,0
17082,3
58359,2
65828,0
39595,0
81411,0
31215,0
3468,3
77844,0
49509,0
52428,2
28297,0
35943,0
32888,0
14503,0
34043,2
62121,0
71736,2
25406,0
57939,2
29627,0
73740,0
12429,0
2302,3
69811,0
31774,0
41166,0
55467,0
92415,2
4815,0
98955,0
62805,0
63576,0
67463,0
17873,0
49103,3
97062,3
5506,2
77010,3
79120,0
10224,0
98764,0
72110,3
77252,0
56424,0
79781,0
33151,0
11738,3
9483,0
9147,0
5548,0
24029,0
36229,3
22581,0
86200,3
53162,3
94991,2
5577,2
52603,0
35100,0
13971,0
67631,0
86780,0
29735,3
85050,0
82666,0
71670,0
12650,0
98477,0
84149,0
72409,2
28857,0
48017,2
91109,0
86085,0
53948,0
85459,0
14349,0
2733,0
23359,2
21873,2
16800,3
24612,0
62832,2
8196,0
99677,0
64719,0
24749,0
70976,0
17990,0
77800,0
64843,0
88284,0
83708,0
74807,3
70563,2
45073,0
27955,0
31574,0
37141,0
55430,0
93538,0
26418,0
87852,0
4984,0
52823,0
40610,0
33786,0
88477,2
77584,2
42893,0
75623,2
35764,0
77483,1
68912,3
21077,0
16647,0
54183,0
31571,0
36239,0
18042,0
91590,0
76935,0
41971,3
57328,0
79354,0
14080,0
49526,0
61663,0
12628,3
28552,2
13155,0
92487,0
92786,0
83693,2
51703,0
70066,3
41392,0
58360,0
73474,0
92827,0
16348,0
70210,0
91686,2
62807,0
93858,2
93865,1
49368,2
23274,0
61197,0
11904,0
67479,0
73230,0
42675,3
56786,0
17803,0
44212,3
39032,3
36824,0
44240,2
30682,0
968,3
11449,0
84606,0
93329,0
94041,0
61319,0
21593,2
37403,0
94117,0
92819,0
82171,1
70159,3
88018,0
10314,0
23008,2
6169,0
8840,0
14783,0
75453,2
86895,3
84820,2
84668,2
62539,0
38045,2
73036,2
92801,2
50615,0
25810,0
71542,0
10367,3
15253,3
88719,3
71428,0
9481,0
31613,0
65716,0
31886,2
10004,0
73696,0
68793,0
6933,0
9201,0
34696,0
20848,0
95997,2
85536,0
74463,1
74298,3
92326,0
79329,2
68689,2
88492,0
51670,0
79195,0
44008,1
41692,3
32258,0
41647,2
59633,0
8782,2
14868,0
79011,3
18323,0
25970,3
89888,3
1807,0
39445,0
29312,0
63538,0
8280,2
20341,0
19579,0
56449,2
65381,3
62623,0
31401,3
39934,2
3030,3
74438,3
91509,3
98114,2
71733,3
40042,0
99032,3
34745,0
87741,2
50101,0
55178,0
13391,0
40068,2
82919,2
71408,0
79508,0
4715,0
59142,3
83669,0
14103,1
13473,3
57373,0
99676,0
82522,0
81494,0
76002,0
15272,0
74868,1
34457,0
34721,3
13521,0
58750,3
63444,0
15961,0
64208,2
34944,0
3081,0
84949,0
15917,3
92061,0
95514,2
26277,0
77847,0
52238,2
2210,0
12062,3
12753,0
63873,2
88536,0
78884,0
66258,2
92551,3
38108,0
10671,0
18786,0
86466,2
52926,1
58829,0
96704,0
74546,3
90828,0
89116,2
67782,0
92711,0
4630,2
63470,2
8760,0
37306,0
38351,0
73796,0
4808,3
30851,0
90485,0
78617,0
75938,0
67291,2
55646,3
90839,0
2398,0
59018,0
76380,0
36897,1
66751,0
88326,0
58525,3
22375,0
17240,0
90543,0
84581,0
57463,0
5544,0
56637,2
73766,2
62895,2
15311,0
18580,0
16163,3
22862,0
6244,0
43038,0
32187,0
10331,2
38473,0
23272,0
74056,0
69633,0
67597,0
10328,0
46595,0
13721,0
21666,0
6580,0
50089,0
28460,0
654,0
25715,0
77861,1
53602,0
22820,0
20636,0
56663,3
33708,3
66353,0
69663,0
98738,3
31935,2
58840,0
54343,0
85791,3
75591,0
21924,2
3603,0
6320,0
23003,0
12767,0
32468,0
92682,3
17395,3
2891,0
75611,0
51321,2
5651,0
10159,0
33200,0
5396,0
70073,0
91572,0
78911,1
57002,3
97536,2
44339,0
71668,0
56223,0
82787,0
27034,0
58262,0
52624,1
38319,0
38270,0
67324,0
93046,0
61881,2
94557,0
21205,2
54012,0
77612,0
46004,3
33582,0
25667,0
52664,0
34045,0
12465,0
8613,0
75045,0
32191,0
47168,3
58296,3
44762,0
8717,3
83539,0
33981,0
33040,0
38402,0
6446,0
59877,0
30447,2
11087,0
51113,2
67743,0
73281,3
74151,0
34427,0
73302,0
2234,2
324,0
2794,2
50518,0
95245,3
42738,3
8468,0
78405,0
42685,3
54792,2
74995,3
98436,3
9472,0
26830,2
25995,3
10344,2
54746,0
60618,0
41746,0
83637,0
36979,2
71223,0
41352,0
67036,1
58862,3
1851,0
43597,2
43911,0
29625,0
38143,0
31286,3
61106,0
25967,0
26577,0
70335,0
1877,0
34855,0
8218,3
96721,0
20616,0
14877,0
33778,0
28166,0
57184,0
92232,1
22865,3
15108,3
35066,0
23208,0
42331,0
5689,0
9123,0
52160,0
17299,0
39739,3
82865,0
45940,0
56420,0
83968,3
52527,0
6791,0
45496,0
73243,2
75285,3
9505,0
93010,0
23065,3
28342,3
76957,2
12070,0
48415,0
94619,3
6515,3
64740,0
68070,0
33050,0
80840,0
32330,0
26419,0
60284,0
61577,0
21064,0
49104,0
65075,0
54466,0
55399,3
20229,0
76974,0
53013,3
22101,3
82730,0
91241,3
3013,0
59968,0
36909,3
16105,0
12925,2
36777,0
4369,0
24412,0
79850,3
68252,0
35345,0
83595,0
22514,0
29185,0
80907,0
71850,0
26335,0
78099,0
25684,0
54520,0
83692,0
38757,3
15109,1
73702,0
34710,0
19686,2
86136,3
13720,0
18272,0
23080,2
55267,2
80880,2
45890,0
1762,0
67136,2
93248,3
73056,0
58976,0
82764,0
25583,0
31544,0
30827,0
34447,0
67910,0
77937,3
17419,0
28419,0
21228,3
19960,0
21398,0
29324,0
52364,0
89535,3
90770,0
77779,3
61855,0
26629,0
17143,0
51033,0
63214,0
21671,2
62988,0
70787,2
5714,3
66775,0
97616,3
50621,1
33153,2
60380,0
73623,0
62896,0
47653,0
44094,0
86230,0
24783,0
23693,0
64754,0
42724,2
89183,0
71702,1
6049,0
76415,0
94963,0
38190,2
40930,3
6426,2
35360,0
57286,0
13478,3
97794,0
45406,0
56025,2
6249,3
15912,1
23269,0
89317,0
11344,0
72511,0
17312,0
18672,0
15280,3
52858,0
98472,3
93847,0
8598,1
96869,3
32030,0
39121,2
463,0
81442,3
95118,2
21844,0
5703,0
63008,0
31259,3
59631,0
56584,0
16896,0
51134,0
74825,0
84525,3
46721,0
34539,3
3497,2
96354,0
16607,0
57588,1
63669,1
11775,0
70369,3
82466,0
79211,2
45838,0
98321,3
35438,3
24206,3
315,3
54599,0
5960,0
36813,0
29151,0
77586,0
79770,2
91314,0
60862,0
2944,0
68491,0
72366,0
82629,0
23051,0
15849,3
19595,0
4238,0
50081,0
60695,0
49598,0
72023,0
30362,0
4530,0
38585,0
27485,2
98373,0
84262,2
25333,0
7899,3
54689,3
45243,0
72165,0
8619,0
68269,0
7090,3
99806,0
99721,0
22645,0
61157,2
77036,0
91506,0
47696,2
74760,3
30701,0
63040,0
64521,0
19428,3
12100,1
71801,0
54326,1
3671,0
28288,3
86063,2
60125,0
80109,0
38833,0
1269,0
45157,3
75776,2
83345,0
65129,0
23044,0
9144,0
81855,0
33523,0
48439,0
36179,0
18954,0
62815,0
51498,1
27102,2
97646,2
43177,3
93507,0
59481,2
59334,0
90906,0
48863,2
63103,2
4020,1
53710,2
47771,3
56832,0
26980,0
94590,0
43898,0
20115,2
31317,0
55935,3
32669,0
63262,0
34541,3
50453,0
35998,0
95065,0
59316,0
68063,0
73176,0
45189,0
82196,0
57160,0
24604,0
96074,0
74680,0
43866,3
62536,0
26627,0
76446,2
24564,0
70555,0
89760,0
6448,3
70691,0
39112,0
72701,0
97148,0
73275,3
14618,3
24320,1
36413,0
16490,0
76772,1
36165,3
68166,2
86544,0
59505,3
11958,0
9259,3
27614,0
30296,2
84629,0
16595,2
7141,0
21590,0
44143,0
61976,0
25973,3
31400,3
24292,1
38435,3
91049,0
14851,1
57631,0
3650,0
58994,0
85137,0
16813,0
13799,3
40663,1
15773,3
28586,2
36624,0
69292,2
53852,0
82048,3
37583,0
94394,0
40841,2
16058,2
17291,0
67097,0
16434,0
65492,3
46368,2
64737,0
22013,2
33485,2
37482,3
36650,0
32425,0
20067,3
17558,0
86077,0
37659,0
4851,0
34382,0
69641,0
32119,0
27739,3
69197,0
20730,0
1202,3
68815,3
98290,0
59864,0
92545,0
45519,0
17023,0
41952,0
24699,0
44360,0
29177,0
21570,0
43769,0
96395,2
20490,0
49343,0
32939,0
15601,2
56364,0
68296,0
30636,3
78161,3
10939,0
51387,3
23866,0
29127,3
48602,0
73337,0
9641,2
5569,0
72650,0
83489,0
54262,0
81352,0
11222,0
60259,2
54799,0
18758,2
34252,0
43776,3
72868,1
78541,3
50725,2
54092,3
40477,0
90832,0
57999,0
11646,0
51677,2
71905,0
96291,2
86248,3
94034,3
62547,0
89423,3
29804,3
915,3
14265,0
993,0
8690,0
84436,0
2951,2
18236,3
19506,2
27215,0
79404,3
86583,0
64319,0
56434,0
16024,0
40097,2
83731,1
48832,0
12126,0
2362,0
1725,0
92771,0
85467,2
19176,0
64489,2
25281,3
99267,0
50555,0
35160,0
91619,3
10849,0
47677,0
85150,0
17508,0
60191,2
78582,0
29180,0
17919,0
1393,0
9087,3
3928,3
38303,0
28044,2
26859,2
57093,0
88467,0
4025,2
50847,3
61702,0
3151,0
92610,3
69711,2
12601,0
22706,2
22350,0
61703,0
79125,2
66625,0
53243,0
71754,0
2458,2
96938,0
19900,1
3695,2
13087,2
35317,0
11651,0
27566,3
11434,0
33533,0
31508,0
76971,0
8017,0
71081,2
28825,0
64479,0
92315,2
99286,3
78855,2
97444,3
24594,3
28935,0
27263,0
10452,2
32405,0
6177,0
42630,0
9367,0
54344,0
35084,0
3933,0
57054,0
37113,0
109,0
44758,3
3827,0
79242,2
44540,3
47845,0
87578,2
76030,0
38185,0
50388,0
3831,0
49524,0
42513,2
52868,0
76053,0
17096,0
53670,0
44473,0
4805,0
8111,2
48139,0
92543,2
57623,0
31749,0
1409,0
32908,0
78265,0
80541,0
98683,0
1733,0
79608,2
75279,0
86892,0
78535,3
9903,0
1704,0
64096,0
17362,0
25813,0
474,0
5497,0
63334,2
89374,2
71565,2
99409,0
47988,2
73351,0
42484,0
73512,1
33994,3
40404,2
14536,0
32773,0
76751,3
94096,0
10074,0
8097,0
86117,0
1482,0
85468,0
3016,0
35713,0
40549,0
83215,0
35981,0
32393,0
69602,0
33154,0
31001,2
31414,0
43609,0
77214,0
55681,3
47025,3
66819,0
8449,3
55826,2
36831,0
48561,0
39566,0
18867,0
44753,0
45736,0
83385,0
61400,3
1738,3
64834,0
59364,0
874,2
37959,0
42960,2
87845,3
98796,3
4375,2
84292,0
29944,0
34661,0
92319,0
25879,2
86977,0
69881,0
81263,0
15570,2
23659,3
91786,0
78176,0
67511,3
48134,2
34873,2
55644,3
78449,0
71159,0
88749,2
43708,0
75600,3
83812,3
93800,0
91012,3
84591,3
17346,0
73484,0
69807,3
64752,0
49275,0
47869,0
35811,0
55633,0
19614,0
42206,0
87414,0
89735,0
1536,0
88416,0
52585,0
27303,0
11300,0
333,0
41642,0
93813,0
97972,1
9672,0
7295,0
38183,0
94043,3
25533,0
33964,3
23202,0
47260,0
92811,0
39400,0
79882,0
98412,0
59163,0
23131,0
75734,3
63104,0
35416,0
84449,2
72243,3
72641,3
11842,0
43800,0
5869,2
75283,0
41450,0
14669,3
49924,0
22140,3
88455,0
77689,0
57510,0
24198,0
37188,0
24975,0
5086,2
5108,0
47830,0
97806,0
9558,0
16655,3
69909,0
83736,0
6784,3
96723,0
35110,3
29924,0
50130,0
20470,3
55150,0
63365,1
21511,0
42022,2
94695,0
63603,2
30559,1
23393,0
22169,0
80416,0
65012,0
45271,3
97666,0
32398,0
8908,3
26399,0
87963,2
5715,0
77531,3
90656,3
3640,0
69852,1
2950,0
26050,3
12670,3
54576,0
25748,3
83110,0
10111,3
88117,0
74485,2
46920,0
58885,0
27804,0
60834,0
22537,0
90459,3
94620,0
5071,3
72,0
12671,0
47150,2
21940,0
71642,0
19271,0
5994,0
54240,0
43646,0
93730,0
71710,3
4200,3
54802,0
47781,3
83878,0
54469,2
85834,0
25481,0
52772,0
92246,3
9721,0
3787,2
21243,0
86334,0
94179,0
11588,0
18743,1
70951,0
64710,0
59795,0
9453,2
99925,3
64083,0
61984,0
21539,3
65353,3
76645,1
34016,0
63670,0
83222,2
95278,1
59793,0
4365,2
71563,3
60783,0
74706,2
58799,0
7889,3
26700,0
73165,0
79998,3
9384,0
35927,0
95220,2
89606,0
96018,0
58824,2
46014,0
76934,2
32843,0
31216,3
99709,0
88237,3
8397,0
11634,0
7624,0
62657,3
92788,2
8229,3
32859,0
10764,0
65836,0
20420,0
80319,0
78815,3
81921,0
27793,0
52470,2
56606,0
52016,0
72432,2
64944,3
46795,0
20091,2
13469,0
18334,0
12335,1
79819,0
78791,2
5693,0
83273,3
16945,0
59387,0
64983,0
53870,0
98353,2
14284,0
84509,0
7990,2
89130,0
65906,0
52814,0
24325,3
12530,3
57365,0
32520,2
43111,0
79555,0
91263,0
30029,0
16455,0
67371,0
39385,0
68420,0
20494,0
77561,0
49961,0
36582,0
78524,0
12312,1
6298,0
25785,2
60719,0
78990,3
99383,0
59293,0
74113,0
98723,3
74797,2
92343,0
95741,0
35964,0
35486,3
21297,1
57621,3
57706,0
75042,3
47173,0
66696,1
38441,0
73054,3
39108,0
51693,0
13002,0
61038,0
84733,0
63358,0
56299,0
66691,0
9923,0
30626,0
75954,0
20786,0
56983,0
96606,0
44843,2
67611,2
86076,3
34478,0
50776,0
52518,2
40955,0
36742,0
32431,0
63325,0
44387,0
67432,0
54726,0
49371,3
25218,0
76618,0
21130,3
90108,0
62319,2
72028,0
2359,0
66484,0
20269,0
82564,0
37578,1
70237,0
62935,0
37149,2
53936,0
8721,2
89525,3
32647,0
56396,0
1802,0
72999,2
9901,2
94542,2
39729,0
50652,0
80441,3
21525,2
62877,0
66461,0
89866,0
64358,0
96510,0
34764,2
73894,0
29680,0
6573,3
20389,3
60320,0
71174,0
86924,3
99423,3
55355,0
55085,0
25239,0
53673,0
21738,0
72206,3
74217,2
90678,0
66489,3
90144,0
45178,2
51804,0
78044,0
3686,0
68004,0
15243,0
45484,0
83504,0
11180,2
20157,0
19180,0
42699,0
93658,0
70131,2
48579,0
30323,3
4105,3
71203,0
19458,0
34678,0
79886,0
98905,0
25469,3
82789,0
8586,0
174,0
68612,0
37253,0
82109,0
17187,0
26728,0
72075,0
77249,2
2622,0
96021,0
86951,3
52993,0
35073,3
47628,0
16821,2
38964,0
21111,3
42935,3
40034,0
83586,0
728,0
91226,0
1125,0
25020,3
74032,3
17347,0
28494,0
6774,0
70804,0
16898,0
78888,0
92230,0
15980,0
98007,0
36501,0
66152,0
17771,3
67312,0
42007,1
15262,0
28716,0
22827,0
60519,2
14251,0
56936,0
97063,0
64179,0
65156,2
26552,0
46837,3
77152,2
5400,0
29420,0
15546,0
75273,0
41111,0
49101,0
62304,3
92757,0
53404,2
92324,2
89019,3
79247,3
44000,2
50844,0
12551,3
65223,0
19456,0
57081,0
75049,0
8466,0
83278,2
24032,0
34746,0
65127,0
67997,0
36691,0
83355,0
99193,3
7688,0
27052,0
4218,2
4687,0
28809,1
19400,0
15801,2
44192,3
52552,3
50509,0
58093,0
75948,0
94681,2
2506,0
61595,0
31953,0
14367,2
33216,0
34029,0
47334,0
15869,0
64449,0
78859,0
19268,0
9302,3
65354,0
80724,2
26544,0
40650,0
66245,3
18352,3
86243,0
4171,0
76678,0
95142,0
17106,0
61621,0
39728,0
3375,2
96876,0
95361,3
48647,0
690,0
66305,0
35809,2
32087,3
82147,0
41582,0
9838,0
53050,0
1129,0
62669,3
42886,2
5373,0
44170,3
42518,0
13382,0
10897,2
21487,0
52533,0
38182,2
85913,0
27939,3
19218,3
85504,0
3754,0
80341,0
39499,0
32785,0
73324,3
47746,0
32621,3
65675,0
54968,0
57713,0
3386,0
85730,1
92323,0
3371,0
50633,0
74185,0
72230,0
61506,0
18216,3
61994,0
75768,3
5977,3
49158,3
41890,0
17107,0
97697,0
58179,3
94938,0
923,3
99082,3
60122,0
20179,0
21065,2
78571,2
76680,1
65625,0
81131,1
70340,0
90418,2
890,0
18015,3
16354,0
5736,0
30383,0
20215,3
89987,0
45688,2
81313,0
89279,2
31029,0
66519,0
86377,3
17828,3
57394,0
94052,0
94151,0
37443,3
43770,1
18035,0
32721,0
37650,3
82201,0
59854,0
29793,0
56624,2
6681,3
99787,0
9171,0
96715,0
80204,0
87804,2
17562,2
42154,0
7549,1
42218,0
34006,1
44490,0
28234,0
90239,0
25549,3
95330,0
29974,3
89312,3
58798,0
88777,3
51550,0
36481,3
6891,2
76704,3
6803,0
42853,0
28498,3
51130,0
21634,0
54304,3
62655,0
85463,3
77220,0
59963,1
71643,0
44904,0
42555,0
83896,0
20150,0
7756,3
68904,3
28506,2
75645,0
25198,3
52184,3
88965,0
31201,1
35532,0
60318,0
36047,0
75127,0
77737,0
55598,0
73028,0
90995,0
44879,2
4201,0
53202,3
68618,0
15145,0
72391,0
56909,0
99364,0
20546,0
68657,1
13418,3
48998,0
13118,0
49209,2
74751,0
54068,0
3047,3
66792,0
89107,3
93226,2
46407,3
8054,3
92912,0
22420,0
48399,2
35613,0
12725,0
6661,0
90041,0
62856,1
63192,0
57511,0
50993,3
35283,0
42031,3
12890,0
83107,3
36323,0
52652,2
70964,0
45469,3
5350,0
55160,0
99938,0
70363,0
43419,0
81298,0
72124,0
32638,0
59171,0
79784,0
58616,0
90851,2
31934,0
31696,0
24849,0
96939,0
51482,3
29224,0
14891,0
14719,1
27475,3
63499,0
64244,0
835,2
34307,0
68117,0
54091,0
75432,2
25491,2
46863,0
79991,1
99569,0
88867,0
83001,3
1096,0
25837,0
38023,1
91119,0
87200,0
75631,0
37042,0
27756,3
69790,0
75132,0
67443,0
79671,0
43084,3
99436,0
10242,2
13359,3
87141,1
45904,2
5751,0
89529,0
97358,0
59656,0
75050,3
6775,0
26401,3
8659,0
61522,0
97585,0
95624,0
75672,3
61755,3
74488,0
97262,0
22065,1
73103,0
45430,0
27124,2
19498,0
49081,0
88439,1
1178,3
14657,0
65009,2
30421,0
50035,3
5130,0
38735,0
31842,0
94056,0
36516,0
84511,3
74881,2
10713,0
27410,0
51350,0
42098,0
54403,0
86008,0
5301,2
83072,0
25675,3
27809,0
3460,0
45397,3
20161,2
53991,0
50593,0
99048,0
10883,0
8829,0
77918,3
88469,2
69147,0
60902,0
65918,0
43051,3
15874,3
83265,2
48560,3
47538,0
33449,0
60664,0
42583,3
13515,0
4265,0
72292,0
95206,0
86649,0
22089,2
60469,0
38040,3
20829,0
89678,3
47302,0
44975,0
91425,0
26102,3
64506,0
62253,3
82731,0
72374,1
79258,3
49021,0
79062,0
52283,2
40946,0
68870,0
15364,0
89248,2
36680,0
90022,3
31915,0
76800,0
54283,0
30819,0
23182,0
1280,2
11697,0
43679,3
22252,2
89582,0
67051,2
62538,3
86471,3
22401,0
29777,0
88404,3
35276,2
33444,0
58777,0
56913,3
41804,0
14909,0
98922,0
95677,0
99072,3
30958,0
46753,2
9044,3
81860,0
74870,0
54125,2
21845,0
34301,0
3618,2
1541,0
16638,2
71365,2
87014,0
7967,3
22479,3
34236,0
4725,2
60786,1
3330,2
75536,2
65062,0
1637,0
8493,0
3417,0
68568,0
81059,3
37965,0
26962,0
1805,0
83907,0
4282,0
78780,2
45724,0
22257,3
53330,0
6918,0
81560,0
43319,0
42093,2
79718,0
28205,0
18953,1
80437,0
84832,0
39167,3
72060,3
71918,0
81285,3
31135,0
61850,2
49892,0
19193,3
74358,3
60560,0
41957,0
79229,3
39415,0
24168,0
24427,3
92115,3
6590,0
15788,2
10211,0
473,0
62413,0
37083,0
71598,0
69836,2
49097,2
91397,2
20105,3
52393,0
63199,0
80794,1
80339,0
41985,0
74005,2
82208,0
4597,3
67281,0
2027,0
90080,0
24936,0
54261,0
34901,2
26212,3
9622,0
32206,0
21571,3
58254,0
98186,0
78180,0
33297,0
53360,0
39077,0
95530,0
67915,3
69574,0
62084,0
61353,0
41151,0
77223,2
80211,3
80848,3
36684,0
50170,2
62177,3
40619,0
57287,0
61871,0
57099,0
32949,0
94335,0
19084,0
26611,2
86122,0
19483,0
35884,0
56027,0
16936,0
89411,0
86220,0
39750,2
84239,0
89609,0
46327,0
55712,0
52912,2
83610,3
8089,2
43000,1
66057,0
16120,3
28457,3
89466,0
86159,0
34487,0
94888,2
31853,0
62328,2
3962,0
40625,0
67606,2
35894,0
2444,0
44222,0
44329,3
55022,0
94270,0
18395,0
45134,3
53082,0
63280,3
89266,0
79760,0
63626,0
22003,2
27431,1
21465,3
32311,0
85608,0
17105,0
45778,0
50886,0
88063,0
59757,0
63087,0
84665,2
15238,0
3166,2
18834,0
84969,1
57460,0
64748,1
2067,0
84117,0
54804,0
48391,3
41415,0
58335,0
96764,0
57749,0
45572,0
16944,0
12167,0
59314,0
73521,0
20715,3
91407,2
58688,0
83063,2
5175,0
61421,0
90812,2
88926,0
46670,3
94372,0
186,0
35056,0
79126,3
54351,2
13900,3
2102,0
23954,0
12712,2
27585,2
80674,0
79763,0
90640,2
73806,0
56372,1
6403,1
37530,3
55462,0
80333,0
65703,3
1027,0
30099,2
34402,0
46035,0
76495,0
35605,0
28671,3
35287,2
79094,0
43123,0
8876,0
67239,0
38942,0
23969,0
96146,0
76628,2
76691,0
4090,0
29925,2
95086,0
71869,2
96579,3
66276,0
33682,0
42909,3
2020,0
46199,0
64498,0
96360,1
12691,3
3619,3
85901,0
11691,0
74269,0
67144,1
56999,3
65959,0
61445,2
20060,3
11291,3
66421,0
29538,3
62075,0
13782,0
81961,2
96356,0
20599,0
59890,0
60912,0
25290,0
9,2
96765,0
74359,0
4028,0
5205,3
41739,0
30076,2
44459,0
257,0
36692,3
58721,0
33409,0
78756,0
56209,3
11596,0
67370,0
16148,0
79088,2
82959,3
56570,3
56096,0
12583,1
59911,0
75295,3
3681,0
80750,3
61084,3
18209,0
55817,2
2341,0
76962,0
18286,0
99738,0
70065,0
33246,0
49297,0
80970,0
82150,2
79976,0
41820,0
45986,0
29385,0
43750,0
42622,0
59533,0
51570,0
42368,0
13271,0
59431,0
29422,3
83012,3
93459,2
6751,0
26273,2
13319,3
14189,0
45485,0
19278,3
38628,3
89591,0
91249,0
28938,0
73971,0
30896,0
93623,0
94414,0
98773,0
55198,0
87346,0
14336,0
31827,0
28125,0
94944,0
22341,3
58527,2
86279,3
4599,0
86859,0
81666,1
27703,3
45533,0
17060,0
90958,0
3078,0
70334,0
76684,3
44163,0
83753,0
14414,0
9826,0
21232,0
84184,1
10536,0
14377,0
67928,0
55184,0
29693,2
44314,3
72787,0
97584,3
85034,0
65169,0
32160,0
99003,0
75989,0
68556,0
14469,0
14970,0
28326,0
47321,0
88559,2
54167,0
66156,3
36704,0
47407,0
40720,3
98189,0
80021,0
57945,0
84960,2
37970,1
22122,0
86441,0
49176,0
62597,0
5192,3
75975,0
40275,0
73751,0
52046,3
79333,0
34360,3
84568,0
25706,0
3908,0
31150,0
18450,3
15496,0
11834,0
21464,0
54678,0
21425,3
46714,0
5080,0
83874,2
62454,0
61139,2
98904,0
422,2
27581,0
58690,0
6730,0
22822,0
74699,2
11688,0
93680,0
49195,0
53432,3
99363,3
97367,2
97572,0
5043,2
7308,0
83908,3
51538,0
9831,0
9759,0
93683,0
4623,2
85906,0
58328,0
43887,0
67582,0
59798,3
67819,3
38380,0
37639,3
63950,2
67267,0
51655,2
14616,0
15227,3
12538,3
46789,0
98265,0
27962,0
9555,1
80816,0
61415,0
44619,3
98665,1
62316,0
49855,0
62140,3
41417,3
30166,0
86969,3
76060,0
10305,0
82974,3
21832,0
37132,2
18956,0
76142,3
8729,0
68249,0
99798,0
73638,2
58803,0
94273,3
16873,2
27113,2
47459,0
92662,3
92775,0
80989,1
82986,2
49145,0
52950,3
12240,2
37920,0
27105,2
93009,2
65386,3
21731,0
78250,3
71653,0
41849,0
61897,0
24671,2
64257,0
26650,1
12509,0
86960,0
30788,3
74800,3
61470,3
38131,0
22800,0
48165,0
88029,0
79641,2
98673,3
19836,3
9023,3
84708,0
30181,3
46081,0
81606,0
27414,3
42159,0
54189,0
78863,3
73641,0
18281,0
84068,0
80173,0
22199,2
17384,2
8991,3
19179,0
78080,1
14903,0
64466,0
50045,2
90230,0
66613,2
48609,3
27845,1
18801,0
73566,3
30325,0
56040,0
59560,3
91486,0
33345,0
32536,0
9397,1
95947,3
92675,0
11706,0
55421,0
5930,0
6400,3
28614,0
78546,2
5361,0
40351,1
26250,0
15436,0
26674,0
51165,0
53456,3
80248,3
66591,0
82119,2
55424,3
33111,0
91450,3
42113,0
68544,0
27399,0
58872,0
18217,3
49606,3
1458,2
19466,0
6657,0
1659,0
13390,0
80598,1
94768,0
32370,0
58718,0
12440,0
57685,0
84868,0
93639,0
71366,0
55949,2
44251,0
36679,3
95121,0
99574,3
46463,0
17658,0
10263,0
29036,0
15094,3
15914,0
76202,0
99622,0
14878,0
86635,0
75888,0
78972,0
44056,0
34510,3
13122,0
29859,1
40123,0
59766,0
3055,0
23320,0
78324,0
42038,0
16182,0
14765,1
97316,3
60857,3
83988,3
94336,0
14845,0
98198,0
78083,0
80340,3
91682,2
42232,0
23981,2
22165,2
76574,2
92295,0
38482,0
65814,0
88778,3
23433,0
51982,0
18119,0
97213,0
72357,2
44807,0
27763,0
68291,0
80544,3
88442,0
55363,0
78870,0
98244,2
6112,0
88680,3
44291,0
38051,0
30786,0
89957,0
46542,0
16652,0
50700,0
31873,0
28864,0
71108,0
89549,0
47904,2
93466,0
89152,3
53347,1
92658,0
54943,0
7253,0
85049,2
22471,0
7009,3
51193,0
53727,2
74010,2
86514,0
9150,0
49938,2
32158,0
9708,0
45621,0
36576,0
16569,0
77353,0
77519,0
4657,3
94376,2
83653,0
35452,0
19601,0
21402,0
26733,0
35017,2
25794,0
47916,3
55503,0
95758,0
60643,0
71784,3
78018,0
82944,0
5182,0
59025,3
7896,0
16803,2
23577,0
26590,3
53784,0
56639,0
74140,3
44480,0
61194,0
65004,0
25832,0
69133,0
78148,0
5326,0
85590,2
23250,3
27183,2
24236,0
59008,0
9632,0
6199,0
56922,2
40166,0
66612,0
84737,0
71997,2
41880,0
16982,0
40358,2
6654,0
21453,0
33172,0
92983,3
15610,0
83169,0
46211,0
67895,0
44547,3
78577,3
92491,0
26074,0
6662,0
13856,0
29711,2
3982,2
20218,3
16421,0
16753,0
69988,0
36200,0
60074,0
33241,0
81038,0
7019,0
13258,0
86283,0
32993,2
43891,3
19685,3
97932,0
92553,0
77741,0
24186,3
94019,0
72364,3
19610,0
1157,0
65504,2
80500,0
56081,3
91200,0
54374,3
78621,1
68334,0
85939,1
55639,2
92923,0
75121,3
40204,2
65606,0
98249,2
17235,0
68288,1
24131,3
57824,0
44880,0
29249,2
87094,1
519,0
98142,3
48135,3
33993,0
6289,0
38835,0
63967,2
75181,0
7033,0
72058,0
17547,0
61872,0
70479,0
38731,0
71904,0
57003,0
18101,0
82055,0
21623,0
5890,2
41498,3
93888,0
20333,3
22290,2
2098,0
30087,2
90114,3
88870,0
60486,2
81051,2
63879,0
94817,0
15688,3
25420,0
4638,3
77862,2
71862,0
92114,3
82962,0
67832,0
14427,0
7998,3
60638,2
78568,2
83159,2
46138,0
47700,0
81335,0
39136,2
75271,0
37581,2
80930,0
33305,0
75429,0
79858,0
83797,3
35359,1
97214,0
21033,2
47501,0
75505,3
53018,0
87201,0
1191,2
32591,1
82345,0
86482,3
93693,2
16390,0
26586,0
29032,3
24957,0
52559,0
24114,3
81325,0
73974,2
78839,2
96649,3
38358,0
83021,0
36207,0
53540,0
5718,0
63422,0
16572,0
19543,0
88942,0
88019,3
90523,2
67452,2
74047,0
4330,0
48260,0
16018,0
18886,2
82127,0
41443,0
52376,0
3443,0
44542,0
69279,1
2544,3
37120,0
62131,2
59972,0
62338,3
58030,0
47059,0
64137,3
5623,3
90544,0
24254,0
24204,0
96872,0
48743,0
71618,3
29053,0
62732,0
57182,3
6312,0
22517,0
26055,0
86866,0
32756,0
15178,3
98239,3
85999,3
72509,3
86729,0
28570,0
52431,0
21926,2
24003,0
11441,0
49083,3
11303,0
87601,0
3000,2
51400,0
95055,0
10603,0
21038,0
76273,3
36933,0
2975,0
75903,3
62292,1
48455,0
38460,0
39249,0
54671,0
37788,0
37382,2
93735,3
98084,0
91018,0
68790,0
23957,0
36236,2
86682,2
61226,3
86007,0
53371,0
66967,1
56524,0
98638,0
24060,2
77454,3
56915,0
72007,2
33681,0
76132,0
74749,3
61615,0
16536,0
70435,3
85079,0
90210,0
62289,2
97652,0
97430,0
40474,0
68172,3
43772,0
91269,0
38673,0
50446,2
84843,0
3348,2
26355,0
8883,3
48599,0
31600,0
69795,0
90733,3
24817,0
57579,0
27921,3
96332,0
15284,3
71969,0
32849,0
82062,0
77170,2
71743,0
27774,2
68927,0
58715,3
92637,0
45081,0
38688,0
13126,2
73935,0
88535,0
7798,0
20572,0
68635,2
58695,0
34817,0
98469,2
37778,0
21139,0
48109,3
90341,0
50838,3
36099,0
9049,0
66393,0
76426,2
49440,3
9751,0
95190,0
23945,3
6943,0
29425,0
89692,3
5773,0
9417,3
12005,0
47682,0
57429,0
23098,3
65283,3
17801,2
69282,0
98747,2
75499,0
94846,3
12083,0
38432,3
72832,0
53394,0
48402,0
23809,0
53283,0
58749,1
3817,2
47847,0
98851,0
80890,0
42156,0
91190,0
21115,3
81977,2
7182,0
85990,0
42015,0
61672,1
33895,2
78275,0
23424,0
26966,1
88555,0
37092,2
75539,0
87090,0
37735,1
81253,0
99920,0
69743,0
93348,3
51455,0
44070,3
58411,0
3792,0
50474,2
35116,0
92392,1
23998,1
1835,0
43149,3
55384,0
78237,0
23361,3
10735,0
32684,2
82837,0
10569,2
21540,0
51241,2
24596,3
88743,3
25122,3
80547,0
55183,0
34733,0
84273,0
90227,0
46543,2
77261,0
6220,0
61097,3
74427,3
92301,0
35621,0
71035,0
12523,0
89484,0
27413,0
6275,0
32042,3
65729,0
20346,0
6709,0
89826,0
91909,0
19524,2
40373,0
27860,0
22277,2
86949,0
91629,0
29661,1
35729,0
90532,3
61552,0
82333,0
52565,3
67710,3
76400,2
6538,3
16893,0
62923,0
28919,0
11717,0
6867,0
18376,3
60078,3
35920,0
76470,0
8353,2
44882,2
74618,0
57957,2
1197,2
76269,3
79790,2
59700,1
99778,0
69644,2
71364,0
29083,1
59023,0
98486,0
89560,0
60611,0
28598,3
65047,1
5959,0
5743,3
99825,0
95675,0
57028,3
25595,0
68956,0
41818,1
41384,0
58130,0
21608,0
8479,2
5776,0
15666,0
23935,3
45388,0
9881,1
30985,3
8358,0
85051,2
87640,0
64332,0
38048,0
63016,2
88166,1
15201,0
56305,3
52400,0
58226,2
14976,0
27082,2
53403,0
49790,3
90351,0
65430,0
49271,0
63340,0
11012,0
62483,2
54871,0
76321,0
29031,3
63686,0
49991,0
81631,2
82268,0
29010,1
58716,0
16204,0
69021,3
58402,3
97403,0
3642,0
11410,0
86594,3
13181,0
8016,0
66447,0
63106,0
77761,0
67006,0
46573,1
49378,3
15850,0
57900,0
74847,2
48586,0
75327,0
32929,0
5491,0
13163,2
40772,0
13966,0
29565,2
17616,0
20737,0
88788,0
15835,0
65574,3
75751,0
29467,0
98011,0
4191,0
85421,0
27831,0
48430,2
99206,0
59172,0
56012,3
93304,0
69844,2
92111,3
66531,3
2399,3
10070,0
54318,3
7229,3
40008,2
85161,2
64946,0
38256,0
79782,0
63593,0
22859,0
24091,0
9927,3
72904,0
8777,0
84138,2
87473,0
92706,2
12222,0
28839,0
20917,2
15563,0
80835,3
15040,0
19546,0
76059,3
9047,3
97573,0
73333,3
26723,0
11061,0
81016,0
21198,0
51572,3
92335,0
52828,2
90177,0
46707,0
73941,2
8396,3
92419,0
3643,3
85408,0
6939,0
5057,0
41811,0
60252,2
50117,2
41008,0
43390,3
9846,2
75268,0
91207,3
77907,0
26755,3
82832,3
89138,3
13902,0
69113,0
27671,0
88047,0
51726,0
80999,0
47761,2
67351,2
92530,0
55042,3
66629,1
48824,0
7172,3
45050,3
93642,0
79285,1
75228,3
44670,0
10635,3
72015,2
72419,3
81971,3
20927,2
34512,0
2204,3
15158,0
70818,0
76146,1
38289,0
69834,0
61874,3
52103,3
87515,0
60815,2
45856,0
500,0
64808,1
46807,0
46772,0
92429,2
26117,0
30914,0
49199,3
67852,3
83709,3
66948,2
75040,3
67426,2
29011,0
31312,3
54256,2
26929,2
42170,0
36668,2
17373,0
14806,0
6529,0
56395,0
98587,2
72874,0
58011,0
52983,0
1313,2
14181,2
14227,0
74515,0
84480,0
41488,0
87001,0
57502,0
29982,3
19146,0
10339,2
19131,0
46908,1
22841,0
10484,0
50966,0
25093,0
64198,0
72069,3
50398,0
19803,0
80746,2
79713,3
69868,0
93595,3
49739,0
40995,3
79472,0
61642,0
61830,3
82259,2
29995,0
56962,0
83734,2
56549,0
50710,0
63589,0
5791,0
86169,0
67153,0
89309,0
86881,0
97846,0
78400,2
37093,3
56762,0
7920,0
46128,0
82518,0
51292,0
95023,3
8868,3
10105,2
58894,3
36643,0
90111,0
65896,0
48077,3
55555,3
54193,3
8516,2
48598,0
51569,3
21508,0
34641,1
70376,0
22118,2
54328,2
76485,0
38698,0
7701,0
61932,0
63830,0
70979,0
67716,3
10175,0
71987,3
59457,1
45587,0
30916,0
18069,0
27770,0
80266,0
51381,0
85581,0
90739,2
42032,2
43626,1
56249,0
83890,1
13599,0
7620,2
21797,2
88748,0
83719,0
82191,0
58836,0
31106,2
14196,1
16228,3
45327,0
59253,0
91199,0
72837,0
7671,0
26715,2
62364,2
77777,3
12093,0
13969,3
63337,3
30895,1
83794,0
36076,0
64893,0
52687,2
33934,0
2982,0
95225,0
68354,0
94916,0
35348,1
2666,2
3185,0
92518,0
60383,3
13898,0
69680,3
45147,0
47874,3
1293,0
85873,0
91210,3
80208,0
75343,1
96388,0
33317,2
38884,3
30245,0
29875,1
71829,2
40172,0
3837,3
95076,0
20505,0
2220,2
26684,0
40543,2
2842,0
72970,0
18338,0
72753,1
12226,0
62093,0
87980,3
41569,3
59719,0
10930,2
662,0
13905,0
80558,0
92641,0
31203,1
91185,3
78298,0
26689,0
47642,0
15012,0
61965,3
20000,3
98404,0
29817,0
88891,3
66509,0
60061,1
69544,0
35172,2
466,0
37101,0
77418,2
66391,0
18705,0
7087,0
79341,3
7336,0
64402,0
32645,2
64707,0
67032,0
61613,2
77899,0
41485,0
83490,0
912,0
44377,3
89407,0
62678,0
71260,0
2402,0
93723,2
62006,3
46310,2
43215,0
58963,3
74378,3
42290,0
15753,2
43595,3
20135,0
13911,0
95999,0
4612,3
70100,0
75747,2
29321,3
58566,3
75936,0
23268,0
46032,0
77676,1
63007,0
70255,0
17309,0
90366,2
99985,0
56746,0
97557,3
74526,0
1038,0
64291,2
64548,2
77437,0
65080,3
68516,3
2104,2
45628,1
28588,0
13690,3
18040,3
57444,2
95297,0
88434,3
54525,0
19577,0
96522,3
60990,3
21234,0
99384,2
28291,3
49914,3
27945,3
87166,0
67212,0
27181,0
99889,0
84084,3
82714,3
61876,2
18165,0
43264,0
83162,0
73133,0
62651,2
14296,0
15386,3
65393,3
31823,0
46903,0
88550,0
47766,3
25548,0
99979,0
23753,0
58492,0
97453,3
82371,0
35822,0
37750,2
20974,2
83939,0
7098,0
88506,0
57193,2
59307,0
56232,3
33752,0
93471,0
80040,3
39368,0
84048,2
9813,0
6734,0
1679,0
26195,0
7536,1
16395,0
41412,3
71062,3
889,0
40573,0
97231,2
32251,0
20070,3
61173,0
87550,0
95519,0
69364,0
5424,2
43412,2
35954,3
692,0
98192,0
72947,1
46364,0
32303,3
19626,2
29756,3
39134,0
19139,3
356,2
56840,0
96022,0
28,3
38145,2
93,0
40608,0
23601,0
87071,1
90385,2
86,0
99999,0
48271,0
6782,0
36389,3
88911,0
22299,3
10797,2
34553,0
3041,0
78384,3
62315,0
46649,0
61303,0
86817,3
22455,2
60237,0
27040,0
67244,3
92612,0
35258,2
20078,0
63190,0
31607,0
63048,0
1306,0
35456,2
22826,2
54988,2
39598,2
49438,0
23353,1
65245,0
42723,0
86947,0
4709,0
45871,1
17004,3
35275,2
84078,0
56527,0
96157,0
67941,0
71257,3
9178,3
87309,0
80241,0
10718,0
13293,0
4560,0
52331,0
97886,2
52226,0
79081,0
3021,0
80322,0
68344,2
60053,3
59231,0
86676,0
12026,0
2425,0
23587,0
36346,3
46074,0
54441,0
8748,0
88597,0
2078,0
52109,0
68399,3
58465,1
41798,0
11739,0
5509,0
24483,3
31208,0
8758,0
5144,0
18750,2
51594,1
5382,0
49432,0
54134,0
14211,2
30790,0
81013,2
13154,0
47481,0
20604,0
91606,2
15658,0
78375,0
69096,0
62619,0
95333,0
84948,0
38342,0
87085,0
29402,3
50185,0
61354,0
17396,2
613,0
28762,0
15296,0
53304,0
23600,0
72077,2
50957,0
78683,2
14379,0
38799,0
75484,0
70611,0
92626,0
65507,0
34846,0
6690,0
13377,0
43745,0
31530,0
17083,2
52476,0
58591,0
31053,0
81691,2
911,3
46880,0
65097,3
37054,0
22105,3
91507,1
88307,0
66132,0
34697,0
22529,0
90436,0
59626,0
7222,0
69854,0
69419,0
11037,2
22550,0
21194,3
42701,3
61657,0
23992,0
52918,0
81031,2
59929,0
86611,2
51477,0
7254,2
44536,3
46820,0
94441,0
91019,0
36031,2
18186,1
41388,2
4317,0
9000,0
4445,0
47743,1
8569,0
98347,0
95820,0
17462,0
50495,3
37653,0
90975,0
2218,1
49897,0
30752,0
34148,0
62475,0
39353,2
27360,0
53145,0
45590,0
80334,2
5486,0
96279,0
58572,2
21996,0
96362,0
22128,0
88824,0
37796,0
91793,3
20172,2
10990,3
65549,0
60773,0
1833,0
3876,2
35166,0
55995,0
40820,0
86040,3
14256,0
14799,0
67550,0
33736,0
21506,0
47953,0
20908,3
98058,3
56157,0
33618,2
12103,0
88048,0
99232,0
24277,0
43118,0
29846,2
67448,0
16319,0
1531,2
59455,0
62670,0
72499,0
79249,2
71887,0
80937,3
4898,1
82604,0
27932,2
73249,0
51472,0
95996,0
65760,2
19147,0
63886,0
90032,0
78289,0
46830,0
5712,0
77956,0
8710,2
87924,0
42446,0
4437,0
57122,3
4114,0
11124,0
3095,3
37453,0
88011,3
55175,0
45862,2
65546,1
95833,2
78049,1
48860,3
58732,1
81581,0
64386,2
23880,2
37779,1
18960,2
54923,0
67770,0
24111,0
2097,0
86803,0
68103,0
78764,0
67709,0
17249,0
99442,0
19892,0
8866,0
25968,2
52010,3
26047,0
26412,2
48929,0
70551,2
25079,2
38210,0
11017,0
38514,0
35168,3
64204,0
13888,0
24274,0
82795,3
75457,0
74846,0
47042,0
63366,0
15052,1
19967,0
8926,0
95693,0
72958,3
68488,0
38407,0
27118,3
95554,3
50731,3
40906,0
39153,0
19675,0
17480,0
98023,0
54905,0
91573,0
38649,2
47384,3
90673,0
77520,0
59539,0
52172,0
16403,2
16075,2
99521,0
72973,0
46078,0
20449,0
29048,0
50881,2
4231,3
6553,0
46271,0
62599,0
69044,2
46906,2
59646,0
32223,0
65853,0
43806,0
40394,0
27112,3
42453,2
68405,0
68960,2
54482,3
30759,0
66199,0
4957,0
17548,3
86306,0
85718,0
51335,0
6853,1
55687,0
10567,2
56421,3
5654,2
97634,3
52359,3
47105,3
47293,0
84243,3
51586,2
74160,0
67175,0
77140,0
29235,0
69611,3
58383,0
64440,0
60651,3
31805,0
9078,0
67621,0
19443,3
25164,3
19462,0
61315,0
74019,0
50176,0
94388,0
79832,0
87146,0
15127,0
52022,0
90889,3
11347,2
12542,0
67334,0
49316,0
15644,0
70514,0
91586,0
62129,0
30331,0
14604,1
33253,0
39070,0
55474,0
70368,0
67579,0
9773,2
31407,2
84340,0
84978,0
4145,0
73840,0
28709,0
31395,0
83078,0
12513,0
84008,0
18938,3
96492,0
96605,3
66736,0
33155,0
57652,0
29330,0
4409,0
39759,1
39629,0
39123,0
83524,0
41110,0
21461,3
68560,0
39508,0
60127,0
47171,2
22520,0
53840,0
84923,2
84080,3
65182,0
76181,0
86172,3
47371,0
28722,2
65352,2
93255,1
66733,0
99978,0
56379,0
49814,0
2658,0
4285,3
54112,0
27967,2
69771,0
94274,0
85165,0
95146,3
87271,2
9800,3
37591,0
56358,0
91298,2
61294,2
14640,0
31051,0
95004,0
70576,3
84082,3
5738,0
24487,0
29997,0
42542,1
50412,2
59809,2
26604,2
73410,3
12633,2
87278,0
78514,3
19852,0
45698,3
95321,0
68258,0
25624,0
77144,2
70572,3
38577,0
47324,0
1867,0
74856,0
36867,3
4181,3
97912,2
71422,3
56858,0
18099,0
56823,0
34907,3
33331,0
24911,0
35006,0
2209,0
70939,3
95541,0
11337,0
53409,0
9538,0
32668,0
59390,0
74230,3
56329,3
48669,3
55630,2
72867,0
4972,0
47963,0
52459,0
96616,0
46657,2
55725,0
77046,0
46230,2
22323,0
82990,0
69257,0
67202,0
45775,3
29148,2
15701,0
20622,0
61469,1
35903,0
52916,0
33842,0
41614,2
59724,1
87497,0
87762,3
25368,0
18805,3
73991,0
53089,2
11899,2
20315,3
59630,0
10750,3
46274,0
32640,0
5233,3
36915,2
12654,0
44162,2
79678,0
93115,0
80605,3
60204,0
7342,0
88856,0
83301,0
57757,0
70775,3
49031,3
89091,0
12129,2
22411,0
38895,0
888,0
33005,2
89717,0
38393,0
84962,0
45456,0
50686,0
93733,3
69260,3
12858,1
9572,0
87571,0
43345,0
15028,3
79032,0
42286,0
22061,1
18440,3
94359,0
90795,0
55901,3
96806,0
71896,1
69125,0
9149,3
61915,3
89409,0
52685,0
97509,0
68700,0
82122,0
64073,0
1220,3
82584,0
57172,0
55043,3
76200,0
49910,0
30365,0
20881,1
61869,0
78240,0
53527,3
65082,0
2272,3
93681,0
17936,3
66762,0
63088,0
62153,2
9790,3
77016,2
35211,0
39246,1
23345,2
54460,0
79283,1
83058,0
46924,0
53021,3
56275,0
47303,2
47082,0
2211,0
31850,0
43662,0
11260,3
1023,0
20475,0
62391,0
76034,0
70847,0
72861,2
60511,0
34924,0
27843,0
56068,0
49841,0
59946,0
82355,0
30065,0
38938,0
76699,2
29164,0
14774,0
16069,0
65562,0
41122,2
2958,0
5022,2
86301,2
17088,0
34795,0
51589,3
58585,2
45605,1
69763,0
45467,0
79085,0
37128,1
52354,0
52543,2
46839,0
64614,0
81504,2
25954,3
19247,0
50339,2
89265,0
35956,0
15899,0
75454,0
11196,2
43327,0
18717,0
80905,2
15358,0
37321,2
26274,0
66465,0
42775,3
59026,0
6535,0
8981,0
57472,0
35297,0
42084,0
4151,3
84682,0
86959,3
80854,0
98916,0
30118,0
60733,0
82239,3
98538,0
19510,0
22228,3
43395,0
71898,1
84382,0
54275,3
38003,0
72926,0
75883,0
81657,0
29120,3
67894,0
48294,2
90629,0
31692,0
71772,2
79898,2
78979,1
4542,3
89882,0
56315,0
98906,0
52425,0
23709,0
73218,3
38892,3
57867,0
13101,0
67947,0
9970,0
43603,0
15384,0
13484,0
36463,0
73393,0
72514,3
59773,0
46547,0
32419,0
72174,0
80169,0
58120,2
30330,0
71730,1
2846,0
94125,2
70292,0
60090,0
85266,0
46215,0
49830,2
44016,2
62872,0
94098,3
73786,0
67002,0
53586,0
83771,0
13244,0
92278,3
81622,0
40245,0
91387,0
29502,3
85197,0
73534,2
91555,0
89921,3
55302,0
79077,3
43164,0
24081,3
84903,0
452,1
84741,0
17932,0
81467,0
31453,0
59284,0
4933,2
1407,0
55133,2
85700,0
7888,0
83161,0
3721,0
39923,0
67072,0
40323,3
46684,0
86811,0
24702,3
2190,0
99514,1
96656,2
20332,0
65626,0
50137,2
99007,0
42221,0
44220,0
37537,1
87155,0
63519,3
31130,0
93150,3
24036,0
33939,0
40499,3
46142,0
11930,0
69196,3
18940,0
52674,0
61720,2
20705,0
30274,0
19108,0
33375,0
78565,3
65349,0
17163,3
95070,0
32819,3
72746,0
53729,0
82992,0
49014,0
16369,1
41032,0
43239,0
34760,0
33687,0
16367,0
36282,0
19695,3
75038,0
38764,2
5857,3
65858,0
13367,0
70378,0
92450,0
8808,0
37146,0
2479,2
36564,0
47795,0
36152,0
42944,0
41838,3
63123,0
90370,0
15760,0
68842,0
97682,3
18166,3
87474,0
96639,0
10670,3
69537,2
1067,0
41195,2
60317,3
62218,0
53160,3
62951,0
39431,0
44252,0
23244,2
73945,0
23248,2
40367,2
63352,3
57603,0
38803,0
34981,0
63468,0
4126,2
59195,3
15808,0
55247,3
33756,3
84890,0
29913,0
89594,0
1200,0
43723,0
8056,0
36400,1
50192,0
69614,0
70443,1
73839,3
97571,0
82586,2
55989,3
56331,1
1434,0
27780,1
45657,0
64723,2
30693,0
43168,0
3255,3
43132,0
94032,3
75264,0
5972,2
47820,1
78167,2
28268,3
80897,2
54324,0
93093,2
79933,3
63495,2
12076,2
34066,3
76836,0
48233,2
60547,0
16535,0
75323,3
82949,3
72034,0
57959,0
95723,1
93738,0
3273,0
77617,2
18997,0
21136,0
68702,0
2462,0
54550,0
82977,3
58757,2
1385,3
16045,0
74432,0
24770,0
64518,2
7439,0
32387,3
93992,3
80742,0
77494,0
19493,0
73898,0
26343,0
42180,0
33643,0
68062,3
37364,3
34093,0
51905,0
44367,3
40535,2
80233,0
64100,3
31951,3
49677,2
99359,0
33013,3
59132,3
99964,0
15200,0
63252,2
40554,1
67240,3
94710,0
4125,2
99735,3
63795,0
9902,0
48928,2
2481,2
35278,2
56276,0
9655,0
28097,1
1616,0
21751,0
38611,0
46172,0
40929,0
84718,3
12997,3
74567,0
72144,3
15729,1
32937,3
34398,0
61639,0
81042,0
80178,0
97211,0
64047,0
52408,2
37440,0
70009,2
53813,0
82126,0
3936,0
94835,0
68847,0
38367,0
38879,0
33611,0
76813,2
9033,2
95854,0
20843,0
55378,0
91369,0
30643,0
71021,0
98295,0
90207,0
65934,0
73433,1
30972,3
16564,3
84042,2
31969,2
91731,0
5237,0
30074,0
33775,2
8931,2
39964,0
70557,0
9745,1
3178,0
6183,0
62603,0
88986,0
69761,0
40386,2
4128,0
45494,0
73017,0
36857,0
29067,0
44932,0
52034,0
22839,2
26957,2
97847,0
66435,0
39143,2
64372,0
38882,0
65491,3
66476,0
47194,3
73649,2
6543,0
5881,3
57341,3
4631,0
6683,2
14744,1
491,2
40710,0
22474,0
146,2
98054,0
80696,0
83303,0
30094,0
24878,0
33063,2
36376,0
81612,0
99747,3
6989,0
95972,0
43331,3
65074,0
43554,0
39043,0
78738,2
22762,3
88948,3
28074,0
45392,2
56455,0
88110,0
51838,0
48081,0
99915,0
53794,1
18588,0
22326,2
58320,3
18602,0
38462,0
46944,0
97420,2
70160,0
97841,2
28683,0
44230,0
73750,2
86013,0
48885,0
94760,3
41420,0
98751,0
45380,2
13644,0
86090,3
94048,0
23691,0
40377,2
45602,3
40390,3
70468,0
25141,2
85483,0
26158,0
57883,0
58735,2
50758,0
24515,3
87323,1
54541,0
71798,0
71720,0
71511,0
93576,0
64280,0
89055,1
72667,0
77793,2
10921,0
75307,0
98669,0
21549,0
3724,0
98185,0
69453,0
14761,0
89323,2
8765,1
39430,0
28945,0
72039,0
72365,3
4692,2
45594,0
62130,0
8210,1
39547,0
76831,1
68415,3
54858,0
35935,0
876,3
38794,2
45653,3
69792,0
70683,2
59992,2
5839,0
43382,3
49364,0
22715,0
57427,3
41376,2
23137,1
75913,0
36377,0
35038,0
26657,2
59919,0
43987,0
27188,1
24826,0
9809,0
47084,0
43528,1
70248,0
11307,0
79337,2
1424,0
32917,0
81740,1
5341,0
72462,0
61396,0
85966,3
3863,1
54819,0
91223,0
79923,2
8279,3
66185,0
81553,0
97538,0
63014,0
48583,0
39981,0
50195,0
27210,0
55843,2
98103,1
48285,0
24115,0
50417,2
56438,0
57229,0
53062,2
46609,0
92920,3
52350,0
22467,0
19248,0
9207,0
99002,0
63094,0
43890,2
8441,0
10578,3
35470,0
50704,0
84740,0
84914,0
49227,0
65200,0
35569,0
40327,0
70385,0
89685,3
24283,0
47859,0
33770,0
30956,0
27881,0
29492,1
43648,0
19234,2
15559,3
88417,0
39284,0
83877,0
72097,2
44999,0
69485,1
22911,2
22543,0
75642,2
22403,0
15517,0
67515,0
33894,3
6424,2
74976,2
15325,0
44663,0
76452,0
76503,0
17602,3
83911,3
4082,0
98039,0
61076,0
39504,0
45841,3
39028,3
38634,2
60843,3
71783,0
75875,3
67877,3
50462,0
89343,3
50478,2
28230,0
5928,2
89404,2
56619,0
28388,2
28790,2
77459,0
18213,0
41425,0
19814,0
56367,0
58013,0
23793,2
29983,0
43372,0
33837,0
88189,0
34285,1
69717,0
5407,0
75928,0
58794,3
17405,0
39806,3
18648,0
49414,0
91483,3
5047,0
31636,3
64637,0
31418,0
59708,3
10611,0
76226,0
355,0
3561,2
64760,2
86602,0
21223,0
1493,2
16112,2
23116,3
3374,0
32368,0
28441,0
79246,0
44725,2
48967,0
15588,0
69089,2
61899,0
80575,0
1947,0
73587,0
98926,0
96224,0
69309,0
81379,0
36478,0
38897,0
40472,2
74781,0
73984,0
52847,3
10963,1
13358,3
2453,3
68474,0
74482,0
2603,0
75193,0
77831,2
15667,2
682,0
68187,0
25049,0
74228,0
63751,0
63872,3
61065,2
36768,0
13588,0
99115,3
65746,2
13508,2
67848,0
71107,0
82086,2
14593,3
99651,3
74662,0
17781,3
82296,0
86238,0
9714,2
70218,0
26372,3
49482,3
55567,0
80716,0
99149,0
19669,0
98977,0
42018,0
54934,3
65367,0
523,2
18106,3
13819,0
97929,2
77069,0
72465,0
51451,0
26633,3
1404,0
4449,2
16905,1
40294,0
53101,3
32164,0
25424,3
77211,3
87990,0
35368,2
6985,0
8340,2
73330,2
71876,0
99446,3
65184,0
63639,3
73703,0
94269,2
75153,0
65130,2
70633,0
69657,2
39213,0
52678,0
1790,0
37435,3
92547,0
84759,0
62267,1
88217,3
66303,2
78378,0
14723,3
66699,3
13046,0
50421,0
38062,0
42406,0
20267,0
85601,0
57841,0
62092,0
72568,0
48735,0
68342,0
31365,0
94682,0
84290,0
92895,0
28022,0
24428,0
82984,3
79873,0
6924,0
85355,0
26498,0
5050,0
71508,0
74399,3
32465,2
19164,0
64938,0
83859,0
3219,0
84874,0
62697,0
22690,0
94468,0
33334,0
6855,0
45145,0
501,2
84688,0
71901,0
61747,0
70822,0
98402,0
97523,0
73052,0
36975,3
41824,0
38801,2
62922,3
2140,0
74506,0
74111,0
70297,1
25718,0
26340,0
67310,0
91074,0
93586,0
97907,0
10981,1
23560,0
21079,0
52395,2
49955,0
71856,0
31871,0
55607,0
23603,0
1107,2
23022,0
36422,0
77129,0
69631,0
69551,0
90498,2
82443,0
58396,0
98778,2
90845,2
81698,0
56603,0
49441,2
17794,3
527,0
53222,0
45896,0
11660,0
48547,0
44322,0
88780,2
42482,0
98649,2
59879,0
45195,0
1246,0
82976,0
10357,0
91531,0
98529,0
69864,0
96045,0
22563,0
33958,0
28076,1
39725,0
22007,0
22133,3
272,0
94882,0
77909,1
31799,0
67398,0
55285,0
81726,3
83123,0
19942,2
99587,0
13834,3
92309,3
83151,1
95728,1
36791,0
10955,0
58648,0
71517,0
18390,1
82785,0
10587,2
79427,0
74981,3
34005,2
53512,0
32106,0
27213,0
84985,0
90205,0
6974,3
40044,0
44365,2
71427,0
75865,3
721,0
99386,0
4849,0
85391,3
78232,0
6832,0
7994,3
22025,0
94584,0
83575,0
65783,0
4071,0
45659,3
67082,0
95082,0
81472,0
12262,0
76821,0
56466,2
94191,3
63992,3
81099,0
51456,2
62554,2
46272,0
80849,3
73758,0
47228,0
39929,0
20657,3
64805,3
30079,3
96517,1
48289,1
54651,0
56602,0
22725,0
20171,3
2713,1
6034,0
27723,2
82588,0
18540,0
87025,0
34588,0
9300,3
71833,2
48179,0
78225,0
39977,2
43078,0
96429,0
6694,3
51546,0
13507,0
61413,0
19348,0
13917,0
8487,0
24969,0
52491,0
36779,2
23760,2
61903,0
30500,2
35481,2
8134,0
32153,3
11957,2
57817,0
88030,0
21941,3
82570,0
10936,0
59355,3
47290,0
26240,0
96557,3
83065,2
3660,0
6937,0
73362,0
7360,0
23307,0
32977,0
96521,2
17934,3
65782,0
79243,0
40794,0
17754,2
11564,3
34269,0
74979,2
29196,0
24739,1
93527,0
94462,2
70232,1
85494,0
61705,0
71529,2
91564,0
26527,2
65731,0
58506,1
83747,0
74132,2
36599,0
23473,3
70792,3
41556,3
79454,0
7886,3
26475,2
3311,0
40872,0
87768,0
51313,1
20584,0
3355,0
20921,0
11966,3
17709,3
37719,2
32441,0
43244,0
54008,2
28331,0
96333,0
12673,0
26029,0
4934,3
34529,3
55881,3
50236,0
47605,0
90408,0
23619,3
935,2
27891,0
60658,0
92003,3
30979,0
48763,0
33663,0
18176,1
48891,0
94322,2
38971,0
53072,3
1435,3
43815,0
60183,0
60492,0
94586,3
38090,0
36133,0
10911,3
9570,0
87280,0
42545,0
29395,0
59871,2
24329,3
67115,0
94585,0
19920,0
67335,2
88678,3
54157,1
32367,0
59500,3
83577,3
47572,0
139,0
68136,2
35609,2
10274,0
12569,3
25098,1
50870,0
41370,0
33229,0
62087,2
14538,0
38306,2
35026,2
65559,0
45320,0
8842,0
13272,2
64287,3
58295,0
48298,3
116,0
38162,0
16860,0
49292,0
74590,2
29599,0
89433,2
94119,0
88520,0
81230,1
85482,0
80123,0
27402,2
37940,0
24516,3
15425,0
94103,3
34632,0
31682,2
20349,3
88108,0
87268,3
6204,0
23602,0
21764,0
66942,2
97247,3
61278,0
7760,0
13807,0
24795,1
5531,0
16039,2
99174,0
35879,0
86683,0
13590,0
89341,0
51288,0
70834,1
71417,0
17292,3
33951,0
31337,0
86822,0
82784,0
75569,0
19875,0
3119,2
60258,3
46279,0
24064,2
83862,3
95227,3
51803,0
57803,0
47040,0
37160,0
51559,0
86354,0
31446,3
28253,0
9458,0
4467,0
14374,3
71774,0
69174,1
15881,0
59676,0
5902,0
48368,2
69433,0
13246,3
54485,0
31855,2
36754,2
12901,0
82882,0
64845,3
92931,0
94095,2
40297,0
90086,0
48,0
50375,0
70068,3
97347,0
81100,0
59849,0
46072,0
21683,0
92704,0
26741,0
46872,3
76118,0
17728,3
61236,0
3118,0
6708,0
71492,3
97324,0
27071,0
64169,2
87241,2
83259,0
40174,0
61906,0
94552,2
66774,3
60065,0
89755,0
7082,3
94838,0
62127,0
8500,0
29730,3
72119,3
65538,0
80432,0
62863,0
56945,0
99843,3
48646,0
64279,0
97508,2
63611,0
79118,3
79340,2
36674,0
75461,3
67884,2
59590,0
50445,0
22027,0
30057,0
40276,2
80524,0
48312,3
9520,0
70262,0
64761,2
74594,0
63439,3
79529,0
50879,0
31596,0
70583,0
41451,3
43809,3
85307,0
21410,2
12927,2
8682,0
24837,0
10323,0
96861,0
8794,0
12973,0
12836,2
26275,0
12289,1
46819,0
77720,0
71691,2
28576,0
72693,0
59157,0
31756,3
39937,0
86322,3
70729,2
6682,0
82164,3
52604,0
32482,3
13348,0
83074,0
40424,2
43941,3
95982,2
16741,3
1395,0
32774,0
83561,2
16416,0
77501,0
2255,0
20023,0
60963,2
72588,3
36440,0
28548,0
32078,0
19369,0
91080,0
42393,0
61239,0
54733,0
80263,0
850,0
33401,2
11933,0
7249,0
18294,0
21475,1
97465,0
90966,0
18154,3
21045,2
6201,0
59240,0
7780,3
60787,3
88279,0
76592,1
89767,2
17456,2
11008,0
8095,0
14609,0
43342,0
72126,3
11433,2
5526,3
93265,1
62350,0
45982,0
39247,2
35999,0
45806,0
70653,3
69493,0
99589,0
45151,0
59134,2
67195,0
88228,1
82746,0
65616,0
23112,2
7520,0
48511,3
10768,0
34898,1
48080,3
51890,3
48192,3
39820,3
21922,0
92299,0
9695,3
66123,3
63090,3
97896,0
6130,0
92955,0
35090,3
94704,3
32028,0
12990,2
66410,2
94030,0
35282,0
20424,2
16525,2
65011,3
33976,1
81006,0
82330,0
38422,0
35405,0
62717,2
89762,0
15810,0
56,0
19654,0
94464,0
54641,2
4432,3
22429,0
96262,3
73404,0
35828,0
61458,0
42073,0
97980,1
77580,2
47208,3
14843,3
9865,2
64017,0
81296,0
32115,0
31893,0
56851,3
1569,1
70887,0
87260,0
86257,3
90244,0
51435,3
43437,0
41591,2
44980,0
27306,0
38128,3
70880,0
21733,0
22971,0
79461,0
34092,3
33554,0
53621,0
66915,1
75763,3
95063,0
87038,2
3844,0
51900,2
26345,0
9433,0
60253,0
90303,0
45068,3
92053,1
52514,0
79613,3
49112,0
75112,0
84294,0
72063,0
90827,0
92033,2
35087,0
99127,0
77224,3
33509,3
27987,0
63798,0
49683,0
39788,0
28490,0
11430,0
33568,0
67681,0
64473,0
19401,0
83909,0
16265,3
92907,0
4448,0
6905,3
34446,3
63302,0
28405,3
9215,0
46176,3
49695,0
27576,0
5155,2
15813,3
62332,0
32269,0
94310,1
49253,0
48838,2
84304,0
76392,1
80062,2
91887,1
38413,0
81675,1
77233,3
43574,2
2059,0
36228,0
54487,0
16627,0
24346,3
30598,0
2440,0
60707,2
580,2
97675,2
82411,1
76581,0
1182,2
95578,0
42160,0
84679,3
47280,0
22922,2
33417,3
98878,2
41555,0
49936,0
70381,0
35728,3
30646,2
96258,0
52897,2
8172,0
64524,0
10715,0
99239,2
38972,0
92814,2
99297,0
10643,3
41949,0
41015,3
48699,2
68319,2
91339,0
84471,3
92436,0
72474,1
79184,0
67067,0
71354,2
87147,0
4532,3
79844,1
64254,0
80614,2
90391,0
56749,0
66390,0
73015,3
30756,0
86477,2
8242,0
65046,3
56805,0
30275,0
67987,0
53545,0
51217,3
64683,0
24926,0
32340,3
37516,0
14923,0
87935,0
65174,0
60690,0
76264,0
26538,3
59622,0
80195,0
259,2
18076,2
47780,0
90197,1
24278,0
51785,0
36471,0
34534,2
62242,0
35536,0
37533,3
34815,0
28685,0
45112,3
83080,0
86456,0
90623,2
83843,3
93332,0
58479,0
13877,0
7401,0
92899,0
9382,2
76494,3
29710,3
88154,3
29204,3
73525,3
54279,0
4480,1
68602,0
37743,0
22777,0
52520,0
84333,0
81067,3
72885,0
1259,0
75437,3
63901,0
48046,3
59414,2
41868,0
11794,0
66783,3
63298,0
43483,2
59105,0
93584,0
16157,0
52311,0
14061,2
38512,3
39097,3
94428,0
19022,0
99621,0
25401,0
14344,0
27128,2
656,0
6415,0
50780,0
57098,1
10207,0
29809,3
50316,0
40270,0
68685,0
70006,0
60043,0
21168,0
83997,0
20667,0
99037,3
58620,2
34643,3
72141,0
16670,0
56881,3
11547,3
11752,2
35148,2
7864,3
67984,1
99562,0
15151,1
94099,3
60198,2
79416,0
31470,0
49152,0
79624,3
836,0
20409,3
49254,2
92399,0
73556,0
69086,0
27345,0
11750,0
5388,0
82717,0
9717,0
3216,0
71769,0
1028,0
93531,0
40830,0
27575,3
24533,0
23707,0
47831,0
88245,0
80397,0
44145,0
41099,3
2023,0
56719,3
85140,0
58589,3
79166,3
41802,0
32239,3
43668,0
36470,3
45938,0
18138,3
40401,2
46737,3
20177,0
39464,0
72642,2
66205,3
84641,0
90661,0
13523,2
23189,0
83094,0
77597,0
24053,0
92976,3
80170,3
4705,0
35779,3
33772,0
9911,2
27079,0
96242,0
94082,2
45326,0
42071,2
13954,0
14228,0
7858,0
95010,0
49400,0
47731,0
60841,0
97015,0
22855,0
36428,1
53580,0
60251,2
89134,0
219,0
3993,2
17991,0
96582,2
75692,3
54586,0
2859,0
88288,2
61902,0
8084,0
71781,2
75413,2
10902,2
17331,2
91672,2
54713,0
57524,0
87154,0
805,0
80390,0
70389,1
41296,3
72310,1
62082,0
56593,3
22662,0
94919,0
58175,0
43005,0
5463,3
34451,2
26833,3
63427,0
55546,3
59098,0
28814,3
45945,0
77337,0
26836,0
95165,2
91949,0
31779,1
3045,0
61346,0
69068,2
68789,2
47213,0
14326,2
76757,0
81250,0
83601,0
7125,0
15948,3
74657,3
27377,3
71001,0
47554,0
14725,0
47943,0
49686,0
53247,2
74247,3
28510,0
75203,2
66434,0
6667,2
44556,1
52038,0
71114,2
6544,0
94280,0
64121,0
16195,0
23157,0
63363,0
8206,0
88074,0
1075,0
88441,3
79603,2
30283,3
68650,0
36140,0
58416,0
23175,0
66348,3
91804,0
26630,0
13998,0
32788,0
426,3
50247,0
79889,0
75930,2
28779,2
68280,0
61017,0
79252,0
15594,0
97816,0
20242,0
87579,0
20537,0
82223,0
65091,3
17824,0
49889,0
57546,0
39667,0
43552,0
54170,2
76528,3
49711,3
64798,0
92672,0
52024,0
36399,0
31022,0
79050,3
26512,3
85766,0
10580,3
90399,1
8175,3
3611,0
37260,0
5221,2
69207,2
19371,0
78908,0
36852,3
36375,3
99539,2
12430,0
58756,0
18006,0
77472,3
61684,0
84636,2
7866,2
30983,3
78517,2
75868,0
97260,3
38266,0
19056,2
64948,3
94395,0
6368,2
23854,3
78838,3
86092,0
91737,0
36,0
15873,0
62419,0
19455,2
59944,2
17869,0
29340,0
74081,3
309,0
74249,2
70351,2
76832,0
73100,0
386,3
87475,2
57748,2
71118,0
17760,0
11363,3
69468,0
33547,1
51580,0
16826,2
17380,3
35814,1
2857,3
19387,3
75675,0
82664,1
31278,3
81130,3
87691,0
89539,0
99284,0
40016,0
28559,0
70484,3
22389,1
4452,0
78050,0
78806,0
1287,0
85114,0
1605,0
54101,1
71110,0
91391,0
90888,0
88069,0
87661,0
99766,0
577,0
25679,0
38534,0
97233,0
34818,0
2416,0
11310,2
12737,3
82174,0
51620,0
74341,0
41710,0
71976,0
8515,0
52511,3
58818,0
54451,2
27327,2
33774,2
49581,0
23493,0
4416,0
61975,0
6191,0
98277,0
72566,0
55934,1
34962,3
68485,0
88589,1
78071,0
18289,3
56149,2
43531,3
84150,0
54633,3
67902,3
8073,1
3586,0
89422,2
2914,0
56795,0
12543,0
29748,2
75850,0
96374,0
45975,2
8246,3
42891,3
53076,3
68011,0
10794,0
3708,0
23356,3
39170,3
25519,2
77326,0
94531,2
40317,3
62,0
40723,0
22285,0
83879,3
3702,0
55529,0
71966,0
62642,0
87628,0
61090,0
16122,0
71096,3
34565,0
80671,0
90820,3
51875,0
12818,2
13054,0
79271,2
24386,0
18195,0
18806,2
12749,3
64868,0
13446,3
86109,2
20551,0
23516,2
13195,1
26978,3
28932,3
53118,0
61756,0
40190,0
947,0
30219,0
64835,0
15539,0
39881,2
46403,2
62995,0
77775,2
59934,0
69450,0
63502,3
1060,3
11981,3
92048,2
92161,0
64189,0
54020,0
70111,0
2267,0
82370,2
61765,2
12218,0
38015,1
92508,1
23724,0
39921,3
92305,2
49078,0
72424,3
92405,2
93993,0
86926,0
94961,0
18753,3
36567,2
78868,1
2128,2
3035,1
88476,0
19868,3
86041,0
42707,3
3935,3
54382,0
71692,0
34204,2
94762,0
84929,2
37116,3
19120,3
93284,0
96479,0
75399,3
49154,0
1596,2
81156,0
17319,2
56546,3
9110,0
83260,1
81750,3
98972,0
68918,0
49776,0
60943,0
54379,2
17024,3
94911,3
56847,1
29972,0
55103,0
19044,3
70101,3
51866,1
24886,0
39320,0
5209,0
59797,3
83049,0
60358,0
49696,3
75784,3
13719,2
42617,1
39241,0
94688,0
66645,2
370,3
11267,0
197,0
36545,3
8949,0
12886,2
36741,0
14027,0
11431,0
54332,0
80047,0
51950,1
17474,0
60678,0
55962,0
58128,0
42705,3
85216,0
92845,0
42488,0
52728,3
61534,3
85888,3
98112,0
58741,0
84765,3
2646,0
21959,0
93128,3
43088,3
85115,3
37831,2
42923,2
85709,3
58385,0
55637,0
37946,0
98197,0
87567,0
66781,3
57649,2
43155,0
32439,3
91640,0
60031,3
59229,3
27517,0
98944,0
44282,1
53891,0
89834,2
12091,0
95876,0
93387,0
82571,3
81409,0
64897,1
14241,0
73307,0
57145,0
13251,0
1967,0
78641,0
90058,0
90470,3
60345,0
10996,0
2391,2
87208,2
38817,0
16884,3
97034,0
74192,2
54883,1
93048,2
60462,0
25219,3
5009,3
83598,0
48355,0
40237,3
95490,3
28395,2
69940,3
87915,2
8691,0
26067,0
3334,0
71029,3
92998,2
17188,0
38524,0
75997,0
21312,3
54399,0
45349,0
96646,0
50573,0
73718,0
15,0
93539,0
11722,0
27696,0
38842,0
78196,0
42589,3
15136,0
68915,0
60479,0
68359,0
19197,0
93218,0
2858,0
58734,0
93902,2
23069,0
48534,2
97402,0
62103,3
23855,0
46936,3
24701,2
62803,0
54593,0
79300,0
13530,2
26797,0
35945,0
93750,3
85566,3
76097,3
12853,0
76031,0
56984,3
27981,0
18147,0
7110,0
49424,0
29291,2
1271,3
12231,0
53199,3
86385,0
15345,0
20596,3
94166,0
76000,3
11356,0
80303,0
49142,2
95231,2
70477,0
27676,0
30542,0
1935,3
19670,3
37297,0
99266,2
66987,0
24832,0
16152,3
73195,0
95100,2
5627,0
86687,0
48666,0
4212,0
44221,0
13947,0
59995,0
70456,3
81771,0
39268,0
54610,3
39663,0
20251,0
45064,2
13252,2
65702,3
79892,0
7133,2
38810,3
22238,0
7514,3
90602,1
19051,0
23063,0
89666,0
3605,2
45620,0
11004,0
74379,0
11030,0
45694,0
60900,0
93556,0
26365,0
76621,3
87943,0
83408,0
71232,0
94714,0
27778,0
1117,0
19837,3
52417,3
17711,0
66028,1
42708,0
6324,0
63681,2
82877,0
30428,2
47664,0
45575,3
9546,3
57807,0
8160,0
72912,3
784,0
88695,0
47104,0
22615,0
67280,1
45948,3
34882,3
78192,0
76224,2
36821,0
47638,3
14347,3
37344,3
33432,0
61002,0
36010,0
91871,0
81320,3
31981,0
24617,0
72513,0
82237,0
61507,0
3522,0
54705,0
42535,0
84552,0
63934,2
68449,0
47678,0
12211,0
39033,0
80075,0
74501,0
48962,0
18733,3
35077,1
9275,0
11746,0
32163,0
7755,2
40817,0
60936,0
92818,0
82438,3
8628,3
14500,2
48074,0
78369,0
76328,0
99451,2
57159,3
73091,0
3295,0
55708,3
33497,0
34761,3
21706,2
43081,0
10898,3
48162,2
84276,3
6172,0
67655,0
19878,0
204,2
76903,1
44983,0
28816,0
67417,3
28859,0
96840,0
81898,0
74647,3
89929,2
15222,0
40926,0
84114,0
71863,0
5444,0
75381,0
88034,3
25642,0
93335,0
16466,0
81371,0
94623,0
20749,0
11025,1
72941,0
59549,0
97862,3
85446,0
67718,0
15769,2
91229,3
44626,0
42966,0
23025,0
27997,3
18590,0
73248,3
73694,0
11491,0
79535,0
62819,3
71933,3
15834,3
82387,0
6787,0
29584,0
37673,0
30700,0
66382,3
47741,3
86027,2
94102,0
69829,0
41943,0
32812,0
36783,0
99980,0
75517,0
58036,3
46764,0
10565,3
15910,0
6364,2
64448,3
65655,0
50389,1
85633,0
83113,0
95577,3
95176,2
22137,0
49610,0
5178,0
31702,2
18640,1
27597,0
99982,3
87925,3
22630,0
6975,3
33007,2
67833,2
38267,2
65236,3
58067,2
86558,0
74700,2
74553,0
60951,0
79316,2
37984,0
38849,0
46581,2
85845,0
26507,3
43205,0
75983,2
11374,2
91252,2
90036,0
54280,2
49422,0
77351,0
68262,2
85470,0
36300,0
54810,0
92441,0
47226,0
36583,3
5364,0
56741,0
22279,3
48435,2
74250,0
97920,3
2845,0
11461,0
9512,0
6213,0
67713,0
67512,0
85935,0
76560,0
74682,2
57732,0
12087,0
59044,2
80616,3
16171,0
31078,0
49270,0
6248,0
11079,0
58268,0
40079,3
67702,2
28593,0
42908,0
22521,2
14174,2
50162,0
16587,3
65301,3
89075,0
92386,3
69856,0
5319,0
67178,0
68838,0
38737,0
65305,2
48918,0
6557,0
52586,0
64602,3
80862,0
27534,2
81166,3
52927,0
51404,0
57382,0
8998,0
46915,3
35833,3
21556,0
3588,0
31941,1
44643,2
12471,0
9298,0
14238,0
78788,0
46816,0
68806,0
40350,0
16523,0
25014,0
13486,0
38593,0
24927,0
39187,2
12201,0
84777,0
48601,0
12661,3
81561,0
87889,0
90634,0
71151,0
87372,0
62305,3
46309,3
46453,2
43638,0
7061,2
70230,3
38720,0
50625,0
22260,0
86929,0
31534,0
31342,0
57009,0
21912,0
28295,0
88138,0
602,0
65861,0
82844,3
22948,0
33382,0
61276,2
71308,3
3158,3
45158,0
69825,2
96968,0
5428,0
14442,0
32696,3
29574,3
56480,0
92778,0
15979,3
13458,2
34192,0
63819,0
8820,0
59734,2
28192,0
44305,0
13976,2
91463,2
15639,2
40303,0
30596,0
23800,0
49416,3
59564,2
38685,0
31460,3
65202,0
82782,2
77304,0
25617,2
81562,2
74429,0
47499,0
76719,0
43627,0
15453,0
63552,1
14104,0
42434,0
57988,0
23118,3
84330,0
99198,0
33080,0
65329,0
88996,0
22748,3
14966,0
28314,0
11398,3
76972,3
29090,0
88167,2
80896,3
20827,1
8346,2
70869,0
45323,0
80144,3
47398,0
86103,0
68512,0
16089,0
99467,1
83071,0
76208,2
90219,0
84021,3
98602,3
42309,0
4135,0
64621,3
57053,0
64225,0
66874,0
6762,0
49461,3
96512,0
88837,0
10223,3
5200,0
44491,0
84899,0
94182,0
28458,0
94260,1
2158,0
95355,0
23096,0
80367,0
82924,3
12525,0
48163,0
29790,2
50483,3
22051,0
37267,0
12895,3
10835,0
10333,0
39990,3
51513,0
59826,0
69358,0
8821,0
36801,3
38173,1
66467,0
16189,2
60842,0
96564,2
27712,2
2686,3
69962,3
31293,0
11608,0
40184,0
93084,0
42200,0
70706,0
33277,0
60343,0
68203,2
62878,0
41939,2
29922,0
10230,0
49076,0
13492,2
66387,3
81268,0
25482,0
59209,3
27117,0
91131,0
44937,0
62762,2
20343,0
5413,3
90624,2
64261,0
75070,3
60660,0
71688,0
52280,0
99975,0
76818,0
45131,0
73823,3
49447,0
22857,3
74371,3
53679,3
54579,2
40577,0
96200,0
36121,3
65035,0
25743,0
20710,0
29135,3
73424,0
99866,0
83172,2
39556,3
27545,0
22956,2
63797,0
11575,0
40357,3
18943,0
11761,0
2665,2
6758,0
92345,2
45253,0
3696,0
81873,2
14697,0
37737,3
66004,2
3697,2
9039,0
73923,0
40853,0
84983,0
80116,1
48596,0
96147,0
34538,0
92679,0
33768,0
62247,3
15870,0
26780,0
79752,0
98440,0
16121,3
94951,3
67922,0
16883,0
32075,0
88866,0
28150,3
58096,0
33255,0
27934,0
75155,3
16399,0
97119,3
23293,3
76633,2
78896,0
37760,1
15408,0
54773,0
84626,0
68268,3
55905,1
87007,0
68533,0
99602,0
23218,0
97270,0
27203,0
63508,0
95910,0
26013,3
42360,1
30129,0
46631,3
81270,0
57569,3
26467,2
23959,0
67535,0
99790,0
27776,0
50505,1
18770,0
40246,0
57677,1
74402,2
14435,0
48872,0
62245,0
41317,0
49150,0
2404,2
83720,1
78615,0
33526,0
98894,3
10757,0
3508,0
83289,0
97043,2
54892,0
93760,0
40541,0
93759,0
22275,0
3217,0
77667,0
54316,0
12600,2
48423,3
49731,3
252,0
27668,0
93704,0
51379,0
65332,0
38777,3
9372,0
36089,1
59186,2
74508,0
3304,0
63656,0
4740,0
28621,3
55811,0
51793,0
17071,0
4727,3
36535,1
25104,3
37531,0
95306,0
73516,3
52539,0
58646,0
57355,3
81676,2
26572,0
78015,0
7741,0
74003,0
46732,0
11618,0
23701,2
85402,0
70142,0
33233,3
14531,0
71403,0
68110,1
74941,3
20920,0
38005,0
1009,0
48251,0
42367,0
15812,2
27224,0
62929,0
85671,0
81651,3
56070,0
85627,0
51089,0
73816,2
89286,0
93085,0
37701,0
43487,0
77957,0
43787,0
46647,0
53245,0
16213,0
66786,0
34521,0
40374,0
1460,2
89611,2
54889,2
30590,2
98736,0
78727,0
41287,3
87534,2
83312,3
70062,0
21315,3
16351,0
81792,0
53183,0
93038,3
18230,2
56446,2
95769,0
20638,0
15378,0
81299,0
21559,3
32962,0
84780,3
56271,0
74344,0
81684,3
99555,0
97172,3
72805,3
31844,0
55288,1
22693,0
74080,0
94825,3
2676,1
83784,0
23671,3
98584,3
90566,3
77740,1
15510,0
55039,0
43294,0
5031,0
85538,3
41055,0
93082,3
33502,0
99381,0
57112,2
90809,0
91532,3
76212,0
21641,0
21681,0
94534,0
58225,0
1769,1
15826,0
43076,3
61741,0
41471,0
25615,3
76509,0
40615,1
9314,0
68791,0
40099,0
57178,0
59430,3
67565,3
70197,2
10153,3
73295,3
52015,3
87224,0
86340,3
50014,2
65950,3
73949,3
28877,0
89462,0
51961,2
32641,0
16077,0
68632,0
53207,0
14533,3
1969,0
50310,0
11846,0
30839,3
13815,2
67541,0
80952,0
79001,0
31205,0
82360,2
32286,3
89177,0
79825,0
12358,0
19049,0
70662,0
92686,0
57935,3
47964,0
28688,0
71394,3
14523,2
70447,3
93458,2
78592,0
62854,0
59371,0
61062,0
62505,0
80537,0
48833,0
94803,3
80650,0
44992,1
25000,2
5253,0
64631,2
80521,2
97012,1
11455,0
79152,0
66331,0
62663,0
75750,0
16842,0
42243,2
71432,3
75827,0
2771,0
56135,0
81823,3
64009,0
37295,1
99608,0
29494,0
75431,0
14365,0
16504,0
41121,3
59783,0
96680,2
58126,0
82810,0
91938,0
67843,0
46147,0
2265,0
69891,2
87033,0
45600,0
11822,0
10195,0
62687,0
34194,2
22921,3
61925,0
60788,0
63152,0
34505,0
52649,0
74183,2
70204,0
18075,0
82679,0
68133,3
47093,0
6072,0
66611,0
56193,2
45852,0
48449,0
18391,0
69911,0
16250,0
96898,0
91114,0
81111,0
25237,0
78620,1
59340,0
22239,0
19762,0
55917,0
69999,0
43199,2
88090,0
69588,0
2087,0
18679,0
71778,0
68615,0
66839,0
22379,3
80539,0
40910,3
60785,0
48346,0
49921,2
50456,3
36241,0
55861,0
19066,2
69128,0
9928,0
50996,0
93874,0
96964,0
21342,3
72449,2
97829,0
56628,0
10619,2
6516,2
33030,0
68983,0
14586,0
49772,0
75358,0
28397,0
28428,3
70755,0
88851,0
27567,0
70387,0
12474,3
11110,2
5276,3
41453,0
80168,0
51872,0
70043,3
96985,0
69875,0
62613,1
37767,0
54521,0
77895,0
13655,0
22488,2
51960,2
52860,0
86913,3
20097,0
18393,0
63264,3
14270,3
54739,0
17612,3
2887,0
75061,0
77767,0
62244,0
38696,0
21169,0
20429,2
43771,1
95864,0
69073,0
97901,2
49236,0
46430,2
90379,0
1812,0
27954,0
57539,0
30925,2
81796,0
25087,3
97645,0
8453,0
99658,0
1187,2
70491,1
57186,0
98379,2
39402,2
11762,0
95468,0
57726,0
8754,0
80948,3
18507,0
70172,3
40765,0
25144,1
80100,0
54692,0
94479,0
9843,0
93672,2
36441,2
7106,1
41693,2
2559,0
52165,0
13984,0
90083,0
30006,0
44528,0
79813,0
85091,0
79866,2
39894,0
31431,0
69354,3
41504,0
59523,3
34164,0
58482,0
49221,0
21369,2
20756,0
49507,0
73128,0
80978,0
17365,0
68850,0
19204,3
96543,0
72309,0
28287,0
26164,2
11670,0
34982,2
45965,3
58156,3
48701,1
29104,0
77426,3
91130,0
3852,3
48689,2
36503,0
3811,3
96978,0
1577,1
93715,0
8995,0
87526,3
10405,2
39216,0
54400,3
15806,0
40201,0
7081,2
38165,0
12130,2
11921,0
415,0
73625,0
75583,0
25427,0
88769,0
37490,0
60474,3
66463,0
17858,0
16680,0
65464,2
69539,3
21109,0
24366,0
26070,2
94202,0
93905,3
23973,2
50588,1
22423,0
84883,2
46104,0
42546,0
58344,2
9776,0
81669,3
59418,0
59100,0
73067,0
86247,0
57653,0
44948,3
76975,3
58831,0
34438,3
72761,0
82699,0
13460,3
46325,0
39748,0
43202,0
81996,0
24440,2
11031,0
27899,0
24695,0
12942,2
74667,0
69466,0
41936,3
53787,0
78952,3
99655,0
93201,0
32728,3
99456,0
23794,3
82864,0
27268,2
8815,2
61656,2
31405,3
90655,0
76353,0
75794,3
20397,0
47351,3
12837,0
29733,2
18718,0
14404,0
80188,3
77073,3
46137,0
30722,0
18298,0
54965,3
37835,0
6644,0
66027,3
27278,0
54809,3
26950,0
18695,2
42234,0
74684,2
12954,0
60143,0
77007,0
44954,0
50414,3
43258,2
76188,0
37521,0
14123,0
29110,0
74533,3
46465,2
43522,0
69191,0
72463,3
73262,0
79476,3
92886,0
92396,3
68889,0
40680,0
79753,0
50846,0
3959,0
9854,0
6749,1
61970,3
62107,0
50402,0
15191,2
32587,0
34196,3
83614,1
5914,0
22124,3
92784,0
73183,0
43676,0
77590,2
20491,0
8462,0
34409,2
63744,0
66890,0
29341,2
1002,2
46094,0
6809,3
89531,3
46835,0
47855,0
89533,0
92355,3
17592,0
39763,0
5626,0
5454,0
77733,0
44228,2
30289,2
59906,0
92489,0
91628,3
86361,0
9878,2
47457,0
23468,0
19036,3
73685,2
69986,0
69451,3
32297,1
35965,0
81799,0
69978,0
75986,0
89272,0
42721,3
57211,3
79548,0
94223,0
80961,0
55097,0
9422,0
51140,0
67053,0
80268,0
30422,0
27461,0
79940,0
47296,2
83505,0
77582,0
70797,0
17377,0
19927,0
60081,2
80084,0
96585,0
99749,0
90100,0
90477,3
57567,2
10526,0
61777,0
51707,0
22886,0
79371,0
30218,0
41622,0
91110,0
45872,0
81490,3
56208,0
81838,2
87603,0
2984,2
85261,2
56515,0
44585,0
98564,0
47120,0
44546,0
5615,3
77495,2
10766,0
68921,0
34340,0
98583,0
16757,0
15366,0
36787,0
58143,0
52132,3
23143,0
34919,0
5592,3
43837,0
26740,0
45298,3
55021,0
28153,3
79167,0
23399,3
49728,0
61728,0
18983,0
59162,0
31037,0
52460,1
39889,0
66902,0
41677,0
7555,0
91739,3
58306,3
96041,2
94930,0
93566,2
6794,3
55900,3
34208,0
93965,3
60331,0
82840,0
51929,0
37266,3
16428,0
94655,2
37293,0
37263,3
14995,3
51567,0
29963,3
87917,0
37557,0
90039,2
98620,2
13635,3
27866,0
23004,1
87046,0
69344,2
11709,3
59698,0
54909,3
70229,0
86199,0
62447,0
44415,2
47600,0
56179,2
98668,0
6111,0
4819,3
89023,3
36914,0
71233,0
66023,0
37067,0
49674,0
53821,0
77970,0
1114,0
21776,3
63219,1
49837,0
71413,3
54780,1
86375,1
15997,0
20405,3
93621,0
4068,0
91020,0
95717,0
37951,0
85659,0
35169,0
67263,0
78784,0
43383,3
83920,0
20719,0
58546,0
19884,0
54531,0
26593,3
51243,2
18803,0
31990,0
10194,2
92311,0
99190,2
35435,0
64670,0
25262,0
87203,2
72193,0
64601,0
27914,0
48936,0
40928,0
61271,0
32558,0
87631,2
7822,0
91334,2
66637,0
74683,2
34258,3
40791,0
10657,0
29696,0
91299,0
49213,3
49657,0
53883,0
75481,1
49477,3
60386,0
92448,3
74447,0
6231,0
65924,0
60571,0
82902,0
60564,0
82152,0
90302,0
31359,0
35931,0
97791,3
99252,0
51235,0
93206,1
46445,0
832,0
86181,0
33870,0
60450,0
6264,0
56187,0
13519,0
25220,0
85719,3
10324,3
93836,0
89199,0
27434,0
90707,3
80458,2
93386,0
66015,0
49884,2
96343,0
46080,0
37476,0
25021,3
5618,0
43507,3
55741,2
54480,0
82918,0
86272,0
43135,0
72022,0
22726,0
46033,0
58699,2
44952,3
17604,0
58855,0
30670,0
9268,0
12702,0
76537,0
75567,0
49988,0
23679,3
90600,0
28918,0
59507,0
35869,3
48129,2
22583,0
51616,1
42247,3
95396,2
79217,0
40595,0
47029,0
20634,2
1964,0
26259,2
66896,0
27500,3
32173,0
74740,0
29353,0
64774,3
1169,0
44023,3
4512,2
64452,0
7026,3
48717,0
29371,3
73086,3
81874,2
23548,0
31824,0
85317,2
56470,0
92665,0
30256,0
44700,0
59540,0
23865,2
34287,0
30936,2
8771,3
98106,0
38725,3
93060,3
10903,0
46242,0
88797,3
77690,0
53139,0
74916,0
89939,0
39149,0
2303,0
75345,0
48797,2
25782,0
96740,0
35492,0
35327,0
27972,0
98498,2
66110,3
42077,0
17531,3
12319,3
61570,0
86435,2
44155,0
90835,3
6648,0
49327,2
24280,0
62868,0
42739,0
65865,0
68592,0
28500,0
82251,0
62370,0
99045,0
33478,0
64475,0
92534,0
54546,0
82125,0
45858,0
29316,3
62154,0
58685,2
67282,3
50031,0
51990,0
49555,0
52625,0
79075,0
97405,2
30885,0
39348,0
97066,0
90434,2
93190,0
74041,0
39381,0
84257,0
28119,2
24497,0
98594,0
7220,2
79425,0
62936,0
79106,0
23462,0
70841,0
88503,0
27985,3
95661,0
73434,0
94018,2
9211,0
9981,0
50000,3
68246,2
53924,3
70705,0
9097,0
18985,0
30164,3
80942,0
10644,3
54259,0
4138,0
9748,0
79627,0
54056,0
59937,3
34759,3
22951,0
22614,0
32662,0
90643,2
24160,0
67146,0
40837,0
34650,0
52206,0
65831,2
67005,0
17839,2
80949,0
46375,3
70046,0
2483,0
43811,0
72213,0
33351,0
79727,0
70759,2
56781,0
60035,0
90486,2
90419,0
76700,0
96166,0
64554,1
1059,0
83088,0
95946,2
24792,0
71602,0
27059,0
6162,0
19786,0
803,0
1267,0
58902,3
28267,0
70196,0
64185,0
26574,2
50852,3
221,3
93748,3
98580,0
57227,0
47881,2
55351,3
49530,3
46456,3
18797,0
97948,2
28562,0
95974,0
29126,0
55909,3
16785,0
62897,0
61352,1
85528,0
8464,3
81735,3
29818,0
55728,3
16985,0
30147,0
37592,0
27679,0
8728,0
27222,0
61938,0
68487,2
36271,2
72813,0
98951,0
29593,0
45097,3
22745,0
51254,3
41024,3
264,3
78118,0
21742,3
87320,2
70191,0
97703,0
88032,0
87881,2
94967,0
78490,0
63547,2
28748,0
76140,0
29124,0
14963,0
90003,0
50246,0
83245,0
5614,0
64430,2
27603,3
68940,0
53235,0
87530,0
85452,3
14652,0
578,0
48321,2
57849,1
91242,3
23749,0
91835,3
17816,0
69973,0
64420,2
8823,0
72152,0
49018,0
52215,0
90425,0
94461,1
98485,0
60602,3
96386,0
91516,0
38105,0
2634,0
79799,0
49848,0
91917,2
85458,0
75905,0
73843,0
25865,0
40936,2
40592,0
88226,0
22863,0
16550,0
23801,0
41201,0
66600,0
33325,0
66940,3
8629,0
56450,0
34805,3
61773,0
33399,0
43564,1
77460,0
45696,0
18143,3
19229,0
5806,0
63794,0
43572,3
81511,3
29594,0
31467,0
77661,0
45996,3
18051,0
61311,3
64042,0
95715,0
9496,2
45241,0
37861,0
11527,3
41593,0
96538,0
58362,3
31090,2
69522,0
12730,3
49450,0
56195,2
71145,2
13300,2
29409,0
38235,0
55191,2
21439,3
24554,3
31396,2
96474,0
30795,3
62063,0
17190,0
60597,0
94667,3
639,0
56800,0
62251,3
71859,0
26849,2
84774,0
40835,0
55111,3
25089,3
33602,0
56997,2
94145,0
3525,2
54608,0
15827,0
22039,0
48951,0
95806,0
3129,0
50756,0
31027,0
84360,0
67745,0
89912,0
35853,3
15668,2
54035,0
96335,0
3064,0
92608,0
48465,2
49249,1
73554,0
80256,0
51278,3
37847,0
90336,2
74199,3
56860,0
76619,3
20339,0
59343,0
33247,3
34527,0
64507,0
84551,0
65136,3
3492,3
11931,0
39877,0
78811,0
24076,0
8224,3
90188,2
23920,0
10395,2
26591,2
67761,0
87316,0
97431,0
25358,2
80254,0
97195,0
17149,0
21269,2
21057,2
51915,0
24129,3
89180,2
21871,0
53116,0
58091,3
55759,0
44040,2
28896,2
35948,0
21218,3
69996,0
14305,0
84809,0
4540,2
82161,0
19070,0
57307,0
56853,0
84947,0
66821,3
60916,0
53092,2
27654,0
86847,0
6225,3
64617,0
23946,0
10934,0
40702,0
62394,0
24110,2
99195,1
93313,0
67956,0
3846,2
57804,0
5138,3
76165,0
50648,0
90224,3
58687,0
47203,0
88602,0
67930,0
1509,0
66140,0
69664,2
85000,3
96608,3
82667,1
48410,0
9455,0
54873,0
24079,0
92004,0
20025,0
11579,2
40589,0
42576,3
74281,3
59192,0
95581,0
27525,3
64775,0
15653,0
11117,0
85771,0
86989,0
52848,2
91108,0
87159,0
92155,0
51673,0
39444,0
9785,0
19860,3
36004,3
5082,1
52423,0
93657,0
57311,0
80826,0
40970,0
46135,0
47776,0
82587,3
77870,2
93794,0
23487,0
502,0
78857,3
26565,0
8948,0
49481,0
17646,0
94465,3
70774,0
28549,2
82684,0
8859,1
56404,0
97604,0
67839,3
4481,0
29835,0
5436,0
55711,2
4884,0
57446,0
23499,2
23857,2
16823,0
25557,0
23007,0
30676,2
19078,3
82488,0
43779,2
27013,0
65873,0
87105,0
87877,0
23454,0
8170,0
36887,3
91681,0
11799,3
17745,0
45419,0
98123,3
2165,0
94060,2
32580,2
80993,0
64522,0
16686,3
48845,2
55578,0
23327,3
60419,0
13196,0
59635,0
9832,0
69441,1
95229,2
82521,2
87968,0
2628,0
94802,0
53345,2
16693,3
57039,0
80381,0
47681,0
53859,0
17269,0
77565,0
48319,0
80388,0
64370,3
17756,0
87638,0
59001,0
83992,0
2872,0
49813,0
18392,0
37366,3
65404,0
5739,2
19492,0
32375,0
2433,3
29539,2
10762,3
29633,3
70898,0
3731,0
26112,0
2469,0
14507,2
88521,2
39986,0
2553,0
13457,2
882,0
34274,2
96694,0
75516,0
8085,0
28620,0
81374,0
73031,0
51699,0
45046,3
22906,0
75851,0
91762,2
38951,0
85259,0
11090,0
6843,0
82914,1
23292,0
88729,2
73714,0
9018,3
83552,0
10340,0
45780,3
54985,3
17782,0
98921,1
64674,0
99292,3
85911,0
72706,3
11740,0
6052,3
32663,0
48656,0
90124,0
4755,3
73323,0
51744,0
88118,0
77789,3
2779,3
85851,0
97138,2
34370,0
3003,0
73858,0
26635,0
11436,3
36119,2
32734,0
69460,0
1636,0
53628,0
45819,2
68281,0
23521,0
70473,0
84516,0
50807,0
2687,0
99298,0
19123,0
94975,0
3661,3
89060,0
37905,3
79061,0
11033,1
75004,0
18172,2
97733,0
91476,0
39041,0
46579,0
88428,0
11615,3
58940,0
69504,0
98455,0
84862,2
82322,0
20760,0
55753,0
20988,0
26130,0
80317,3
82327,0
25500,3
29910,0
18710,0
10379,0
21964,3
3988,0
92090,2
68480,0
82880,0
79648,0
46964,0
53189,3
95830,1
25842,2
64271,2
39702,0
76163,2
28431,0
97139,0
39454,2
17849,0
8316,0
31105,0
41059,3
48627,0
75665,1
13159,0
45700,0
3346,2
99507,0
28028,3
3829,3
77928,3
44878,0
18543,3
93041,0
17423,2
62889,2
56569,2
36209,0
76054,0
63116,0
73419,0
36150,0
65607,0
85955,2
17715,0
89806,0
42530,3
82507,0
56429,2
23102,2
29672,0
88491,2
94661,2
79688,2
2631,2
27244,3
55742,3
72865,3
41091,3
78773,0
71494,1
77078,3
31795,2
83980,0
53944,0
17290,3
94097,0
96230,0
51760,0
68092,0
41182,3
93797,0
68100,0
82362,0
71579,0
62050,0
94393,2
38843,0
53967,0
44731,2
38156,0
621,0
63197,0
12281,0
1830,0
89006,2
32306,0
9680,0
30502,0
28824,0
16897,3
99609,0
86051,0
31927,0
42190,2
25307,0
22849,0
32652,0
26266,0
69495,0
64285,3
25166,0
74708,0
67508,0
29091,3
21258,3
26061,0
47317,0
10359,0
93855,0
36747,0
52489,2
44280,0
45816,2
61351,3
97704,3
44501,0
47823,0
32409,0
21318,3
80876,0
86028,0
80108,0
28316,0
31360,2
86697,3
31678,0
76729,1
76840,0
9153,0
74329,0
71336,0
17371,0
76796,2
88939,0
10495,0
8977,3
75105,0
67121,2
8941,3
97997,2
26217,0
59429,2
67972,0
28774,0
5384,0
91543,0
51043,0
6546,0
93406,0
34976,2
7733,0
64431,0
19250,0
44997,2
24496,3
43705,1
86309,2
81613,0
40329,0
23099,0
56609,0
68728,0
47977,0
90797,0
8052,2
73909,3
46380,0
84141,3
91085,2
94943,3
69976,0
61450,0
21069,0
32412,0
52163,0
10199,0
10891,0
46644,0
36950,0
81238,0
12228,0
11500,0
44443,3
10598,0
18411,0
39944,0
27024,2
83445,0
87520,2
31892,2
34592,3
85308,0
70744,0
55017,0
33175,0
96207,0
5292,0
82665,3
20859,0
50177,3
15846,3
8032,0
94981,0
91593,0
26220,0
66032,0
17998,0
86206,2
12787,0
75030,0
37286,3
32657,3
35263,0
80103,3
80813,0
49754,3
6521,0
79115,1
22717,0
51196,2
90944,2
36612,0
18898,0
43629,3
26451,0
59604,0
83089,0
1758,0
1196,3
47205,3
31200,0
71379,0
85015,0
88545,3
56206,0
57185,0
90457,2
91220,0
30582,0
55293,3
54847,0
89373,1
85230,2
82375,0
5919,0
62585,0
57013,2
84928,2
35568,0
13646,3
72816,0
61757,0
35131,1
89263,0
55376,0
45322,0
21099,0
86857,0
47805,0
75176,0
15523,3
95831,0
11611,0
36061,3
99242,2
35478,1
54297,2
58250,0
31324,2
18496,2
74321,0
764,2
78643,0
45952,2
56615,0
91282,0
27351,0
83468,0
52018,0
39448,0
96853,0
28557,3
18706,0
73179,0
89836,0
1579,0
81277,0
74997,1
43734,0
34494,2
74248,2
7261,0
72829,3
77827,2
3506,0
4585,0
56269,0
910,0
16738,0
25732,2
15111,2
5622,0
34424,3
44759,3
68995,1
78862,0
67824,2
50085,3
28757,0
69902,3
23276,2
93724,0
68027,0
2843,3
63763,0
63577,1
41237,0
41752,0
6735,0
56160,0
96528,0
42304,0
73034,0
21257,0
65268,0
13086,0
71587,2
82492,0
69277,1
59886,2
12715,0
68681,2
33695,0
50252,0
99110,0
20035,0
64787,0
20670,0
8519,0
56314,0
61840,0
88219,0
4635,0
71993,0
79573,2
12572,0
63028,2
21902,0
14691,0
50337,0
37900,0
26694,0
453,0
88803,0
55698,0
40175,0
17135,0
48343,0
84211,0
19985,0
87976,3
5788,3
41078,0
46806,3
82836,0
81759,0
47854,2
67186,0
31194,0
60632,2
18255,0
76790,0
29551,1
96421,0
7846,0
7939,3
77987,0
7884,0
98171,0
17355,3
92670,0
78295,0
20230,0
78507,0
29663,0
56918,3
97762,0
63286,0
22360,0
66558,0
96320,3
88704,0
15389,3
98342,2
10841,0
14105,0
64812,0
95860,0
49058,0
88665,0
66416,2
54269,0
41212,0
81919,2
73355,0
16209,0
53653,0
53155,0
5911,3
81071,0
35210,0
45516,0
19931,0
79270,0
21434,0
59205,3
92273,2
11793,2
46487,0
72536,0
99660,2
41612,0
42136,3
13078,0
69694,0
29240,0
52615,0
21404,0
47092,1
61061,2
92696,1
52911,0
68140,0
19891,0
92738,0
60872,3
74817,0
91030,0
48993,0
25192,0
24161,3
92180,0
27347,3
41722,0
14798,0
21725,0
19338,0
54504,0
58740,0
71407,3
92614,0
3440,0
18137,0
97196,0
67440,3
80512,0
27613,0
71139,0
41216,0
59950,0
4894,3
16334,2
15208,0
31301,2
27176,3
98970,2
32264,0
77604,0
32622,0
92248,2
45313,0
13808,2
70139,0
43538,3
38263,3
55987,0
45687,0
49376,0
28318,0
20509,3
61285,0
60075,3
73912,2
62339,0
83921,2
24844,0
61668,0
26085,1
85268,0
70251,1
63185,0
83002,0
10708,0
43194,0
2693,0
85759,0
64384,3
63936,2
92743,3
64842,0
6523,3
4190,0
93029,0
68030,0
62708,0
68106,0
62668,0
76992,3
43710,0
15974,0
58607,0
56214,0
17110,2
43457,0
74923,3
64266,0
49211,3
47550,0
86235,0
70542,3
4015,0
28421,0
12653,0
564,2
76270,2
50124,0
20574,0
62835,0
96983,0
60852,0
16748,3
40050,1
12612,0
4075,0
75312,0
83046,0
23228,3
61024,3
61266,3
36893,0
63399,3
26875,2
48715,0
50115,0
1167,3
54301,0
33823,0
57421,0
74926,2
61913,2
21860,3
81972,0
18896,0
4504,0
55140,3
10165,0
86164,0
18093,2
82573,0
39088,0
19699,0
31045,0
86249,3
32489,0
96418,2
33163,0
40894,3
79098,0
57435,0
88192,3
70242,0
51995,0
45554,0
62348,0
42322,0
16578,0
78086,2
64315,0
15807,3
16221,3
70217,0
36972,0
36225,3
80497,3
49186,0
90964,0
17963,0
92201,0
19187,2
56596,0
94936,0
24746,0
70424,2
21850,0
67897,1
8230,3
74830,0
68803,0
95561,0
99315,3
23154,0
6483,0
47201,0
60833,0
45043,0
76435,3
20850,3
76990,0
56476,3
79703,0
2021,0
98823,3
91456,0
61188,0
36343,3
81291,0
46159,2
9592,3
2339,0
20571,0
47899,0
55538,0
39424,3
81780,0
22692,0
39243,1
11444,2
29873,0
77926,0
82624,0
84994,0
36738,0
57036,0
19305,2
38204,3
37481,0
92023,0
15962,1
92905,0
72853,3
21769,3
7863,0
23213,2
5245,3
13883,2
96028,2
67105,0
95869,0
54963,3
98543,0
32633,3
67049,3
6834,0
81802,0
70782,0
95302,0
10258,0
65997,0
51102,0
90784,0
55830,0
31366,0
82235,0
25747,3
4875,0
65397,2
46897,0
44576,0
95373,3
54973,3
49326,0
96925,2
75478,0
69823,0
19290,0
68794,0
78489,1
96502,0
29398,0
4183,0
37648,0
45574,2
22959,0
69727,0
35955,2
37428,0
77465,0
89601,0
64909,0
90300,0
66326,0
94855,0
47689,0
98888,0
79638,0
45059,2
26891,0
81941,3
53724,1
15417,0
14780,0
22633,0
46485,3
52463,0
41165,3
63943,0
97923,0
36162,0
27754,3
4077,0
34213,0
62161,0
34555,0
38056,1
36111,0
58605,0
36100,0
56532,0
95918,0
84801,3
6885,2
76530,3
84286,0
46424,2
275,0
77120,2
42566,0
51131,0
46868,0
34603,0
20556,0
25634,0
33329,0
2286,0
14231,0
21576,3
11784,0
17836,0
81705,3
39076,0
38509,2
25063,0
67705,2
92098,0
66982,0
74171,0
8645,2
92857,2
75506,0
46827,3
3480,0
82696,2
44539,3
48776,0
5770,0
18828,0
90528,0
56501,0
13369,2
77962,0
50345,0
48672,0
83165,0
54336,0
53402,3
87196,0
46618,2
32448,0
11844,2
3400,3
2835,3
3221,0
52968,3
87772,3
37539,0
26852,0
18292,0
29724,3
8158,0
84659,0
11118,0
2999,3
28903,3
22381,0
96408,0
39621,0
99227,2
52370,2
23338,2
72653,0
36832,0
95249,2
87763,0
75633,1
56234,0
84413,2
89194,0
39555,3
79021,0
35183,0
15796,3
24872,0
48367,3
91455,0
58037,3
38474,0
90660,2
48277,2
35316,3
23271,0
23787,3
2466,0
74125,3
80270,2
98107,0
7686,0
63398,0
49266,3
28928,0
45132,0
73635,0
78560,0
62382,0
7200,0
3463,3
45646,3
39957,3
78420,3
671,0
88396,3
70050,0
11261,0
23797,3
97476,1
9360,0
53969,2
49433,2
41795,2
21858,0
4182,0
18452,0
40629,2
70441,0
59845,0
21024,3
42430,3
9169,0
66638,0
46926,3
22109,0
124,0
42137,3
88141,0
96434,0
39197,0
73250,2
91497,3
45807,3
43915,0
68507,2
24285,0
61992,3
89113,0
87236,0
28475,0
45900,3
8138,0
99847,0
64232,0
58611,0
80545,2
29305,0
10741,2
93596,0
99944,0
29339,1
38140,0
88012,2
50579,0
7649,3
47353,0
26127,0
34024,0
42588,2
94466,0
79771,0
29874,2
97831,2
19827,2
60920,0
2853,0
745,3
44835,0
97442,0
77802,0
38648,3
21020,3
14542,0
69308,0
39591,3
97483,0
51306,0
38350,0
23717,0
84531,1
32989,2
10336,2
7767,2
21279,0
1186,3
43094,0
43876,3
17551,2
33838,3
77392,3
26526,3
26377,2
88263,0
85789,3
81887,0
66042,0
51947,2
16524,0
38336,0
29259,0
92063,0
40149,3
40024,3
31734,0
22987,2
2851,0
31489,0
45868,0
73490,3
11863,3
70426,0
84429,3
15083,0
67672,0
56363,0
17648,0
74285,0
70219,0
72681,0
34408,0
95702,0
31394,0
70114,0
62846,3
8314,0
23144,0
5204,0
83214,2
28251,0
41495,3
28327,3
79956,0
49622,0
66283,0
26867,2
35376,0
11278,0
22303,0
45761,0
61833,2
73917,3
80529,0
39647,3
1549,3
32023,0
3996,0
29044,3
31937,2
49351,0
8398,0
86185,3
5827,2
7288,0
53032,3
24465,2
54002,3
82233,0
10846,0
42246,2
44180,0
51933,3
16511,0
53890,0
67362,0
64303,0
33802,0
34707,0
81416,0
83722,0
1400,0
5449,0
61005,0
19410,1
48667,0
65494,0
19394,2
12194,2
39326,0
75716,0
53284,0
18880,3
59258,2
68330,3
97057,0
19152,3
15694,0
45513,2
82177,0
39485,0
88762,0
63077,0
85159,3
71287,0
93468,0
2786,3
36435,0
98278,0
3109,3
9657,0
83472,0
60441,3
46592,0
29122,2
40234,0
47207,0
4250,0
50042,2
92573,0
9438,2
96786,0
91709,3
74936,2
62284,3
4962,0
27033,2
57297,0
60605,0
42404,0
2625,3
75087,3
8219,1
48384,0
40674,3
76120,0
66306,0
46158,3
21569,3
590,3
71322,0
20395,0
78238,3
61578,0
83213,0
65246,0
7369,0
73070,2
82819,3
51056,0
19378,0
97541,3
74769,2
68082,2
49183,1
11028,0
91245,0
97662,0
89046,0
43530,2
92807,2
80447,3
49930,0
75136,0
82460,0
30121,3
78666,0
22880,0
96165,0
81867,0
5309,1
20515,0
18417,1
92774,0
84545,0
20399,3
16460,0
49857,3
95413,0
24174,3
24162,0
86053,0
27424,3
23145,2
42115,3
43971,3
75511,0
74580,0
34058,0
74472,2
19334,0
33818,3
958,0
42541,3
11521,0
25946,0
91931,0
65893,0
61258,0
9407,3
95417,3
85201,3
82716,2
63107,2
58722,3
3606,3
47444,0
13374,0
61750,0
37792,0
14705,0
98856,0
33049,0
60515,3
55277,0
19714,0
38138,0
46332,3
80706,0
87634,2
29108,3
85244,0
35303,0
62193,0
28996,0
91524,2
61594,0
28302,0
26760,3
56287,3
73155,2
95318,0
70697,0
65016,2
95450,0
73607,0
48301,0
18765,3
85841,0
17902,0
29165,0
46027,0
82094,0
27387,0
11497,3
93305,0
69729,3
76447,3
65979,0
52758,0
95020,2
85654,0
13005,1
4469,2
12634,0
43035,0
83500,2
39786,0
17557,0
67008,0
78106,0
28244,0
71236,3
28473,0
18616,3
69569,0
87383,2
23312,3
39727,0
77917,0
63484,0
28263,0
12458,3
26035,0
85375,0
95256,2
80589,0
60525,3
50018,0
76245,0
42577,3
60828,0
69710,0
38756,0
7705,3
70952,0
24256,2
92272,0
15672,3
51205,3
12189,0
19515,0
21829,1
29865,0
3528,2
16874,0
55002,0
68750,0
59593,1
78187,0
94301,0
79877,3
37510,2
12508,0
94406,0
27815,0
5698,0
54010,2
51491,1
95144,0
55282,0
83378,0
49299,0
48839,3
21277,0
47126,0
83882,0
56018,2
63528,2
73272,0
920,2
71712,0
32307,3
33998,0
73040,0
75219,0
72526,0
51845,0
55414,1
24448,0
56934,0
25478,3
10058,0
82298,3
661,2
32189,0
5097,0
40110,0
67506,0
87892,1
20767,0
88201,3
86413,2
95237,0
98795,3
8969,0
22462,0
59737,0
8437,0
42783,3
77935,2
52218,0
9967,2
65631,2
98523,3
82060,0
83109,0
78912,0
5439,0
194,0
90223,0
35881,2
4443,1
2063,0
72336,0
94868,0
15337,0
50002,3
95420,0
17957,2
40009,0
4621,3
35735,0
99169,3
83509,0
60848,0
55419,0
87557,0
61256,3
2736,3
47767,2
76741,0
32753,0
81343,0
19129,0
51258,0
47424,3
41819,2
67952,2
50179,0
9396,0
62647,3
16761,0
83363,3
93249,0
61879,0
70623,0
56990,2
36901,3
33841,3
76916,0
97447,3
14148,0
58311,0
85206,0
5143,0
46039,0
84148,3
47026,0
9698,0
89148,0
38155,0
35334,0
60761,3
84041,0
81660,0
90646,2
83895,2
94023,0
27074,0
47706,0
69401,2
49419,0
38416,2
34048,3
32710,1
63481,0
34387,3
91784,2
12902,3
7432,0
74421,0
94314,0
99686,0
68250,0
88639,0
63080,0
14418,2
58103,0
15103,2
58778,3
58069,0
47926,2
82284,0
89771,0
32793,3
48300,0
36474,0
74246,0
12391,3
4690,0
76976,0
51522,0
53894,0
99069,0
97671,0
37336,2
76232,0
70129,2
20838,0
34056,0
62560,2
33979,3
88255,3
86414,0
63998,0
59003,0
8195,0
30764,3
21617,0
83867,0
35441,3
19915,3
52438,3
19115,3
46350,2
39272,0
30395,0
56028,2
4385,0
64076,0
79197,0
62751,0
77973,2
87685,3
85227,1
50718,0
1777,0
19364,0
13494,0
83597,0
41400,2
27904,0
92569,0
8609,0
31543,0
95532,1
38046,0
22436,0
42742,0
39379,0
88372,0
50233,0
48956,1
88945,1
31900,0
61069,2
40504,2
62976,0
13744,0
68458,2
6754,0
57086,2
2423,0
95406,0
57618,0
47365,0
26124,0
9598,0
75472,2
59088,0
3874,0
76252,0
67303,0
58137,0
6077,0
8785,2
13342,0
41775,0
64482,0
99474,3
35194,0
71874,0
5046,1
61530,0
66070,0
44770,0
21855,0
24955,0
37709,0
77012,3
43357,3
99805,0
59501,0
60546,0
68559,3
31955,3
85073,0
92651,1
66050,2
17844,3
63645,0
40139,0
18285,0
71526,0
61782,0
19580,0
13,2
40225,2
54646,1
83108,0
33731,0
50266,0
72623,0
65904,0
99296,0
89848,2
64542,0
2816,0
80326,0
68576,0
87072,0
86707,0
86587,0
46786,0
73872,0
91097,0
12183,0
41836,0
61584,0
19409,0
45898,0
78414,2
11597,0
12524,2
4234,0
70319,0
40572,0
95268,0
55859,0
5466,2
70125,0
21500,0
73301,0
58825,3
96370,0
52118,1
86251,2
25739,0
12635,0
9474,3
69105,0
23988,0
57864,0
94630,2
77104,0
91393,0
74940,0
37177,0
18559,0
81132,0
96659,0
1921,0
82744,0
45447,0
58224,2
60715,3
34320,0
30797,3
54936,3
78451,0
736,2
72020,2
96499,0
41092,0
94186,0
65197,3
38708,0
93119,0
68729,2
41423,0
14695,0
70077,2
79619,2
73979,0
72375,3
33433,0
6541,0
48782,0
16506,0
81968,0
18793,3
90413,3
12150,0
91083,0
78555,0
66601,0
6041,0
91810,0
30000,0
8366,3
78740,0
59762,0
47137,0
96181,2
81706,0
1355,0
83811,0
76236,2
88738,0
65582,3
13282,1
43872,3
86741,1
77694,2
38753,3
53770,0
70298,2
99842,0
65704,2
27978,0
35002,3
58183,0
47783,3
42371,0
18715,0
37114,3
65915,0
59764,0
10732,2
90794,3
20630,3
1487,3
85941,0
30230,0
95730,0
77864,2
21230,0
46088,2
40406,0
51857,0
20353,0
71291,3
22699,2
48452,0
90765,3
46961,2
7466,0
6969,2
48376,3
39451,0
80404,0
3648,0
73055,0
86188,2
35085,3
80803,0
18175,1
10124,0
28740,3
65045,2
39652,0
24311,0
16784,3
53134,0
97653,0
53705,0
16306,0
90173,1
54716,0
11029,2
54060,0
59823,0
49458,0
6125,0
52055,2
31038,3
61726,0
88539,1
4103,0
50737,3
29662,0
89656,0
23670,0
62616,0
5411,0
77190,2
94850,0
88990,0
83335,1
8379,0
82565,0
61478,0
47584,0
6128,0
78478,0
51787,3
88185,0
73099,0
41105,3
32924,3
44863,0
1463,0
60121,3
33804,0
40648,0
35336,0
11544,2
93359,0
24726,0
45624,0
38044,1
14079,0
95729,0
9644,3
96763,3
28636,0
4789,0
54622,3
82182,0
54820,0
19680,3
2705,0
55322,0
51109,0
44261,1
2375,0
33561,0
22232,0
19821,0
5872,0
50597,0
70372,0
83095,0
13703,0
62159,1
93290,2
79036,2
80714,0
9467,0
96169,0
54764,3
6962,3
68760,3
50351,0
60672,0
72162,2
56662,0
13216,0
39222,3
38819,2
79720,0
41666,0
35459,0
95016,0
70568,0
69855,0
94654,0
153,0
80124,3
38781,0
7512,3
3278,2
41113,3
70317,0
84859,0
98196,0
41675,2
78613,0
99785,3
15155,0
64890,2
72018,0
98258,3
10473,0
35212,3
67191,0
30692,2
96288,0
19780,0
71201,0
13286,0
38280,0
59925,0
47238,2
7431,0
25882,2
928,1
92074,0
96651,3
66912,0
5978,0
19257,0
26991,2
48649,0
21527,0
75723,0
1491,0
8956,0
93775,0
9669,0
75584,0
26535,3
59401,0
35330,2
28754,2
759,0
21603,0
83564,2
72053,0
1130,0
18817,0
96122,2
79792,2
87052,0
20618,0
84092,0
46643,0
55332,3
14428,0
88483,0
64382,0
11409,0
81803,0
58158,0
51930,2
60484,0
17748,3
70884,1
4882,3
45334,0
26095,3
8042,0
6129,0
57210,0
51215,2
20513,0
63974,2
16238,3
32277,0
88543,0
39914,0
38497,3
71054,3
53868,0
15697,0
28411,3
74679,2
40840,0
75434,0
91542,0
91219,0
99698,3
54084,0
33990,0
88458,3
66843,2
98366,1
76679,0
32327,0
83894,1
14475,3
65900,2
99615,0
13404,3
31170,2
61820,2
76487,3
56490,0
87356,1
26295,2
7492,2
90913,0
13431,0
34329,0
53887,0
9006,0
79424,2
89869,2
8816,0
62562,2
17774,0
80010,2
8239,0
70089,0
69525,0
95337,0
33476,2
1651,0
27977,0
83302,2
5448,0
67990,0
60013,2
87029,2
50698,2
8325,0
62528,0
64539,0
622,2
54239,0
6531,0
40311,3
63195,0
62550,0
66847,0
8615,0
86713,0
42473,0
14825,2
45143,0
60914,0
34261,0
94997,0
68186,3
45387,0
90619,3
48042,1
18485,0
1791,0
24544,0
24822,2
56901,0
96298,0
6738,2
83047,3
39045,2
65131,0
29463,0
29929,0
4236,0
77216,0
93235,2
48934,3
5850,0
11075,0
57194,0
88613,0
39901,0
34862,0
66284,0
39278,0
96308,2
31441,0
74024,3
15565,0
95852,0
1611,0
26064,2
98452,3
37309,0
79010,2
96604,0
60889,0
53497,0
7908,0
93533,0
78053,0
82968,0
81257,2
40403,2
82656,3
56339,0
98809,0
46213,0
76988,3
67124,0
4784,0
56145,2
12924,0
84678,0
2818,0
11578,0
84069,0
86880,0
58170,0
56633,0
75416,0
24324,2
52870,0
86767,2
83360,0
13633,0
20771,0
349,0
18767,0
67920,0
15623,0
58579,3
53803,0
79695,2
68351,0
41992,3
89477,3
11955,3
42365,0
42460,0
86807,0
30005,2
46276,0
18879,0
17630,2
52123,0
58901,0
19864,0
6104,0
63583,1
1071,3
50602,0
38859,3
9702,2
18409,0
25731,0
65695,3
45446,3
17003,3
63170,0
34358,0
47225,2
50223,0
31073,3
7557,0
44564,0
36956,0
6144,0
56687,0
44641,0
81160,2
96072,0
65680,0
69350,3
51203,0
5210,0
67355,3
10061,0
28474,0
77728,0
82405,3
44535,0
76923,3
72084,0
55936,0
22932,0
1590,3
59938,0
36455,2
1723,2
76583,0
44593,0
58950,2
13090,0
71716,0
45649,1
73613,0
26573,2
39101,0
94593,0
22991,2
42678,0
5704,0
62987,0
28265,0
58895,3
53135,3
1102,0
5389,0
30555,0
43807,0
36319,0
56725,0
31660,0
89516,0
12696,0
99865,0
71387,3
9904,2
84998,3
33001,3
42913,3
25030,0
41238,3
21270,0
7931,0
85041,0
68864,0
35264,0
41580,0
42953,0
92379,3
37993,2
34367,0
27933,0
99504,3
21474,0
47983,3
51341,0
69326,3
60022,2
70098,0
73835,2
82348,0
53090,0
74607,0
60764,0
9635,2
43191,3
59271,2
83900,3
65944,3
52777,0
70026,0
28105,0
31021,3
9345,0
99182,2
98238,0
30653,3
31185,0
49214,0
20995,0
7695,0
31556,0
16243,0
26569,3
4827,0
82020,3
478,0
19173,3
54697,0
77505,0
36837,0
11326,0
9243,3
32670,0
70269,0
93598,0
56988,0
34660,0
56320,0
54743,0
2774,3
7525,0
68395,0
60687,0
30639,0
55603,0
48679,3
41578,2
70925,0
50651,0
53783,3
34159,0
54791,3
35450,0
49497,0
27108,3
63736,3
75353,0
39413,0
6308,2
73298,0
54862,3
18460,0
76283,0
96359,3
6639,0
22805,0
98519,0
24484,0
14380,3
11293,0
82035,0
31992,0
86774,3
31659,0
67131,0
49539,0
6322,2
60533,0
39641,0
81414,0
44942,3
10861,0
89352,0
5032,0
73346,3
3559,0
34559,0
28223,0
35308,1
41628,0
99898,0
25555,0
24368,0
19331,0
39577,0
42850,0
83600,3
29223,0
60522,2
195,3
56102,0
74811,0
13949,0
96692,0
90343,0
80171,0
96848,0
42964,0
91805,2
93725,0
52961,0
65580,0
63970,0
61410,3
29933,0
91914,2
85059,2
78013,0
66457,0
28159,2
85843,2
57758,1
90674,0
84528,0
33655,0
19092,3
4978,0
79676,3
60368,2
57741,0
3955,0
53965,3
60944,0
20858,2
70918,0
91545,3
81079,0
24495,1
38360,0
62884,0
5089,0
94673,0
60214,3
18330,0
69889,0
86297,2
86225,0
31847,0
12491,0
97496,3
60233,0
25795,0
89025,0
71356,1
47474,2
30316,3
50763,3
92434,2
78622,0
89966,0
88714,0
38728,0
51671,0
26173,2
39587,0
72115,0
22541,0
27768,0
59144,3
66677,0
22024,0
17882,3
40250,0
62477,0
36510,3
59541,0
160,0
27307,3
80647,0
18690,0
36840,3
91847,0
19581,0
32569,1
26216,0
27440,0
60545,3
58244,0
54824,2
52610,0
60335,0
42838,0
28154,2
21914,2
63532,0
66126,2
79589,0
89402,0
31473,0
57353,0
11432,0
7234,0
69778,0
46599,0
10251,0
68547,2
17841,0
47081,3
34601,0
21351,0
23488,0
30783,2
66831,0
11080,0
32907,0
65314,0
61526,0
48272,0
36497,0
60964,2
69979,2
16216,0
98613,3
3139,0
38452,1
52026,0
66030,0
79040,0
65017,2
778,0
6182,0
23831,0
10755,2
61817,0
81194,0
48725,2
29132,0
15161,0
69418,3
99001,2
3766,0
72337,0
99394,3
83405,3
87091,2
84467,1
80460,0
182,3
6333,3
48592,2
36110,3
76178,0
58435,0
99235,2
9836,0
42689,0
91824,0
92135,0
52415,0
83632,1
59852,3
99894,0
37424,0
90248,0
98933,0
29586,0
85289,0
45350,2
69311,0
81647,0
49109,2
80018,1
6434,0
96369,0
93898,0
81158,0
60930,0
83005,0
78227,0
48365,0
54560,0
86728,0
44470,0
45041,0
24218,0
24139,2
9566,0
21972,0
15237,3
81501,0
62410,2
74963,1
77308,2
2545,2
97102,0
79569,0
41289,0
31737,2
86094,0
95627,2
89219,0
35781,0
19703,0
40259,2
8167,3
35730,0
88663,0
38400,0
34062,0
31986,0
28993,3
64268,2
80132,0
34621,0
57162,0
46873,3
91885,2
81929,3
39015,3
8792,0
31675,2
4211,0
42669,0
14637,0
44442,1
99079,0
14137,0
90925,0
72933,0
73943,2
54477,0
29473,3
89714,2
12296,2
60584,0
52691,0
40546,3
23886,2
12974,3
92625,0
12562,2
62119,0
22047,1
23512,3
42813,0
38444,0
73156,0
82738,2
31439,0
73379,0
65621,2
59476,3
94632,0
94219,3
39369,0
18361,2
21447,2
17812,2
4793,0
59663,1
58839,2
323,0
98313,1
94530,0
75460,0
38715,3
62449,0
57101,0
22440,0
4859,0
28984,0
70321,0
63263,0
86038,0
38644,0
74194,0
80612,2
87849,0
4699,0
72404,3
14247,0
27936,3
86390,0
55893,2
90187,2
47100,3
55838,3
13333,0
35444,0
38934,3
5901,0
29351,3
5385,0
49817,3
9332,0
10991,0
6449,0
56277,3
83004,3
15370,3
89150,0
91647,2
76345,0
96309,0
70082,3
56034,0
22465,0
37381,0
22963,0
71443,3
61096,0
44248,3
81361,3
10148,3
69082,2
28834,0
90597,0
68503,0
91837,0
68396,3
32966,0
392,2
83761,0
6366,3
67302,0
82212,0
24696,3
63371,3
82759,3
8674,0
6701,0
79482,0
26440,3
50854,0
29943,0
67862,0
9106,0
83975,2
93233,0
13687,0
29076,0
84215,0
13493,3
22792,3
59302,0
60221,0
65676,0
81245,0
67062,0
61474,2
72769,0
17631,0
71263,3
5432,2
4425,0
45584,1
76297,0
83716,3
17141,0
96951,1
86134,2
87314,0
25334,0
18825,0
82936,0
15050,0
91722,0
93549,0
12389,0
80034,2
63829,0
86746,0
22737,0
37744,0
24034,3
44662,0
61189,0
68991,2
72146,2
38521,0
3760,3
16433,3
75558,3
13419,0
91886,0
45450,3
5119,3
42528,1
39408,0
79392,2
4012,0
89328,0
85430,0
48083,2
74490,0
44630,0
54972,1
8725,0
11149,0
50065,3
62833,1
10409,1
75275,0
39781,0
19245,0
19738,0
77202,0
75991,3
35025,3
90791,0
99120,0
53441,0
77359,3
33354,3
63423,0
66965,3
49838,2
47995,0
58658,2
77201,0
11944,2
73053,0
56046,0
16498,0
93210,1
69482,1
28070,2
32336,0
6548,0
66818,2
96138,1
35457,0
64953,0
30520,0
84105,0
12056,0
29497,3
23136,3
26096,3
69256,2
13745,0
82149,0
83428,0
9491,0
2124,0
62930,2
81559,3
77959,0
89121,0
69076,0
92086,0
15102,0
74072,0
5583,2
94053,0
49113,0
39943,0
66392,0
98308,0
36515,2
53256,0
22790,3
11631,0
10478,0
77626,3
46563,2
23676,0
76542,0
76867,0
4129,0
87633,0
21781,0
19356,3
48056,2
88188,0
36083,2
58509,2
2134,2
69592,0
9464,3
12466,3
54938,0
83478,0
79053,3
53706,0
24151,2
12903,0
3319,0
52161,2
99910,3
56928,0
59110,2
10800,0
90853,0
57770,3
42762,2
5288,0
38310,3
24692,3
99934,0
18894,3
36264,0
57768,0
93075,0
76111,0
66371,0
67829,3
65849,0
20678,0
39875,3
71625,3
65013,3
43180,0
50250,3
26231,2
13454,0
92017,0
40464,0
62376,3
82112,0
79108,0
25181,3
10284,0
89269,0
4177,0
91624,0
30937,0
26207,0
53338,0
17831,0
58609,3
88096,0
84783,3
75510,2
87035,0
78575,0
4861,0
98779,0
33468,3
74894,0
28063,0
54556,0
91515,3
54553,0
9247,0
90304,0
98065,0
47846,0
53009,0
97333,0
19566,0
10087,2
82580,0
41192,0
62240,0
91780,3
56829,3
24573,0
21825,0
57168,0
20428,0
6990,0
45261,0
41861,2
82725,0
46378,0
48880,0
62546,2
73825,0
44581,2
89700,0
92026,0
16136,3
2803,2
21354,0
6008,0
79144,0
9506,0
78367,2
54449,0
56139,0
98725,0
55396,3
80476,0
86258,0
15619,0
33149,0
30911,0
99374,0
5040,3
65284,3
34397,2
56973,2
13972,1
12647,0
23711,0
50482,0
38944,0
74161,0
42654,0
8122,2
34254,0
2400,0
70615,0
61803,3
50821,0
47536,0
92212,0
89805,0
88234,0
96449,2
28225,1
562,2
79347,0
10513,3
39295,2
62453,0
24436,0
67603,0
26191,3
99541,0
44832,0
4576,2
24167,0
10296,3
64756,0
52471,0
96411,0
33852,3
65526,0
56872,1
78635,0
70370,0
13034,3
77198,0
49753,0
7248,0
74319,0
72830,0
20245,0
30349,3
26967,2
77433,0
96578,2
63460,0
71455,0
45476,2
80083,3
54200,2
90685,0
64588,0
14832,0
50248,0
34576,1
85412,0
2619,0
26809,2
6341,0
11969,0
27197,0
51821,3
33464,0
151,0
82262,0
78438,0
91799,0
93540,3
41398,0
1431,0
40013,0
44386,0
49512,0
41258,0
48125,2
48293,3
35502,0
85861,2
66212,0
17980,0
78268,0
56491,2
13541,0
53526,2
80692,0
89081,0
92714,3
81289,2
31237,0
70624,0
84773,0
10014,0
39711,3
74958,3
99117,3
79188,0
23016,0
65943,0
64873,3
36498,0
16429,0
98919,3
94160,2
24259,0
89072,0
36210,2
24773,0
14859,0
35310,0
39399,0
86839,0
99501,2
65185,0
63173,0
30938,0
48985,0
78600,0
90330,2
82688,0
80762,0
16153,0
99412,0
13227,1
51521,0
29938,0
36620,0
95936,2
53107,0
43878,0
11477,0
34354,0
99100,3
825,3
20944,0
23636,0
23492,2
65216,0
98048,0
68924,3
55536,0
58298,0
55262,0
29192,0
83270,3
54745,0
75532,0
48947,0
31846,0
36800,1
69058,0
14119,0
42732,0
30915,0
43368,0
14155,2
77042,3
8769,0
37587,0
41393,3
23826,0
78604,0
61866,2
54524,0
54445,0
85532,0
9365,2
2394,0
85471,3
65140,0
47112,0
73294,0
27697,0
77901,3
23761,0
25422,3
39310,0
68169,0
90140,0
38287,2
27794,0
28329,0
71684,0
74201,3
58618,2
10656,0
60562,0
88732,3
22512,0
66824,0
88759,0
66716,0
5697,0
17702,3
70910,0
70761,0
61946,2
85004,0
44043,0
63395,0
13138,2
22394,0
60890,2
68450,2
70503,2
30015,0
84662,0
3572,0
36475,0
25582,0
63274,0
63575,3
38451,2
78953,0
28214,0
49132,0
99707,2
86653,0
66724,0
49641,2
13564,3
61093,0
91736,0
34719,0
28960,0
56259,0
25887,1
72135,0
16677,2
29681,0
26332,0
65998,3
1894,1
88811,0
32601,0
69904,0
46524,0
83982,3
91177,3
82046,3
84560,3
89602,0
21172,0
13935,0
7823,2
23494,2
42450,0
35219,0
10905,0
44841,0
30,0
42694,0
27415,0
96783,0
37582,0
32619,3
95301,3
1099,0
82246,0
62579,3
66547,0
54246,3
45066,1
25296,0
12113,0
73995,3
92185,3
54498,0
45164,0
23296,0
27742,0
28529,0
7324,3
37705,3
83130,0
19702,0
20352,0
92769,2
7907,3
57602,0
58104,3
81185,0
60884,2
21224,2
13772,0
67564,0
22974,0
25800,0
65459,0
64590,3
14647,3
66838,0
69847,0
14888,0
48034,0
4791,2
57303,3
33279,3
71664,0
65822,3
72646,3
96296,0
68660,0
14730,0
63234,3
16444,0
81650,0
63642,3
87734,0
32871,0
18037,0
90376,0
21834,0
17489,3
50967,0
51796,0
73886,0
30059,0
81391,3
37168,0
49468,3
9900,2
81681,2
58255,0
80841,2
69484,0
1203,0
52937,0
79640,0
334,0
58401,0
26194,2
59188,0
84058,1
37503,0
5673,3
96798,0
50876,2
56463,0
59511,2
70336,0
81599,3
82335,1
41602,3
23697,0
23673,0
45999,2
38982,0
72655,0
31134,0
69926,0
70778,0
322,0
9906,0
35176,0
42570,3
46745,0
61361,0
34169,0
48606,0
69938,0
20776,2
13671,0
21720,2
28467,0
66794,2
48115,1
87420,1
8064,0
17618,0
1554,0
18942,2
54536,3
32643,2
12641,2
88436,0
47934,2
27795,3
70582,0
60819,0
78291,2
11493,3
55911,2
5293,0
64325,3
4858,0
36116,0
92988,3
40811,0
29469,0
98273,0
16207,2
60568,0
41789,2
44730,0
25599,0
38954,0
13355,0
96006,0
93601,0
7435,0
59381,3
49747,0
70812,0
47719,0
66700,0
43683,0
80910,2
93271,0
90776,0
35109,3
76639,0
36467,3
85981,2
96539,2
85031,3
3385,0
46712,3
6109,0
42296,3
49226,0
61308,0
67472,0
26880,0
64453,0
93110,1
49672,0
60168,3
24200,3
25710,0
74954,0
49128,0
91175,0
57938,0
80070,0
32589,0
30483,3
77121,2
41199,0
63608,0
15410,2
34675,0
2952,0
92462,2
79601,1
50898,0
39668,0
46660,0
55167,0
68248,0
57260,0
46136,0
49330,2
24230,0
49321,0
67671,0
10138,0
52859,0
45579,0
80920,0
8251,0
96906,0
79778,0
79484,3
79876,0
51001,0
87527,0
67361,0
10157,1
88604,3
7396,2
85116,0
16068,0
32199,0
28129,2
97471,2
73817,0
9421,0
88084,0
75941,3
35994,2
73967,3
64072,0
53234,1
50354,0
64469,0
55439,0
77836,0
69647,0
35298,0
5335,2
12067,0
74370,0
20433,0
24022,3
5769,0
60404,0
35501,0
43229,0
92575,0
80468,3
76685,0
99666,0
49879,2
85892,0
39344,0
86875,0
10642,0
68013,2
18354,3
6291,2
51543,0
69696,3
57744,0
76280,3
38866,0
41528,0
34466,0
52761,0
72875,0
29901,3
60248,0
39104,3
50353,0
67630,0
9498,2
1242,2
88978,0
73800,0
68620,0
95312,2
18387,3
41906,0
4980,0
36444,2
33291,0
60454,3
31984,0
71125,0
96936,0
61918,3
7143,0
40376,3
44517,0
77026,0
71170,0
33503,0
54672,0
63081,3
38653,2
26735,0
69653,0
94136,0
19090,0
9015,3
45536,0
27658,0
63988,2
19633,0
1362,2
73693,0
80049,0
33905,0
58518,0
75188,3
95671,0
88443,0
14539,0
47523,0
4418,0
9288,1
27335,0
53065,3
28768,2
91960,0
85287,0
44915,1
20140,0
71122,0
41095,0
6785,2
71804,3
75369,0
93720,3
54626,3
64609,0
41129,0
22014,3
31757,0
65807,2
66643,3
14779,0
70853,0
28015,0
25658,0
89654,1
27020,0
61053,3
64978,0
56531,1
93788,0
9249,3
2564,0
80325,0
57941,0
5747,0
55456,0
90258,1
40459,3
38099,1
66487,0
31497,0
86801,2
39693,1
4279,3
8416,2
74412,1
17007,0
39880,3
12241,3
55571,0
91496,0
33484,3
19673,0
57716,0
12529,3
64613,3
9619,0
37914,0
78825,0
2674,0
97303,0
49462,0
22254,2
47556,2
23896,0
63690,0
50743,0
1883,3
67445,0
24885,0
92143,1
35514,2
94805,2
61446,0
81541,0
29363,2
25507,0
8523,0
60430,0
80370,3
33074,2
95357,0
85589,0
87402,1
75985,0
33028,3
5666,0
26289,0
28840,0
18948,0
25466,3
93572,0
98605,0
19258,3
97003,2
53259,0
18915,0
74950,0
75780,0
48379,3
50799,0
61719,2
6416,0
95865,1
40440,2
41606,1
89713,0
67292,3
83194,3
75069,3
94792,0
6196,3
31188,2
97942,0
13206,0
32139,0
75982,0
19665,0
86523,2
86645,0
17062,3
29311,0
55334,0
76777,0
77766,3
11808,0
39334,0
16330,0
99460,0
90877,0
68623,0
99326,0
41970,3
9849,0
13944,0
57014,3
30810,0
81044,0
28555,0
53846,3
8384,2
25301,0
54243,3
56727,0
99711,2
30769,3
51936,0
49957,2
69964,0
74073,0
40868,0
13596,0
97623,3
95304,0
10508,0
18340,3
94436,0
